Entity,Code,Year,Rice - Yield (tonnes per hectare)
Afghanistan,AFG,1961,1.519
Afghanistan,AFG,1962,1.519
Afghanistan,AFG,1963,1.519
Afghanistan,AFG,1964,1.7273002
Afghanistan,AFG,1965,1.7273002
Afghanistan,AFG,1966,1.5180001
Afghanistan,AFG,1967,1.9223001
Afghanistan,AFG,1968,1.9515
Afghanistan,AFG,1969,1.9757
Afghanistan,AFG,1970,1.8119001
Afghanistan,AFG,1971,1.7500001
Afghanistan,AFG,1972,1.9048002
Afghanistan,AFG,1973,2
Afghanistan,AFG,1974,2
Afghanistan,AFG,1975,2.0714
Afghanistan,AFG,1976,2.1333
Afghanistan,AFG,1977,1.9048002
Afghanistan,AFG,1978,2.0381
Afghanistan,AFG,1979,2.1311002
Afghanistan,AFG,1980,2.1728
Afghanistan,AFG,1981,2.2414
Afghanistan,AFG,1982,2.1994
Afghanistan,AFG,1983,2.2581003
Afghanistan,AFG,1984,2.2416003
Afghanistan,AFG,1985,2.2482
Afghanistan,AFG,1986,2.24
Afghanistan,AFG,1987,2
Afghanistan,AFG,1988,1.9056001
Afghanistan,AFG,1989,1.8824002
Afghanistan,AFG,1990,1.9029001
Afghanistan,AFG,1991,1.9364002
Afghanistan,AFG,1992,1.7143002
Afghanistan,AFG,1993,1.7143002
Afghanistan,AFG,1994,1.9000001
Afghanistan,AFG,1995,2.2941003
Afghanistan,AFG,1996,1.9429001
Afghanistan,AFG,1997,2.2222002
Afghanistan,AFG,1998,2.5
Afghanistan,AFG,1999,2
Afghanistan,AFG,2000,2
Afghanistan,AFG,2001,2
Afghanistan,AFG,2002,2.8741002
Afghanistan,AFG,2003,2.9931002
Afghanistan,AFG,2004,2.3744
Afghanistan,AFG,2005,3.0313003
Afghanistan,AFG,2006,3.3750002
Afghanistan,AFG,2007,3.2471004
Afghanistan,AFG,2008,3.2211003
Afghanistan,AFG,2009,3.2250001
Afghanistan,AFG,2010,3.2308002
Afghanistan,AFG,2011,3.2
Afghanistan,AFG,2012,3.4293003
Afghanistan,AFG,2013,3.7268002
Afghanistan,AFG,2014,3.6432002
Afghanistan,AFG,2015,3.7317002
Afghanistan,AFG,2016,4.4723
Afghanistan,AFG,2017,4.6148
Afghanistan,AFG,2018,4.4709
Afghanistan,AFG,2019,4.4766
Afghanistan,AFG,2020,4.4417005
Afghanistan,AFG,2021,4.4065003
Afghanistan,AFG,2022,4.625
Afghanistan,AFG,2023,4.6279
Afghanistan,AFG,2024,5.0619
Africa,OWID_AFR,1961,1.5520339
Africa,OWID_AFR,1962,1.800782
Africa,OWID_AFR,1963,1.9112797
Africa,OWID_AFR,1964,1.8306481
Africa,OWID_AFR,1965,1.7468351
Africa,OWID_AFR,1966,1.7178016
Africa,OWID_AFR,1967,1.865644
Africa,OWID_AFR,1968,1.9009539
Africa,OWID_AFR,1969,1.9571339
Africa,OWID_AFR,1970,1.9220895
Africa,OWID_AFR,1971,1.8835207
Africa,OWID_AFR,1972,1.8974302
Africa,OWID_AFR,1973,1.8490603
Africa,OWID_AFR,1974,1.8937104
Africa,OWID_AFR,1975,1.8960998
Africa,OWID_AFR,1976,1.822438
Africa,OWID_AFR,1977,1.7803812
Africa,OWID_AFR,1978,1.8102832
Africa,OWID_AFR,1979,1.7832553
Africa,OWID_AFR,1980,1.8291286
Africa,OWID_AFR,1981,1.7849859
Africa,OWID_AFR,1982,1.8130891
Africa,OWID_AFR,1983,1.8812354
Africa,OWID_AFR,1984,1.8742231
Africa,OWID_AFR,1985,1.9393816
Africa,OWID_AFR,1986,1.955973
Africa,OWID_AFR,1987,2.0111732
Africa,OWID_AFR,1988,1.913255
Africa,OWID_AFR,1989,2.0124383
Africa,OWID_AFR,1990,2.104117
Africa,OWID_AFR,1991,2.0816739
Africa,OWID_AFR,1992,2.0945656
Africa,OWID_AFR,1993,2.1916232
Africa,OWID_AFR,1994,2.0530932
Africa,OWID_AFR,1995,2.1309018
Africa,OWID_AFR,1996,2.2584896
Africa,OWID_AFR,1997,2.2037504
Africa,OWID_AFR,1998,2.097513
Africa,OWID_AFR,1999,2.3228233
Africa,OWID_AFR,2000,2.3132563
Africa,OWID_AFR,2001,2.2077396
Africa,OWID_AFR,2002,2.1941762
Africa,OWID_AFR,2003,2.267672
Africa,OWID_AFR,2004,2.2714872
Africa,OWID_AFR,2005,2.274214
Africa,OWID_AFR,2006,2.3555512
Africa,OWID_AFR,2007,2.4061053
Africa,OWID_AFR,2008,2.5866868
Africa,OWID_AFR,2009,2.5889206
Africa,OWID_AFR,2010,2.2945104
Africa,OWID_AFR,2011,2.4185145
Africa,OWID_AFR,2012,2.4028406
Africa,OWID_AFR,2013,2.3673964
Africa,OWID_AFR,2014,2.3648784
Africa,OWID_AFR,2015,2.3014016
Africa,OWID_AFR,2016,2.3101544
Africa,OWID_AFR,2017,2.2428133
Africa,OWID_AFR,2018,2.1851275
Africa,OWID_AFR,2019,2.3342183
Africa,OWID_AFR,2020,2.399605
Africa,OWID_AFR,2021,2.3654037
Africa,OWID_AFR,2022,2.3288326
Africa,OWID_AFR,2023,2.3521068
Africa,OWID_AFR,2024,2.3714612
Africa (FAO),,1961,1.552
Africa (FAO),,1962,1.8008001
Africa (FAO),,1963,1.9113002
Africa (FAO),,1964,1.8306
Africa (FAO),,1965,1.7468002
Africa (FAO),,1966,1.7178001
Africa (FAO),,1967,1.8656001
Africa (FAO),,1968,1.9010001
Africa (FAO),,1969,1.9571
Africa (FAO),,1970,1.9221001
Africa (FAO),,1971,1.8835001
Africa (FAO),,1972,1.8974001
Africa (FAO),,1973,1.8491001
Africa (FAO),,1974,1.8937
Africa (FAO),,1975,1.8961
Africa (FAO),,1976,1.8224001
Africa (FAO),,1977,1.7804002
Africa (FAO),,1978,1.8103001
Africa (FAO),,1979,1.7833002
Africa (FAO),,1980,1.8291
Africa (FAO),,1981,1.7850001
Africa (FAO),,1982,1.8131001
Africa (FAO),,1983,1.8812001
Africa (FAO),,1984,1.8742
Africa (FAO),,1985,1.9394001
Africa (FAO),,1986,1.9560001
Africa (FAO),,1987,2.0112
Africa (FAO),,1988,1.9133002
Africa (FAO),,1989,2.0124002
Africa (FAO),,1990,2.1041002
Africa (FAO),,1991,2.0817
Africa (FAO),,1992,2.0946002
Africa (FAO),,1993,2.1916
Africa (FAO),,1994,2.0531
Africa (FAO),,1995,2.1309
Africa (FAO),,1996,2.2585
Africa (FAO),,1997,2.2038002
Africa (FAO),,1998,2.0975
Africa (FAO),,1999,2.3228002
Africa (FAO),,2000,2.3133001
Africa (FAO),,2001,2.2077
Africa (FAO),,2002,2.1942
Africa (FAO),,2003,2.2677
Africa (FAO),,2004,2.2715
Africa (FAO),,2005,2.2742
Africa (FAO),,2006,2.3556
Africa (FAO),,2007,2.4061003
Africa (FAO),,2008,2.5867
Africa (FAO),,2009,2.5889
Africa (FAO),,2010,2.2945
Africa (FAO),,2011,2.4185002
Africa (FAO),,2012,2.4028
Africa (FAO),,2013,2.3674
Africa (FAO),,2014,2.3649
Africa (FAO),,2015,2.3014
Africa (FAO),,2016,2.3102
Africa (FAO),,2017,2.2428002
Africa (FAO),,2018,2.1851003
Africa (FAO),,2019,2.3342001
Africa (FAO),,2020,2.3996003
Africa (FAO),,2021,2.3654
Africa (FAO),,2022,2.3288002
Africa (FAO),,2023,2.3521001
Africa (FAO),,2024,2.3715
Albania,ALB,1961,1.5514001
Albania,ALB,1962,1.6675001
Albania,ALB,1963,2.3599
Albania,ALB,1964,2.3094
Albania,ALB,1965,2.5998
Albania,ALB,1966,2.7363002
Albania,ALB,1967,2.7912002
Albania,ALB,1968,3.0831003
Albania,ALB,1969,3.2698002
Albania,ALB,1970,2.9705002
Albania,ALB,1971,3.1573002
Albania,ALB,1972,3.0000002
Albania,ALB,1973,3.16
Albania,ALB,1974,3.0000002
Albania,ALB,1975,3.3750002
Albania,ALB,1976,3.5000002
Albania,ALB,1977,3.6000001
Albania,ALB,1978,3.7000003
Albania,ALB,1979,3.88
Albania,ALB,1980,3.2500002
Albania,ALB,1981,3.4750001
Albania,ALB,1982,2.9750001
Albania,ALB,1983,3.6111002
Albania,ALB,1984,3.5000002
Albania,ALB,1985,4
Albania,ALB,1986,3.6667001
Albania,ALB,1987,3.2121003
Albania,ALB,1988,2.7594001
Albania,ALB,1989,3.1296003
Albania,ALB,1990,2.3333
Albania,ALB,1991,2.8538003
Albania,ALB,1992,4
Albania,ALB,1993,4.1786003
Algeria,DZA,1961,4.5512004
Algeria,DZA,1962,4
Algeria,DZA,1963,4.4041004
Algeria,DZA,1964,3.8275
Algeria,DZA,1965,2.9105
Algeria,DZA,1966,2.8906002
Algeria,DZA,1967,2.6655002
Algeria,DZA,1968,3.1333003
Algeria,DZA,1969,3.4066002
Algeria,DZA,1970,1.5810001
Algeria,DZA,1971,2.3403
Algeria,DZA,1972,2.0729
Algeria,DZA,1973,2.0057
Algeria,DZA,1974,2.4706001
Algeria,DZA,1975,2.7586002
Algeria,DZA,1976,2.558
Algeria,DZA,1977,2.4719
Algeria,DZA,1978,1.1192
Algeria,DZA,1979,2.5
Algeria,DZA,1980,2.8571002
Algeria,DZA,1981,2.8571002
Algeria,DZA,1982,2.8571002
Algeria,DZA,1983,2.6667001
Algeria,DZA,1984,2.6667001
Algeria,DZA,1985,2.6667001
Algeria,DZA,1986,2.6957002
Algeria,DZA,1987,2.7083
Algeria,DZA,1988,2.7925
Algeria,DZA,1989,2.7925
Algeria,DZA,1990,2.8000002
Algeria,DZA,1991,2.6786003
Algeria,DZA,1992,2.4739
Algeria,DZA,1993,2.3121002
Algeria,DZA,1994,2.1387
Algeria,DZA,1995,1.9615
Algeria,DZA,1996,1.7881
Algeria,DZA,1997,1.5000001
Algeria,DZA,1998,1.5032
Algeria,DZA,1999,1.3983002
Algeria,DZA,2000,1.3101001
Algeria,DZA,2001,1.2371
Algeria,DZA,2002,1.3050001
Algeria,DZA,2003,1.2888001
Algeria,DZA,2004,1.2891
Algeria,DZA,2005,1.3053001
Algeria,DZA,2006,1.2804
Algeria,DZA,2007,1.3407
Algeria,DZA,2008,1.3979001
Algeria,DZA,2009,1.4615
Algeria,DZA,2010,1.5320001
Algeria,DZA,2011,1.6089001
Algeria,DZA,2012,1.6667
Algeria,DZA,2013,1.7778001
Algeria,DZA,2014,1.7778001
Algeria,DZA,2015,1.7939001
Algeria,DZA,2016,1.7827001
Algeria,DZA,2017,1.7939001
Algeria,DZA,2018,1.7901001
Algeria,DZA,2019,1.7889001
Algeria,DZA,2020,1.7927
Algeria,DZA,2021,1.8823001
Algeria,DZA,2022,1.8538002
Algeria,DZA,2023,1.8787
Algeria,DZA,2024,1.8991001
Americas (FAO),,1961,2.0530002
Americas (FAO),,1962,2.0907001
Americas (FAO),,1963,2.0286
Americas (FAO),,1964,2.0039
Americas (FAO),,1965,2.0947
Americas (FAO),,1966,2.0546002
Americas (FAO),,1967,2.1778002
Americas (FAO),,1968,2.1494
Americas (FAO),,1969,2.0522
Americas (FAO),,1970,2.1329
Americas (FAO),,1971,2.0835001
Americas (FAO),,1972,2.1877
Americas (FAO),,1973,2.1881
Americas (FAO),,1974,2.3076003
Americas (FAO),,1975,2.3384001
Americas (FAO),,1976,2.1603003
Americas (FAO),,1977,2.2217
Americas (FAO),,1978,2.2424
Americas (FAO),,1979,2.3492
Americas (FAO),,1980,2.4167001
Americas (FAO),,1981,2.4615002
Americas (FAO),,1982,2.5633001
Americas (FAO),,1983,2.4247
Americas (FAO),,1984,2.6801002
Americas (FAO),,1985,2.8914
Americas (FAO),,1986,2.7502
Americas (FAO),,1987,2.6781
Americas (FAO),,1988,2.9119
Americas (FAO),,1989,3.0970001
Americas (FAO),,1990,3.0959
Americas (FAO),,1991,3.3126001
Americas (FAO),,1992,3.2611003
Americas (FAO),,1993,3.3116002
Americas (FAO),,1994,3.5386002
Americas (FAO),,1995,3.5760002
Americas (FAO),,1996,3.8637002
Americas (FAO),,1997,4.0102
Americas (FAO),,1998,3.8089
Americas (FAO),,1999,4.1732006
Americas (FAO),,2000,4.1472006
Americas (FAO),,2001,4.4495
Americas (FAO),,2002,4.499
Americas (FAO),,2003,4.4552
Americas (FAO),,2004,4.6431003
Americas (FAO),,2005,4.4728003
Americas (FAO),,2006,4.8828
Americas (FAO),,2007,4.9233003
Americas (FAO),,2008,5.1305003
Americas (FAO),,2009,5.1942005
Americas (FAO),,2010,5.0016003
Americas (FAO),,2011,5.3182006
Americas (FAO),,2012,5.4002004
Americas (FAO),,2013,5.4791
Americas (FAO),,2014,5.7158003
Americas (FAO),,2015,5.951
Americas (FAO),,2016,5.821
Americas (FAO),,2017,5.959
Americas (FAO),,2018,6.1237006
Americas (FAO),,2019,6.0426
Americas (FAO),,2020,6.3337007
Americas (FAO),,2021,6.3795004
Americas (FAO),,2022,6.1962004
Americas (FAO),,2023,6.4610004
Americas (FAO),,2024,6.3992004
Angola,AGO,1961,1.1600001
Angola,AGO,1962,1.2105
Angola,AGO,1963,1.25
Angola,AGO,1964,1.3000001
Angola,AGO,1965,1.3913001
Angola,AGO,1966,1.3636
Angola,AGO,1967,1.4865
Angola,AGO,1968,0.68850005
Angola,AGO,1969,1.0630001
Angola,AGO,1970,1.1980001
Angola,AGO,1971,1.2632
Angola,AGO,1972,0.92490005
Angola,AGO,1973,1.3205
Angola,AGO,1974,1.1186
Angola,AGO,1975,1.3333001
Angola,AGO,1976,1
Angola,AGO,1977,1
Angola,AGO,1978,1
Angola,AGO,1979,0.9286
Angola,AGO,1980,0.91670007
Angola,AGO,1981,0.9091
Angola,AGO,1982,0.9091
Angola,AGO,1983,0.88890004
Angola,AGO,1984,0.88890004
Angola,AGO,1985,0.83330005
Angola,AGO,1986,0.83330005
Angola,AGO,1987,0.66670007
Angola,AGO,1988,0.66670007
Angola,AGO,1989,0.75000006
Angola,AGO,1990,0.95120007
Angola,AGO,1991,1
Angola,AGO,1992,0.91420007
Angola,AGO,1993,0.8
Angola,AGO,1994,0.87500006
Angola,AGO,1995,1.4615
Angola,AGO,1996,1.7500001
Angola,AGO,1997,2
Angola,AGO,1998,2
Angola,AGO,1999,1.4235001
Angola,AGO,2000,1.3454001
Angola,AGO,2001,1.3701
Angola,AGO,2002,1.3198001
Angola,AGO,2003,1.3768001
Angola,AGO,2004,1.1584
Angola,AGO,2005,0.6977
Angola,AGO,2006,0.49470004
Angola,AGO,2007,0.5143
Angola,AGO,2008,0.5084
Angola,AGO,2009,0.6028
Angola,AGO,2010,0.7403
Angola,AGO,2011,0.89140004
Angola,AGO,2012,0.77030003
Angola,AGO,2013,1.2744001
Angola,AGO,2014,1.4064001
Angola,AGO,2015,1.5068002
Angola,AGO,2016,1.5295001
Angola,AGO,2017,0.86380005
Angola,AGO,2018,1.1523001
Angola,AGO,2019,1.1931
Angola,AGO,2020,1.2375001
Angola,AGO,2021,1.2266
Angola,AGO,2022,1.2323002
Angola,AGO,2023,2.4761002
Angola,AGO,2024,2.8155
Argentina,ARG,1961,3.2391002
Argentina,ARG,1962,3.4357002
Argentina,ARG,1963,3.4073002
Argentina,ARG,1964,3.5172002
Argentina,ARG,1965,3.9423003
Argentina,ARG,1966,3.5324001
Argentina,ARG,1967,3.5096002
Argentina,ARG,1968,3.9958003
Argentina,ARG,1969,3.9429002
Argentina,ARG,1970,3.9941003
Argentina,ARG,1971,3.7306004
Argentina,ARG,1972,3.5379
Argentina,ARG,1973,3.3965
Argentina,ARG,1974,3.821
Argentina,ARG,1975,3.7946002
Argentina,ARG,1976,3.5407002
Argentina,ARG,1977,3.532
Argentina,ARG,1978,3.2632
Argentina,ARG,1979,3.0469
Argentina,ARG,1980,3.236
Argentina,ARG,1981,3.5000002
Argentina,ARG,1982,3.8486004
Argentina,ARG,1983,3.6602
Argentina,ARG,1984,3.7419
Argentina,ARG,1985,3.6782002
Argentina,ARG,1986,3.8849
Argentina,ARG,1987,3.9185002
Argentina,ARG,1988,4.181
Argentina,ARG,1989,4.6711
Argentina,ARG,1990,3.6709
Argentina,ARG,1991,4.0294
Argentina,ARG,1992,5.2075005
Argentina,ARG,1993,4.3559003
Argentina,ARG,1994,4.2989
Argentina,ARG,1995,5.0306005
Argentina,ARG,1996,5.1031003
Argentina,ARG,1997,5.3703003
Argentina,ARG,1998,4.7762003
Argentina,ARG,1999,5.7337003
Argentina,ARG,2000,4.7798
Argentina,ARG,2001,5.7495003
Argentina,ARG,2002,5.7197003
Argentina,ARG,2003,5.4002004
Argentina,ARG,2004,6.2661004
Argentina,ARG,2005,6.0165005
Argentina,ARG,2006,7.0610003
Argentina,ARG,2007,6.5604
Argentina,ARG,2008,6.8278003
Argentina,ARG,2009,6.8842006
Argentina,ARG,2010,5.7646003
Argentina,ARG,2011,6.7901006
Argentina,ARG,2012,6.6617007
Argentina,ARG,2013,6.7187004
Argentina,ARG,2014,6.5042005
Argentina,ARG,2015,6.6989
Argentina,ARG,2016,6.7632003
Argentina,ARG,2017,6.5083003
Argentina,ARG,2018,6.9030004
Argentina,ARG,2019,6.4919004
Argentina,ARG,2020,6.5996003
Argentina,ARG,2021,7.2662005
Argentina,ARG,2022,6.5697007
Argentina,ARG,2023,6.7237005
Argentina,ARG,2024,6.6236005
Asia,OWID_ASI,1961,1.8584746
Asia,OWID_ASI,1962,1.878934
Asia,OWID_ASI,1963,2.053299
Asia,OWID_ASI,1964,2.106697
Asia,OWID_ASI,1965,2.0320222
Asia,OWID_ASI,1966,2.0800984
Asia,OWID_ASI,1967,2.1731212
Asia,OWID_ASI,1968,2.2382424
Asia,OWID_ASI,1969,2.2627654
Asia,OWID_ASI,1970,2.3991437
Asia,OWID_ASI,1971,2.381103
Asia,OWID_ASI,1972,2.33449
Asia,OWID_ASI,1973,2.4737582
Asia,OWID_ASI,1974,2.435574
Asia,OWID_ASI,1975,2.5375829
Asia,OWID_ASI,1976,2.4819512
Asia,OWID_ASI,1977,2.6124508
Asia,OWID_ASI,1978,2.7341683
Asia,OWID_ASI,1979,2.6974099
Asia,OWID_ASI,1980,2.7916076
Asia,OWID_ASI,1981,2.8798807
Asia,OWID_ASI,1982,3.044729
Asia,OWID_ASI,1983,3.217664
Asia,OWID_ASI,1984,3.3035784
Asia,OWID_ASI,1985,3.3179374
Asia,OWID_ASI,1986,3.31547
Asia,OWID_ASI,1987,3.3493981
Asia,OWID_ASI,1988,3.4086933
Asia,OWID_ASI,1989,3.5395997
Asia,OWID_ASI,1990,3.6072333
Asia,OWID_ASI,1991,3.6083786
Asia,OWID_ASI,1992,3.6821635
Asia,OWID_ASI,1993,3.7078087
Asia,OWID_ASI,1994,3.7518513
Asia,OWID_ASI,1995,3.7298186
Asia,OWID_ASI,1996,3.7582788
Asia,OWID_ASI,1997,3.878155
Asia,OWID_ASI,1998,3.8776174
Asia,OWID_ASI,1999,3.964037
Asia,OWID_ASI,2000,3.938772
Asia,OWID_ASI,2001,4.007849
Asia,OWID_ASI,2002,3.9303613
Asia,OWID_ASI,2003,4.012435
Asia,OWID_ASI,2004,4.0849633
Asia,OWID_ASI,2005,4.1673217
Asia,OWID_ASI,2006,4.1960707
Asia,OWID_ASI,2007,4.2834334
Asia,OWID_ASI,2008,4.381399
Asia,OWID_ASI,2009,4.3900676
Asia,OWID_ASI,2010,4.4249682
Asia,OWID_ASI,2011,4.555651
Asia,OWID_ASI,2012,4.6521897
Asia,OWID_ASI,2013,4.645112
Asia,OWID_ASI,2014,4.660641
Asia,OWID_ASI,2015,4.7063856
Asia,OWID_ASI,2016,4.724964
Asia,OWID_ASI,2017,4.7587156
Asia,OWID_ASI,2018,4.8515334
Asia,OWID_ASI,2019,4.886547
Asia,OWID_ASI,2020,4.867172
Asia,OWID_ASI,2021,4.9405293
Asia,OWID_ASI,2022,4.9422293
Asia,OWID_ASI,2023,4.997053
Asia,OWID_ASI,2024,4.9893904
Asia (FAO),,1961,1.8585001
Asia (FAO),,1962,1.8789002
Asia (FAO),,1963,2.0533001
Asia (FAO),,1964,2.1067
Asia (FAO),,1965,2.032
Asia (FAO),,1966,2.0801003
Asia (FAO),,1967,2.1731002
Asia (FAO),,1968,2.2382
Asia (FAO),,1969,2.2628002
Asia (FAO),,1970,2.3991003
Asia (FAO),,1971,2.3811002
Asia (FAO),,1972,2.3345
Asia (FAO),,1973,2.4738002
Asia (FAO),,1974,2.4356003
Asia (FAO),,1975,2.5376003
Asia (FAO),,1976,2.482
Asia (FAO),,1977,2.6125002
Asia (FAO),,1978,2.7342
Asia (FAO),,1979,2.6974
Asia (FAO),,1980,2.7916002
Asia (FAO),,1981,2.8799
Asia (FAO),,1982,3.0447001
Asia (FAO),,1983,3.2177
Asia (FAO),,1984,3.3036003
Asia (FAO),,1985,3.3179
Asia (FAO),,1986,3.3155003
Asia (FAO),,1987,3.3494
Asia (FAO),,1988,3.4087002
Asia (FAO),,1989,3.5396004
Asia (FAO),,1990,3.6072001
Asia (FAO),,1991,3.6084
Asia (FAO),,1992,3.6822002
Asia (FAO),,1993,3.7078001
Asia (FAO),,1994,3.7519002
Asia (FAO),,1995,3.7298002
Asia (FAO),,1996,3.7583003
Asia (FAO),,1997,3.8782
Asia (FAO),,1998,3.8776002
Asia (FAO),,1999,3.9640002
Asia (FAO),,2000,3.9388003
Asia (FAO),,2001,4.0078
Asia (FAO),,2002,3.9304001
Asia (FAO),,2003,4.0124
Asia (FAO),,2004,4.085
Asia (FAO),,2005,4.1673
Asia (FAO),,2006,4.1961
Asia (FAO),,2007,4.2834
Asia (FAO),,2008,4.3814
Asia (FAO),,2009,4.3901005
Asia (FAO),,2010,4.425
Asia (FAO),,2011,4.5557003
Asia (FAO),,2012,4.6522
Asia (FAO),,2013,4.6451
Asia (FAO),,2014,4.6606
Asia (FAO),,2015,4.7064
Asia (FAO),,2016,4.7250004
Asia (FAO),,2017,4.7587004
Asia (FAO),,2018,4.8515
Asia (FAO),,2019,4.8865004
Asia (FAO),,2020,4.8672004
Asia (FAO),,2021,4.9405003
Asia (FAO),,2022,4.9422007
Asia (FAO),,2023,4.9971004
Asia (FAO),,2024,4.9894
Australia,AUS,1961,5.9
Australia,AUS,1962,6.8443003
Australia,AUS,1963,6.2981005
Australia,AUS,1964,6.0737004
Australia,AUS,1965,6.3365
Australia,AUS,1966,7.1755004
Australia,AUS,1967,7.4074
Australia,AUS,1968,7.4175005
Australia,AUS,1969,7.9238
Australia,AUS,1970,6.2274003
Australia,AUS,1971,7.3918
Australia,AUS,1972,6.1281004
Australia,AUS,1973,6.8514004
Australia,AUS,1974,6.0591
Australia,AUS,1975,5.1216
Australia,AUS,1976,5.5719004
Australia,AUS,1977,5.7585
Australia,AUS,1978,5.3557005
Australia,AUS,1979,6.2792006
Australia,AUS,1980,5.2697005
Australia,AUS,1981,7.1698003
Australia,AUS,1982,6.748
Australia,AUS,1983,6.7532005
Australia,AUS,1984,5.326
Australia,AUS,1985,7.0936003
Australia,AUS,1986,6.4750004
Australia,AUS,1987,5.7247005
Australia,AUS,1988,7.2201004
Australia,AUS,1989,8.299001
Australia,AUS,1990,8.8
Australia,AUS,1991,8.842701
Australia,AUS,1992,8.8346
Australia,AUS,1993,7.6400003
Australia,AUS,1994,8.153701
Australia,AUS,1995,8.800301
Australia,AUS,1996,6.354
Australia,AUS,1997,8.326301
Australia,AUS,1998,9.4256
Australia,AUS,1999,9.1615
Australia,AUS,2000,8.2573
Australia,AUS,2001,9.3071
Australia,AUS,2002,8.258
Australia,AUS,2003,9.5578
Australia,AUS,2004,8.330501
Australia,AUS,2005,6.6168003
Australia,AUS,2006,9.8176
Australia,AUS,2007,8.2609005
Australia,AUS,2008,7.5988
Australia,AUS,2009,8.460901
Australia,AUS,2010,10.389501
Australia,AUS,2011,9.5441
Australia,AUS,2012,8.909801
Australia,AUS,2013,10.217701
Australia,AUS,2014,10.682701
Australia,AUS,2015,9.9103
Australia,AUS,2016,10.288901
Australia,AUS,2017,9.8208
Australia,AUS,2018,10.386001
Australia,AUS,2019,8.771001
Australia,AUS,2020,10.0308
Australia,AUS,2021,9.382
Australia,AUS,2022,11.054501
Australia,AUS,2023,9.516201
Australia,AUS,2024,11.914401
Azerbaijan,AZE,1992,0.72920007
Azerbaijan,AZE,1993,0.9461
Azerbaijan,AZE,1994,1.0059
Azerbaijan,AZE,1995,1.9890001
Azerbaijan,AZE,1996,3.6917002
Azerbaijan,AZE,1997,4.6082006
Azerbaijan,AZE,1998,4.8046002
Azerbaijan,AZE,1999,4.4415
Azerbaijan,AZE,2000,5.0191
Azerbaijan,AZE,2001,4.8495
Azerbaijan,AZE,2002,4.6532006
Azerbaijan,AZE,2003,4.7042003
Azerbaijan,AZE,2004,3.9810002
Azerbaijan,AZE,2005,3.5903003
Azerbaijan,AZE,2006,4.2375
Azerbaijan,AZE,2007,3.3886003
Azerbaijan,AZE,2008,2.7973
Azerbaijan,AZE,2009,2.5279
Azerbaijan,AZE,2010,2.3963
Azerbaijan,AZE,2011,2.0947
Azerbaijan,AZE,2012,2.2249
Azerbaijan,AZE,2013,2.2808
Azerbaijan,AZE,2014,2.4646003
Azerbaijan,AZE,2015,2.3696003
Azerbaijan,AZE,2016,2.1538002
Azerbaijan,AZE,2017,3.1189
Azerbaijan,AZE,2018,2.9684
Azerbaijan,AZE,2019,2.7613
Azerbaijan,AZE,2020,3.1314
Azerbaijan,AZE,2021,3.2960002
Azerbaijan,AZE,2022,3.4242
Azerbaijan,AZE,2023,4.6515
Azerbaijan,AZE,2024,5.3127003
Bangladesh,BGD,1961,1.7005001
Bangladesh,BGD,1962,1.5302
Bangladesh,BGD,1963,1.769
Bangladesh,BGD,1964,1.7070001
Bangladesh,BGD,1965,1.6827
Bangladesh,BGD,1966,1.5827
Bangladesh,BGD,1967,1.6944001
Bangladesh,BGD,1968,1.7466
Bangladesh,BGD,1969,1.7459002
Bangladesh,BGD,1970,1.6862
Bangladesh,BGD,1971,1.6022
Bangladesh,BGD,1972,1.5716001
Bangladesh,BGD,1973,1.8083001
Bangladesh,BGD,1974,1.7289001
Bangladesh,BGD,1975,1.8531001
Bangladesh,BGD,1976,1.7839001
Bangladesh,BGD,1977,1.9398001
Bangladesh,BGD,1978,1.9385
Bangladesh,BGD,1979,1.8809001
Bangladesh,BGD,1980,2.0197
Bangladesh,BGD,1981,1.9545001
Bangladesh,BGD,1982,2.0145001
Bangladesh,BGD,1983,2.2345002
Bangladesh,BGD,1984,2.1454
Bangladesh,BGD,1985,2.1693
Bangladesh,BGD,1986,2.1783001
Bangladesh,BGD,1987,2.2399
Bangladesh,BGD,1988,2.2805002
Bangladesh,BGD,1989,2.5562
Bangladesh,BGD,1990,2.5661001
Bangladesh,BGD,1991,2.6277
Bangladesh,BGD,1992,2.7253
Bangladesh,BGD,1993,2.7247
Bangladesh,BGD,1994,2.6032
Bangladesh,BGD,1995,2.5858002
Bangladesh,BGD,1996,2.7557
Bangladesh,BGD,1997,2.6859
Bangladesh,BGD,1998,2.7683003
Bangladesh,BGD,1999,3.2024
Bangladesh,BGD,2000,3.3959
Bangladesh,BGD,2001,3.4470003
Bangladesh,BGD,2002,3.4683
Bangladesh,BGD,2003,3.5773003
Bangladesh,BGD,2004,3.5359
Bangladesh,BGD,2005,3.7623003
Bangladesh,BGD,2006,3.8021002
Bangladesh,BGD,2007,3.8342001
Bangladesh,BGD,2008,4.1992006
Bangladesh,BGD,2009,4.1884003
Bangladesh,BGD,2010,4.3154
Bangladesh,BGD,2011,4.4068
Bangladesh,BGD,2012,4.4213
Bangladesh,BGD,2013,4.5142
Bangladesh,BGD,2014,4.5572004
Bangladesh,BGD,2015,4.5815
Bangladesh,BGD,2016,4.6113
Bangladesh,BGD,2017,4.6374
Bangladesh,BGD,2018,4.7136
Bangladesh,BGD,2019,4.7874002
Bangladesh,BGD,2020,4.7939
Bangladesh,BGD,2021,4.8664002
Bangladesh,BGD,2022,4.9804
Bangladesh,BGD,2023,5.2072005
Bangladesh,BGD,2024,5.2906003
Belize,BLZ,1961,0.726
Belize,BLZ,1962,0.66020006
Belize,BLZ,1963,0.96690005
Belize,BLZ,1964,1.1794001
Belize,BLZ,1965,0.919
Belize,BLZ,1966,0.7663
Belize,BLZ,1967,0.77790004
Belize,BLZ,1968,1.6070001
Belize,BLZ,1969,2.0618002
Belize,BLZ,1970,1.9679002
Belize,BLZ,1971,1.4624001
Belize,BLZ,1972,1.7213001
Belize,BLZ,1973,2.5318003
Belize,BLZ,1974,1.8533001
Belize,BLZ,1975,1.0903001
Belize,BLZ,1976,1.4697
Belize,BLZ,1977,2.4968002
Belize,BLZ,1978,2.4144
Belize,BLZ,1979,2.3883002
Belize,BLZ,1980,2.6290002
Belize,BLZ,1981,2.7266002
Belize,BLZ,1982,2.3752
Belize,BLZ,1983,2.5857
Belize,BLZ,1984,2.2508001
Belize,BLZ,1985,2.2749
Belize,BLZ,1986,2.8784
Belize,BLZ,1987,2.5517
Belize,BLZ,1988,2.7755
Belize,BLZ,1989,1.2117
Belize,BLZ,1990,1.4419001
Belize,BLZ,1991,1.2896
Belize,BLZ,1992,2.2756002
Belize,BLZ,1993,2.1874
Belize,BLZ,1994,1.5005001
Belize,BLZ,1995,1.9521
Belize,BLZ,1996,2.2010002
Belize,BLZ,1997,2.6767
Belize,BLZ,1998,1.8107
Belize,BLZ,1999,2.7409
Belize,BLZ,2000,2.7172
Belize,BLZ,2001,3.0137
Belize,BLZ,2002,2.2935002
Belize,BLZ,2003,2.8125002
Belize,BLZ,2004,3.3294
Belize,BLZ,2005,4.6984
Belize,BLZ,2006,4.0697002
Belize,BLZ,2007,4.7872005
Belize,BLZ,2008,3.4749
Belize,BLZ,2009,4.5021005
Belize,BLZ,2010,4.4538
Belize,BLZ,2011,4.2831
Belize,BLZ,2012,4.5437
Belize,BLZ,2013,5.2229
Belize,BLZ,2014,4.6309
Belize,BLZ,2015,4.2422004
Belize,BLZ,2016,4.7752004
Belize,BLZ,2017,4.7208
Belize,BLZ,2018,4.9209003
Belize,BLZ,2019,5.7509003
Belize,BLZ,2020,4.5252004
Belize,BLZ,2021,5.6694
Belize,BLZ,2022,5.287
Belize,BLZ,2023,5.6034
Belize,BLZ,2024,4.8488
Benin,BEN,1961,0.3558
Benin,BEN,1962,0.47370005
Benin,BEN,1963,0.41540003
Benin,BEN,1964,0.44680002
Benin,BEN,1965,0.5313
Benin,BEN,1966,0.64040005
Benin,BEN,1967,0.70350003
Benin,BEN,1968,0.78370005
Benin,BEN,1969,0.9735001
Benin,BEN,1970,1.4667001
Benin,BEN,1971,1.4211
Benin,BEN,1972,1.5151
Benin,BEN,1973,1.7778001
Benin,BEN,1974,1.6940001
Benin,BEN,1975,1.8499001
Benin,BEN,1976,1.8039001
Benin,BEN,1977,2.0674
Benin,BEN,1978,0.82420003
Benin,BEN,1979,1.2561
Benin,BEN,1980,1.2174001
Benin,BEN,1981,1.0408001
Benin,BEN,1982,1.1296
Benin,BEN,1983,0.71720004
Benin,BEN,1984,1.2040001
Benin,BEN,1985,1.2783002
Benin,BEN,1986,1.2119001
Benin,BEN,1987,1.1704
Benin,BEN,1988,1.3635001
Benin,BEN,1989,1.3752
Benin,BEN,1990,1.3961
Benin,BEN,1991,1.3423
Benin,BEN,1992,1.3344
Benin,BEN,1993,1.3177
Benin,BEN,1994,1.5666001
Benin,BEN,1995,1.6654001
Benin,BEN,1996,1.8498001
Benin,BEN,1997,1.8827001
Benin,BEN,1998,2.0822
Benin,BEN,1999,1.9384001
Benin,BEN,2000,2.1114
Benin,BEN,2001,2.0714
Benin,BEN,2002,2.1961002
Benin,BEN,2003,2.3116002
Benin,BEN,2004,2.6137002
Benin,BEN,2005,2.71
Benin,BEN,2006,2.3678002
Benin,BEN,2007,2.6633003
Benin,BEN,2008,3.285
Benin,BEN,2009,3.7395003
Benin,BEN,2010,2.6558
Benin,BEN,2011,3.9362001
Benin,BEN,2012,3.2960002
Benin,BEN,2013,3.2960002
Benin,BEN,2014,3.1393
Benin,BEN,2015,3.1285002
Benin,BEN,2016,3.4174001
Benin,BEN,2017,3.5295002
Benin,BEN,2018,3.3977
Benin,BEN,2019,3.9651003
Benin,BEN,2020,3.9353004
Benin,BEN,2021,4.1000004
Benin,BEN,2022,3.8936002
Benin,BEN,2023,3.7307
Benin,BEN,2024,3.8957002
Bhutan,BTN,1961,2
Bhutan,BTN,1962,2
Bhutan,BTN,1963,2
Bhutan,BTN,1964,2
Bhutan,BTN,1965,2
Bhutan,BTN,1966,2
Bhutan,BTN,1967,2
Bhutan,BTN,1968,2
Bhutan,BTN,1969,2
Bhutan,BTN,1970,2
Bhutan,BTN,1971,2
Bhutan,BTN,1972,2
Bhutan,BTN,1973,2
Bhutan,BTN,1974,2
Bhutan,BTN,1975,2
Bhutan,BTN,1976,2
Bhutan,BTN,1977,2
Bhutan,BTN,1978,2
Bhutan,BTN,1979,2
Bhutan,BTN,1980,2
Bhutan,BTN,1981,2.0500002
Bhutan,BTN,1982,2.0172
Bhutan,BTN,1983,2
Bhutan,BTN,1984,2.1560001
Bhutan,BTN,1985,1.9375001
Bhutan,BTN,1986,1.8000001
Bhutan,BTN,1987,1.7568002
Bhutan,BTN,1988,1.6574001
Bhutan,BTN,1989,1.6538001
Bhutan,BTN,1990,2.0976002
Bhutan,BTN,1991,1.2085
Bhutan,BTN,1992,1.3133001
Bhutan,BTN,1993,1.4392
Bhutan,BTN,1994,1.6071
Bhutan,BTN,1995,1.6667
Bhutan,BTN,1996,1.6508001
Bhutan,BTN,1997,1.7223002
Bhutan,BTN,1998,1.7973001
Bhutan,BTN,1999,1.8629001
Bhutan,BTN,2000,1.7038001
Bhutan,BTN,2001,1.7391001
Bhutan,BTN,2002,1.9987
Bhutan,BTN,2003,2.2871003
Bhutan,BTN,2004,2.8816001
Bhutan,BTN,2005,2.6896002
Bhutan,BTN,2006,2.7461002
Bhutan,BTN,2007,2.7043002
Bhutan,BTN,2008,3.9983003
Bhutan,BTN,2009,2.7993002
Bhutan,BTN,2010,3.14
Bhutan,BTN,2011,3.2382002
Bhutan,BTN,2012,3.6893003
Bhutan,BTN,2013,3.6985002
Bhutan,BTN,2014,3.7635002
Bhutan,BTN,2015,4.0192003
Bhutan,BTN,2016,3.8796003
Bhutan,BTN,2017,4.0745
Bhutan,BTN,2018,4.2362003
Bhutan,BTN,2019,4.0698004
Bhutan,BTN,2020,4.2644
Bhutan,BTN,2021,4.1593
Bhutan,BTN,2022,4.4701004
Bhutan,BTN,2023,4.3293
Bhutan,BTN,2024,4.5585003
Bolivia,BOL,1961,1.4443002
Bolivia,BOL,1962,1.4428002
Bolivia,BOL,1963,1.4778001
Bolivia,BOL,1964,1.5000001
Bolivia,BOL,1965,1.5643002
Bolivia,BOL,1966,1.5426
Bolivia,BOL,1967,1.8443002
Bolivia,BOL,1968,1.8845001
Bolivia,BOL,1969,1.5281
Bolivia,BOL,1970,1.3157
Bolivia,BOL,1971,1.5965
Bolivia,BOL,1972,1.6608001
Bolivia,BOL,1973,1.6660001
Bolivia,BOL,1974,1.5985001
Bolivia,BOL,1975,1.6931001
Bolivia,BOL,1976,1.5747
Bolivia,BOL,1977,1.7505001
Bolivia,BOL,1978,1.4146
Bolivia,BOL,1979,1.4790001
Bolivia,BOL,1980,1.4397
Bolivia,BOL,1981,1.5976001
Bolivia,BOL,1982,1.5961001
Bolivia,BOL,1983,1.4167
Bolivia,BOL,1984,1.4381001
Bolivia,BOL,1985,1.5352
Bolivia,BOL,1986,1.4833001
Bolivia,BOL,1987,1.7574002
Bolivia,BOL,1988,1.7820001
Bolivia,BOL,1989,2.1586
Bolivia,BOL,1990,1.9314001
Bolivia,BOL,1991,2.1017
Bolivia,BOL,1992,1.8341
Bolivia,BOL,1993,1.7774001
Bolivia,BOL,1994,1.8134001
Bolivia,BOL,1995,2.0357
Bolivia,BOL,1996,2.6230001
Bolivia,BOL,1997,2.0256
Bolivia,BOL,1998,2.0854
Bolivia,BOL,1999,1.4169
Bolivia,BOL,2000,1.9134002
Bolivia,BOL,2001,2.2753003
Bolivia,BOL,2002,1.9976001
Bolivia,BOL,2003,2.9983
Bolivia,BOL,2004,2.1771002
Bolivia,BOL,2005,2.5440001
Bolivia,BOL,2006,2.6512
Bolivia,BOL,2007,2.0711002
Bolivia,BOL,2008,2.1737
Bolivia,BOL,2009,2.2001002
Bolivia,BOL,2010,2.2757
Bolivia,BOL,2011,2.4009001
Bolivia,BOL,2012,3.0137
Bolivia,BOL,2013,2.6633003
Bolivia,BOL,2014,2.7672
Bolivia,BOL,2015,3.1699
Bolivia,BOL,2016,2.4829
Bolivia,BOL,2017,2.7692
Bolivia,BOL,2018,3.1875002
Bolivia,BOL,2019,3.2040002
Bolivia,BOL,2020,2.7614
Bolivia,BOL,2021,3.078
Bolivia,BOL,2022,2.9952002
Bolivia,BOL,2023,3.3547
Bolivia,BOL,2024,2.0730002
Brazil,BRA,1961,1.6989001
Brazil,BRA,1962,1.6589001
Brazil,BRA,1963,1.5423001
Brazil,BRA,1964,1.5171001
Brazil,BRA,1965,1.641
Brazil,BRA,1966,1.4487001
Brazil,BRA,1967,1.5828001
Brazil,BRA,1968,1.4919001
Brazil,BRA,1969,1.3838001
Brazil,BRA,1970,1.5169001
Brazil,BRA,1971,1.3840001
Brazil,BRA,1972,1.4914001
Brazil,BRA,1973,1.4933001
Brazil,BRA,1974,1.45
Brazil,BRA,1975,1.4665
Brazil,BRA,1976,1.4658002
Brazil,BRA,1977,1.5009001
Brazil,BRA,1978,1.2974001
Brazil,BRA,1979,1.3931
Brazil,BRA,1980,1.5658001
Brazil,BRA,1981,1.3485
Brazil,BRA,1982,1.6158001
Brazil,BRA,1983,1.5155001
Brazil,BRA,1984,1.6869001
Brazil,BRA,1985,1.8980001
Brazil,BRA,1986,1.8610001
Brazil,BRA,1987,1.7375001
Brazil,BRA,1988,1.9806001
Brazil,BRA,1989,2.0993001
Brazil,BRA,1990,1.8803002
Brazil,BRA,1991,2.302
Brazil,BRA,1992,2.1349
Brazil,BRA,1993,2.2912002
Brazil,BRA,1994,2.3876002
Brazil,BRA,1995,2.5668
Brazil,BRA,1996,2.6578002
Brazil,BRA,1997,2.7310002
Brazil,BRA,1998,2.5198002
Brazil,BRA,1999,3.0708003
Brazil,BRA,2000,3.0382001
Brazil,BRA,2001,3.2405002
Brazil,BRA,2002,3.3246002
Brazil,BRA,2003,3.249
Brazil,BRA,2004,3.5565002
Brazil,BRA,2005,3.3691003
Brazil,BRA,2006,3.8798003
Brazil,BRA,2007,3.8260002
Brazil,BRA,2008,4.2311
Brazil,BRA,2009,4.4049
Brazil,BRA,2010,4.1271005
Brazil,BRA,2011,4.8956003
Brazil,BRA,2012,4.7860003
Brazil,BRA,2013,5.0071
Brazil,BRA,2014,5.2013
Brazil,BRA,2015,5.7525
Brazil,BRA,2016,5.4643
Brazil,BRA,2017,6.2131004
Brazil,BRA,2018,6.3074
Brazil,BRA,2019,6.0633
Brazil,BRA,2020,6.6108003
Brazil,BRA,2021,6.9031005
Brazil,BRA,2022,6.6384
Brazil,BRA,2023,6.9369
Brazil,BRA,2024,6.7281003
Brunei,BRN,1961,1.7306
Brunei,BRN,1962,1.8527
Brunei,BRN,1963,1.3711001
Brunei,BRN,1964,1.3235
Brunei,BRN,1965,1.1737
Brunei,BRN,1966,1.3922
Brunei,BRN,1967,1.5871
Brunei,BRN,1968,1.5868001
Brunei,BRN,1969,1.8581
Brunei,BRN,1970,1.9621
Brunei,BRN,1971,1.6024001
Brunei,BRN,1972,1.6175001
Brunei,BRN,1973,2.4251003
Brunei,BRN,1974,2.904
Brunei,BRN,1975,2.7178001
Brunei,BRN,1976,1.9647001
Brunei,BRN,1977,1.5034001
Brunei,BRN,1978,1.5917001
Brunei,BRN,1979,2.1759
Brunei,BRN,1980,1.3797001
Brunei,BRN,1981,1.3643001
Brunei,BRN,1982,1.4825001
Brunei,BRN,1983,1.5797
Brunei,BRN,1984,1.5571
Brunei,BRN,1985,1.2394
Brunei,BRN,1986,2.1359
Brunei,BRN,1987,1.0630001
Brunei,BRN,1988,2.1685002
Brunei,BRN,1989,2.2286003
Brunei,BRN,1990,1.5500001
Brunei,BRN,1991,0.81250006
Brunei,BRN,1992,0.7857
Brunei,BRN,1993,0.8
Brunei,BRN,1994,0.8
Brunei,BRN,1995,0.8
Brunei,BRN,1996,0.7778
Brunei,BRN,1997,0.7778
Brunei,BRN,1998,0.7778
Brunei,BRN,1999,0.78950006
Brunei,BRN,2000,1.0065
Brunei,BRN,2001,0.8924001
Brunei,BRN,2002,0.8881
Brunei,BRN,2003,0.81930006
Brunei,BRN,2004,0.79350007
Brunei,BRN,2005,0.7443
Brunei,BRN,2006,0.79520005
Brunei,BRN,2007,0.90070003
Brunei,BRN,2008,0.82140005
Brunei,BRN,2009,0.77370006
Brunei,BRN,2010,1
Brunei,BRN,2011,1.4667001
Brunei,BRN,2012,1.3750001
Brunei,BRN,2013,1.4615
Brunei,BRN,2014,1.6154001
Brunei,BRN,2015,2.3846002
Brunei,BRN,2016,1.7143002
Brunei,BRN,2017,1.7692001
Brunei,BRN,2018,2
Brunei,BRN,2019,2.0909
Brunei,BRN,2020,3.0000002
Brunei,BRN,2021,2.7333002
Brunei,BRN,2022,2.3992
Brunei,BRN,2023,2.5647001
Brunei,BRN,2024,2.4175
Bulgaria,BGR,1961,3.5137
Bulgaria,BGR,1962,3.3049002
Bulgaria,BGR,1963,3.6130002
Bulgaria,BGR,1964,2.7652001
Bulgaria,BGR,1965,3.1075
Bulgaria,BGR,1966,3.9589
Bulgaria,BGR,1967,4.1617002
Bulgaria,BGR,1968,2.8757
Bulgaria,BGR,1969,3.7429001
Bulgaria,BGR,1970,3.8548002
Bulgaria,BGR,1971,3.9402
Bulgaria,BGR,1972,4.0613003
Bulgaria,BGR,1973,3.8099
Bulgaria,BGR,1974,3.4522002
Bulgaria,BGR,1975,4.0274
Bulgaria,BGR,1976,2.4745002
Bulgaria,BGR,1977,3.9417002
Bulgaria,BGR,1978,3.6781003
Bulgaria,BGR,1979,4.4712005
Bulgaria,BGR,1980,4.0709
Bulgaria,BGR,1981,4.4741
Bulgaria,BGR,1982,4.5545
Bulgaria,BGR,1983,4.7625003
Bulgaria,BGR,1984,3.8198001
Bulgaria,BGR,1985,4.2464
Bulgaria,BGR,1986,4.7064
Bulgaria,BGR,1987,3.7475002
Bulgaria,BGR,1988,3.2269
Bulgaria,BGR,1989,3.1315002
Bulgaria,BGR,1990,2.3785002
Bulgaria,BGR,1991,2.5397
Bulgaria,BGR,1992,3.2042
Bulgaria,BGR,1993,3.4761002
Bulgaria,BGR,1994,3.7195
Bulgaria,BGR,1995,3.6116002
Bulgaria,BGR,1996,3.3891003
Bulgaria,BGR,1997,2.9871001
Bulgaria,BGR,1998,3.1467001
Bulgaria,BGR,1999,4.94
Bulgaria,BGR,2000,4.7001004
Bulgaria,BGR,2001,4.8001003
Bulgaria,BGR,2002,4.3099003
Bulgaria,BGR,2003,4.2001004
Bulgaria,BGR,2004,4.9596004
Bulgaria,BGR,2005,4.4801
Bulgaria,BGR,2006,4.408
Bulgaria,BGR,2007,4.6447005
Bulgaria,BGR,2008,4.9621005
Bulgaria,BGR,2009,5.2263002
Bulgaria,BGR,2010,4.7952003
Bulgaria,BGR,2011,5.0563
Bulgaria,BGR,2012,5.5605
Bulgaria,BGR,2013,5.4945
Bulgaria,BGR,2014,4.9040003
Bulgaria,BGR,2015,5.4540005
Bulgaria,BGR,2016,5.4032006
Bulgaria,BGR,2017,5.6089
Bulgaria,BGR,2018,5.5200005
Bulgaria,BGR,2019,6.0000005
Bulgaria,BGR,2020,5.3287005
Bulgaria,BGR,2021,4.8232
Bulgaria,BGR,2022,6.0794
Bulgaria,BGR,2023,5.7286005
Bulgaria,BGR,2024,5.4189
Burkina Faso,BFA,1961,0.56040007
Burkina Faso,BFA,1962,0.6765
Burkina Faso,BFA,1963,0.76220006
Burkina Faso,BFA,1964,0.97700006
Burkina Faso,BFA,1965,0.74850005
Burkina Faso,BFA,1966,0.8696
Burkina Faso,BFA,1967,1.2153001
Burkina Faso,BFA,1968,0.8888
Burkina Faso,BFA,1969,0.97360003
Burkina Faso,BFA,1970,0.90000004
Burkina Faso,BFA,1971,0.9219001
Burkina Faso,BFA,1972,0.83070004
Burkina Faso,BFA,1973,0.79870003
Burkina Faso,BFA,1974,1.0801
Burkina Faso,BFA,1975,0.96610004
Burkina Faso,BFA,1976,1.01
Burkina Faso,BFA,1977,1.1791
Burkina Faso,BFA,1978,1.1349001
Burkina Faso,BFA,1979,1.1730001
Burkina Faso,BFA,1980,1.0991
Burkina Faso,BFA,1981,1.1461
Burkina Faso,BFA,1982,1.7040001
Burkina Faso,BFA,1983,1.8568001
Burkina Faso,BFA,1984,1.9486
Burkina Faso,BFA,1985,1.8144001
Burkina Faso,BFA,1986,1.6802
Burkina Faso,BFA,1987,1.1516
Burkina Faso,BFA,1988,1.7868001
Burkina Faso,BFA,1989,2.0541003
Burkina Faso,BFA,1990,2.0783002
Burkina Faso,BFA,1991,2.1444001
Burkina Faso,BFA,1992,1.8831
Burkina Faso,BFA,1993,2.163
Burkina Faso,BFA,1994,1.9582001
Burkina Faso,BFA,1995,1.9249002
Burkina Faso,BFA,1996,2.3883002
Burkina Faso,BFA,1997,1.575
Burkina Faso,BFA,1998,1.9388001
Burkina Faso,BFA,1999,2.4824
Burkina Faso,BFA,2000,2.5675
Burkina Faso,BFA,2001,1.8795
Burkina Faso,BFA,2002,1.9010001
Burkina Faso,BFA,2003,1.9997001
Burkina Faso,BFA,2004,1.5047001
Burkina Faso,BFA,2005,1.7791001
Burkina Faso,BFA,2006,2.5724
Burkina Faso,BFA,2007,1.7002001
Burkina Faso,BFA,2008,2.4355001
Burkina Faso,BFA,2009,2.3154001
Burkina Faso,BFA,2010,2.0238001
Burkina Faso,BFA,2011,1.7676
Burkina Faso,BFA,2012,2.3336003
Burkina Faso,BFA,2013,2.1993
Burkina Faso,BFA,2014,2.4088001
Burkina Faso,BFA,2015,2.2782001
Burkina Faso,BFA,2016,2.2608001
Burkina Faso,BFA,2017,1.9721
Burkina Faso,BFA,2018,2.177
Burkina Faso,BFA,2019,2.1242
Burkina Faso,BFA,2020,2.2377
Burkina Faso,BFA,2021,2.0403001
Burkina Faso,BFA,2022,2.2118
Burkina Faso,BFA,2023,2.3753002
Burkina Faso,BFA,2024,2.2296002
Burundi,BDI,1961,3.7641003
Burundi,BDI,1962,2.5
Burundi,BDI,1963,2.7917001
Burundi,BDI,1964,2.4
Burundi,BDI,1965,2.0743
Burundi,BDI,1966,2.0447001
Burundi,BDI,1967,0.9831
Burundi,BDI,1968,2.0909
Burundi,BDI,1969,1.6655
Burundi,BDI,1970,1.4379001
Burundi,BDI,1971,1.3739
Burundi,BDI,1972,2.1525002
Burundi,BDI,1973,1.8100001
Burundi,BDI,1974,2.0170002
Burundi,BDI,1975,2.2702
Burundi,BDI,1976,2.2149
Burundi,BDI,1977,1.8293002
Burundi,BDI,1978,1.5000001
Burundi,BDI,1979,3.0000002
Burundi,BDI,1980,2.3507001
Burundi,BDI,1981,2
Burundi,BDI,1982,2.5714
Burundi,BDI,1983,2.5714
Burundi,BDI,1984,3.0000002
Burundi,BDI,1985,4.4150004
Burundi,BDI,1986,3.0837002
Burundi,BDI,1987,2.3333
Burundi,BDI,1988,3.5000002
Burundi,BDI,1989,3.3333
Burundi,BDI,1990,3.3333
Burundi,BDI,1991,3.0923002
Burundi,BDI,1992,3.1077
Burundi,BDI,1993,3.1404
Burundi,BDI,1994,3.1120002
Burundi,BDI,1995,2.6819
Burundi,BDI,1996,2.7873
Burundi,BDI,1997,3.2551003
Burundi,BDI,1998,2.9927
Burundi,BDI,1999,3.2572
Burundi,BDI,2000,3.0399
Burundi,BDI,2001,3.2063003
Burundi,BDI,2002,3.2629
Burundi,BDI,2003,3.1413002
Burundi,BDI,2004,3.2924001
Burundi,BDI,2005,3.4144
Burundi,BDI,2006,3.3322
Burundi,BDI,2007,3.3767002
Burundi,BDI,2008,3.2203002
Burundi,BDI,2009,3.2680001
Burundi,BDI,2010,2.8077002
Burundi,BDI,2011,2.6848001
Burundi,BDI,2012,2.1041002
Burundi,BDI,2013,1.9130001
Burundi,BDI,2014,2.8393002
Burundi,BDI,2015,1.1293001
Burundi,BDI,2016,2.3001
Burundi,BDI,2017,1.7838001
Burundi,BDI,2018,1.7926
Burundi,BDI,2019,1.6896001
Burundi,BDI,2020,1.6122
Burundi,BDI,2021,1.6220001
Burundi,BDI,2022,1.5139
Burundi,BDI,2023,1.4432
Burundi,BDI,2024,1.3679001
Cambodia,KHM,1961,1.0921
Cambodia,KHM,1962,0.892
Cambodia,KHM,1963,1.1742
Cambodia,KHM,1964,1.1611
Cambodia,KHM,1965,1.0666001
Cambodia,KHM,1966,1.0889001
Cambodia,KHM,1967,1.2163001
Cambodia,KHM,1968,1.3989
Cambodia,KHM,1969,1.2876
Cambodia,KHM,1970,1.5898001
Cambodia,KHM,1971,1.4532
Cambodia,KHM,1972,1.3774
Cambodia,KHM,1973,1.2947
Cambodia,KHM,1974,1.1441001
Cambodia,KHM,1975,1.2
Cambodia,KHM,1976,1.1
Cambodia,KHM,1977,1
Cambodia,KHM,1978,1
Cambodia,KHM,1979,0.6951
Cambodia,KHM,1980,1.1924001
Cambodia,KHM,1981,1.1314001
Cambodia,KHM,1982,1.2068001
Cambodia,KHM,1983,1.2649001
Cambodia,KHM,1984,1.2883002
Cambodia,KHM,1985,1.2497001
Cambodia,KHM,1986,1.3770001
Cambodia,KHM,1987,1.3248001
Cambodia,KHM,1988,1.3699001
Cambodia,KHM,1989,1.4358001
Cambodia,KHM,1990,1.3477
Cambodia,KHM,1991,1.3962001
Cambodia,KHM,1992,1.3178002
Cambodia,KHM,1993,1.3069001
Cambodia,KHM,1994,1.4877
Cambodia,KHM,1995,1.792
Cambodia,KHM,1996,1.8116001
Cambodia,KHM,1997,1.7706001
Cambodia,KHM,1998,1.7884
Cambodia,KHM,1999,1.9433001
Cambodia,KHM,2000,2.1155002
Cambodia,KHM,2001,2.0699
Cambodia,KHM,2002,1.9164001
Cambodia,KHM,2003,2.1012
Cambodia,KHM,2004,1.9773002
Cambodia,KHM,2005,2.4793003
Cambodia,KHM,2006,2.4893003
Cambodia,KHM,2007,2.6216002
Cambodia,KHM,2008,2.7457001
Cambodia,KHM,2009,2.8363001
Cambodia,KHM,2010,2.9697
Cambodia,KHM,2011,2.9574
Cambodia,KHM,2012,3.0892
Cambodia,KHM,2013,3.1627002
Cambodia,KHM,2014,3.0782
Cambodia,KHM,2015,3.0849001
Cambodia,KHM,2016,3.2103002
Cambodia,KHM,2017,3.2972002
Cambodia,KHM,2018,3.3534
Cambodia,KHM,2019,3.3351002
Cambodia,KHM,2020,3.3454
Cambodia,KHM,2021,3.4897
Cambodia,KHM,2022,3.5465002
Cambodia,KHM,2023,3.6017
Cambodia,KHM,2024,3.6437001
Cameroon,CMR,1961,0.4808
Cameroon,CMR,1962,0.93390006
Cameroon,CMR,1963,0.785
Cameroon,CMR,1964,1.11
Cameroon,CMR,1965,1.212
Cameroon,CMR,1966,1.1240001
Cameroon,CMR,1967,1.4329001
Cameroon,CMR,1968,1.1152
Cameroon,CMR,1969,0.82000005
Cameroon,CMR,1970,0.8283
Cameroon,CMR,1971,0.88420004
Cameroon,CMR,1972,0.5231
Cameroon,CMR,1973,0.62700003
Cameroon,CMR,1974,1.1343001
Cameroon,CMR,1975,1.261
Cameroon,CMR,1976,1.8709002
Cameroon,CMR,1977,1.7432001
Cameroon,CMR,1978,2.3986
Cameroon,CMR,1979,2.1364
Cameroon,CMR,1980,2.3366003
Cameroon,CMR,1981,2.3618002
Cameroon,CMR,1982,2.7923002
Cameroon,CMR,1983,5.0942006
Cameroon,CMR,1984,3.3044
Cameroon,CMR,1985,4.7375
Cameroon,CMR,1986,4.5
Cameroon,CMR,1987,4.34
Cameroon,CMR,1988,4.6591005
Cameroon,CMR,1989,5.4668
Cameroon,CMR,1990,4.9999003
Cameroon,CMR,1991,3.64
Cameroon,CMR,1992,3.5000002
Cameroon,CMR,1993,2.9
Cameroon,CMR,1994,3.1807
Cameroon,CMR,1995,3.1520002
Cameroon,CMR,1996,3.1391003
Cameroon,CMR,1997,3.3636003
Cameroon,CMR,1998,3.5467
Cameroon,CMR,1999,3.3095002
Cameroon,CMR,2000,3.0103002
Cameroon,CMR,2001,3.0242002
Cameroon,CMR,2002,1.1137
Cameroon,CMR,2003,1.187
Cameroon,CMR,2004,1.2416
Cameroon,CMR,2005,1.2971001
Cameroon,CMR,2006,1.2905
Cameroon,CMR,2007,1
Cameroon,CMR,2008,1
Cameroon,CMR,2009,2.7475002
Cameroon,CMR,2010,1.0936
Cameroon,CMR,2011,1.3464001
Cameroon,CMR,2012,1.4217
Cameroon,CMR,2013,1.1641
Cameroon,CMR,2014,1.2076
Cameroon,CMR,2015,1.2271
Cameroon,CMR,2016,2.1100001
Cameroon,CMR,2017,2.1100001
Cameroon,CMR,2018,2.6406002
Cameroon,CMR,2019,2.1407
Cameroon,CMR,2020,2.1312
Cameroon,CMR,2021,2.0527
Cameroon,CMR,2022,2.1895
Cameroon,CMR,2023,2.1669
Cameroon,CMR,2024,2.1599
Caribbean (FAO),,1961,1.582
Caribbean (FAO),,1962,1.5956
Caribbean (FAO),,1963,1.8196001
Caribbean (FAO),,1964,1.9808002
Caribbean (FAO),,1965,1.9936
Caribbean (FAO),,1966,2.2050002
Caribbean (FAO),,1967,1.9711001
Caribbean (FAO),,1968,1.9067
Caribbean (FAO),,1969,2.0282001
Caribbean (FAO),,1970,2.1173
Caribbean (FAO),,1971,2.3229
Caribbean (FAO),,1972,2.2565
Caribbean (FAO),,1973,2.0796
Caribbean (FAO),,1974,2.5937002
Caribbean (FAO),,1975,2.5005002
Caribbean (FAO),,1976,2.8232
Caribbean (FAO),,1977,2.8166003
Caribbean (FAO),,1978,3.0181003
Caribbean (FAO),,1979,2.9888003
Caribbean (FAO),,1980,3.2284
Caribbean (FAO),,1981,3.2110002
Caribbean (FAO),,1982,3.5674
Caribbean (FAO),,1983,3.7676003
Caribbean (FAO),,1984,3.5672002
Caribbean (FAO),,1985,3.5223002
Caribbean (FAO),,1986,3.5802002
Caribbean (FAO),,1987,3.4424
Caribbean (FAO),,1988,3.3672001
Caribbean (FAO),,1989,3.4450002
Caribbean (FAO),,1990,3.3690002
Caribbean (FAO),,1991,3.2763002
Caribbean (FAO),,1992,3.6433003
Caribbean (FAO),,1993,3.0734
Caribbean (FAO),,1994,2.9037
Caribbean (FAO),,1995,3.2105002
Caribbean (FAO),,1996,3.0431004
Caribbean (FAO),,1997,3.2906003
Caribbean (FAO),,1998,2.8522
Caribbean (FAO),,1999,3.5034
Caribbean (FAO),,2000,3.3407001
Caribbean (FAO),,2001,3.7086003
Caribbean (FAO),,2002,3.7882001
Caribbean (FAO),,2003,3.6596003
Caribbean (FAO),,2004,3.3999
Caribbean (FAO),,2005,3.3483002
Caribbean (FAO),,2006,3.5985003
Caribbean (FAO),,2007,3.7554002
Caribbean (FAO),,2008,3.5678003
Caribbean (FAO),,2009,3.2245002
Caribbean (FAO),,2010,3.4678001
Caribbean (FAO),,2011,3.5679002
Caribbean (FAO),,2012,3.4160001
Caribbean (FAO),,2013,3.7387002
Caribbean (FAO),,2014,3.9677002
Caribbean (FAO),,2015,4.2732005
Caribbean (FAO),,2016,4.2125
Caribbean (FAO),,2017,4.2639003
Caribbean (FAO),,2018,3.3468
Caribbean (FAO),,2019,4.211
Caribbean (FAO),,2020,4.2771
Caribbean (FAO),,2021,4.3682003
Caribbean (FAO),,2022,4.2152004
Caribbean (FAO),,2023,4.1535
Caribbean (FAO),,2024,4.1922
Central African Republic,CAF,1961,0.8571
Central African Republic,CAF,1962,0.82500005
Central African Republic,CAF,1963,0.86
Central African Republic,CAF,1964,0.9231
Central African Republic,CAF,1965,0.9286
Central African Republic,CAF,1966,0.9286
Central African Republic,CAF,1967,1.0857
Central African Republic,CAF,1968,0.98
Central African Republic,CAF,1969,0.8213
Central African Republic,CAF,1970,0.55120003
Central African Republic,CAF,1971,0.5446
Central African Republic,CAF,1972,0.48150003
Central African Republic,CAF,1973,0.7746
Central African Republic,CAF,1974,0.90340006
Central African Republic,CAF,1975,0.90300006
Central African Republic,CAF,1976,0.88890004
Central African Republic,CAF,1977,1
Central African Republic,CAF,1978,0.98100007
Central African Republic,CAF,1979,0.92160004
Central African Republic,CAF,1980,0.94540006
Central African Republic,CAF,1981,1.1231
Central African Republic,CAF,1982,1.0638001
Central African Republic,CAF,1983,1.3043001
Central African Republic,CAF,1984,1.6602
Central African Republic,CAF,1985,1.6839001
Central African Republic,CAF,1986,1.0693
Central African Republic,CAF,1987,1.1583002
Central African Republic,CAF,1988,1.4721
Central African Republic,CAF,1989,1.5485001
Central African Republic,CAF,1990,1.6729001
Central African Republic,CAF,1991,1.3375001
Central African Republic,CAF,1992,1.4516001
Central African Republic,CAF,1993,1.4514
Central African Republic,CAF,1994,1.3201001
Central African Republic,CAF,1995,1.5214001
Central African Republic,CAF,1996,1.32
Central African Republic,CAF,1997,1.4167
Central African Republic,CAF,1998,1.4231
Central African Republic,CAF,1999,1.5000001
Central African Republic,CAF,2000,1.4903002
Central African Republic,CAF,2001,1.4882001
Central African Republic,CAF,2002,1.4891001
Central African Republic,CAF,2003,2.0483
Central African Republic,CAF,2004,1.9938002
Central African Republic,CAF,2005,2.0087001
Central African Republic,CAF,2006,1.6
Central African Republic,CAF,2007,1.5000001
Central African Republic,CAF,2008,1.5000001
Central African Republic,CAF,2009,1.5000001
Central African Republic,CAF,2010,1.3819001
Central African Republic,CAF,2011,1.3931
Central African Republic,CAF,2012,1.3803002
Central African Republic,CAF,2013,1.3602
Central African Republic,CAF,2014,1.3999001
Central African Republic,CAF,2015,1.4001
Central African Republic,CAF,2016,1.4001
Central African Republic,CAF,2017,1.3999001
Central African Republic,CAF,2018,1.4001
Central African Republic,CAF,2019,1.4000001
Central African Republic,CAF,2020,0.90000004
Central African Republic,CAF,2021,1.1
Central African Republic,CAF,2022,1.4000001
Central African Republic,CAF,2023,1.4000001
Central African Republic,CAF,2024,1.3624
Central America (FAO),,1961,1.6845001
Central America (FAO),,1962,1.6352
Central America (FAO),,1963,1.6759001
Central America (FAO),,1964,1.6198001
Central America (FAO),,1965,1.9023001
Central America (FAO),,1966,1.843
Central America (FAO),,1967,1.9543002
Central America (FAO),,1968,1.9930001
Central America (FAO),,1969,2.0296001
Central America (FAO),,1970,2.2474
Central America (FAO),,1971,2.2362
Central America (FAO),,1972,2.1836002
Central America (FAO),,1973,2.3006003
Central America (FAO),,1974,2.196
Central America (FAO),,1975,2.4012
Central America (FAO),,1976,2.0735002
Central America (FAO),,1977,2.4954
Central America (FAO),,1978,2.6043003
Central America (FAO),,1979,2.7327
Central America (FAO),,1980,3.0289001
Central America (FAO),,1981,3.1548002
Central America (FAO),,1982,2.6974
Central America (FAO),,1983,2.9689
Central America (FAO),,1984,3.0845
Central America (FAO),,1985,3.2132
Central America (FAO),,1986,3.0225
Central America (FAO),,1987,3.1628003
Central America (FAO),,1988,3.1150002
Central America (FAO),,1989,3.0916002
Central America (FAO),,1990,3.1729
Central America (FAO),,1991,3.2500002
Central America (FAO),,1992,3.2733002
Central America (FAO),,1993,3.4421003
Central America (FAO),,1994,3.3967001
Central America (FAO),,1995,3.5328002
Central America (FAO),,1996,3.5047002
Central America (FAO),,1997,3.5267
Central America (FAO),,1998,3.6247
Central America (FAO),,1999,3.8428001
Central America (FAO),,2000,3.4320002
Central America (FAO),,2001,3.3922
Central America (FAO),,2002,3.3829
Central America (FAO),,2003,3.44
Central America (FAO),,2004,3.2870002
Central America (FAO),,2005,3.5874
Central America (FAO),,2006,3.6423001
Central America (FAO),,2007,3.7147002
Central America (FAO),,2008,3.8677
Central America (FAO),,2009,4.0211005
Central America (FAO),,2010,3.9115002
Central America (FAO),,2011,3.7664
Central America (FAO),,2012,3.7946002
Central America (FAO),,2013,3.9851003
Central America (FAO),,2014,4.5498
Central America (FAO),,2015,4.4777
Central America (FAO),,2016,4.7053
Central America (FAO),,2017,4.7102003
Central America (FAO),,2018,4.9223
Central America (FAO),,2019,5.0112004
Central America (FAO),,2020,4.9329
Central America (FAO),,2021,5.1505003
Central America (FAO),,2022,5.2289
Central America (FAO),,2023,5.2635
Central America (FAO),,2024,5.1416
Central Asia (FAO),,1992,3.3542001
Central Asia (FAO),,1993,3.1953
Central Asia (FAO),,1994,2.8852
Central Asia (FAO),,1995,2.0946002
Central Asia (FAO),,1996,2.0351
Central Asia (FAO),,1997,2.2694001
Central Asia (FAO),,1998,2.5554001
Central Asia (FAO),,1999,2.5418003
Central Asia (FAO),,2000,2.3539
Central Asia (FAO),,2001,2.3462
Central Asia (FAO),,2002,2.7278001
Central Asia (FAO),,2003,3.0066001
Central Asia (FAO),,2004,2.9659
Central Asia (FAO),,2005,3.0196002
Central Asia (FAO),,2006,3.1635
Central Asia (FAO),,2007,3.2686002
Central Asia (FAO),,2008,3.0638
Central Asia (FAO),,2009,3.6224
Central Asia (FAO),,2010,3.7120001
Central Asia (FAO),,2011,3.8764
Central Asia (FAO),,2012,4.1432004
Central Asia (FAO),,2013,5.0408
Central Asia (FAO),,2014,5.0582004
Central Asia (FAO),,2015,5.0304003
Central Asia (FAO),,2016,5.3346004
Central Asia (FAO),,2017,5.0400004
Central Asia (FAO),,2018,4.9148
Central Asia (FAO),,2019,5.2341003
Central Asia (FAO),,2020,5.7171
Central Asia (FAO),,2021,5.8419003
Central Asia (FAO),,2022,5.9938
Central Asia (FAO),,2023,6.1042004
Central Asia (FAO),,2024,6.3873
Chad,TCD,1961,1.0455
Chad,TCD,1962,1.0064001
Chad,TCD,1963,1.2830001
Chad,TCD,1964,1.4074001
Chad,TCD,1965,0.91270006
Chad,TCD,1966,1.3042
Chad,TCD,1967,1.3079001
Chad,TCD,1968,1.1298001
Chad,TCD,1969,1.0071
Chad,TCD,1970,0.96230006
Chad,TCD,1971,0.93520004
Chad,TCD,1972,0.79920006
Chad,TCD,1973,0.7636
Chad,TCD,1974,0.8479001
Chad,TCD,1975,0.9574001
Chad,TCD,1976,1.0643001
Chad,TCD,1977,1.1905
Chad,TCD,1978,0.41400003
Chad,TCD,1979,0.514
Chad,TCD,1980,1.1700001
Chad,TCD,1981,1.095
Chad,TCD,1982,0.5636
Chad,TCD,1983,0.47120005
Chad,TCD,1984,0.38620004
Chad,TCD,1985,0.52870005
Chad,TCD,1986,0.8083
Chad,TCD,1987,0.9131
Chad,TCD,1988,2.3363001
Chad,TCD,1989,2.7888002
Chad,TCD,1990,1.7916001
Chad,TCD,1991,2.4287
Chad,TCD,1992,2.0265
Chad,TCD,1993,0.5586
Chad,TCD,1994,1.7414001
Chad,TCD,1995,1.1342
Chad,TCD,1996,1.5685
Chad,TCD,1997,1.2903001
Chad,TCD,1998,1.3125001
Chad,TCD,1999,1.7421
Chad,TCD,2000,1.0341
Chad,TCD,2001,1.2868001
Chad,TCD,2002,1.2994001
Chad,TCD,2003,1.1859001
Chad,TCD,2004,0.97050005
Chad,TCD,2005,1.3264
Chad,TCD,2006,1.0263001
Chad,TCD,2007,1.2486
Chad,TCD,2008,1.5696001
Chad,TCD,2009,1.0481
Chad,TCD,2010,1.3415
Chad,TCD,2011,1.4296
Chad,TCD,2012,1.2978001
Chad,TCD,2013,1.7377
Chad,TCD,2014,1.5699002
Chad,TCD,2015,1.4155
Chad,TCD,2016,1.4128001
Chad,TCD,2017,1.3797001
Chad,TCD,2018,1.3967
Chad,TCD,2019,1.5108001
Chad,TCD,2020,1.4698001
Chad,TCD,2021,1.3181001
Chad,TCD,2022,1.3097
Chad,TCD,2023,1.2762
Chad,TCD,2024,1.3507
Chile,CHL,1961,2.7207
Chile,CHL,1962,2.8342001
Chile,CHL,1963,2.5695002
Chile,CHL,1964,2.6328
Chile,CHL,1965,2.9114
Chile,CHL,1966,2.0795002
Chile,CHL,1967,2.5455
Chile,CHL,1968,2.8783002
Chile,CHL,1969,2.2680001
Chile,CHL,1970,3.0228002
Chile,CHL,1971,2.4615002
Chile,CHL,1972,3.3574002
Chile,CHL,1973,2.9640002
Chile,CHL,1974,2.4946003
Chile,CHL,1975,3.3383002
Chile,CHL,1976,3.4152
Chile,CHL,1977,3.3844001
Chile,CHL,1978,3.2105002
Chile,CHL,1979,3.8489
Chile,CHL,1980,2.3369
Chile,CHL,1981,3.1764
Chile,CHL,1982,3.5492
Chile,CHL,1983,3.7976003
Chile,CHL,1984,4.1377006
Chile,CHL,1985,4.0667
Chile,CHL,1986,3.9559002
Chile,CHL,1987,3.9451003
Chile,CHL,1988,4.171
Chile,CHL,1989,4.3077006
Chile,CHL,1990,4.1734
Chile,CHL,1991,3.9366002
Chile,CHL,1992,4.2044
Chile,CHL,1993,4.4921002
Chile,CHL,1994,4.3834
Chile,CHL,1995,4.3
Chile,CHL,1996,4.7704
Chile,CHL,1997,3.6336002
Chile,CHL,1998,3.9089
Chile,CHL,1999,4.1508
Chile,CHL,2000,5.2414002
Chile,CHL,2001,5.0179
Chile,CHL,2002,5.0724
Chile,CHL,2003,4.9893003
Chile,CHL,2004,4.7898
Chile,CHL,2005,4.6677003
Chile,CHL,2006,5.7296004
Chile,CHL,2007,5.0663
Chile,CHL,2008,5.7920003
Chile,CHL,2009,5.3763
Chile,CHL,2010,3.8599
Chile,CHL,2011,5.1899
Chile,CHL,2012,6.2435
Chile,CHL,2013,6.2051005
Chile,CHL,2014,6.0221004
Chile,CHL,2015,6.8972006
Chile,CHL,2016,6.5564003
Chile,CHL,2017,6.1072006
Chile,CHL,2018,6.531
Chile,CHL,2019,6.6648
Chile,CHL,2020,6.4294004
Chile,CHL,2021,6.3612003
Chile,CHL,2022,4.855
Chile,CHL,2023,6.0871005
Chile,CHL,2024,6.8321004
China,CHN,1961,2.0434
China,CHN,1962,2.3408
China,CHN,1963,2.6642
China,CHN,1964,2.8062
China,CHN,1965,2.9441001
China,CHN,1966,3.1277
China,CHN,1967,3.0811002
China,CHN,1968,3.1653001
China,CHN,1969,3.1269
China,CHN,1970,3.4025002
China,CHN,1971,3.3026001
China,CHN,1972,3.2288003
China,CHN,1973,3.4727
China,CHN,1974,3.4926002
China,CHN,1975,3.5178003
China,CHN,1976,3.4771004
China,CHN,1977,3.6226003
China,CHN,1978,3.9781003
China,CHN,1979,4.2481003
China,CHN,1980,4.1338
China,CHN,1981,4.328
China,CHN,1982,4.8913
China,CHN,1983,5.0961003
China,CHN,1984,5.3726006
China,CHN,1985,5.2563
China,CHN,1986,5.3376
China,CHN,1987,5.413
China,CHN,1988,5.2868
China,CHN,1989,5.5085
China,CHN,1990,5.7261004
China,CHN,1991,5.6402006
China,CHN,1992,5.8031006
China,CHN,1993,5.8479004
China,CHN,1994,5.8311005
China,CHN,1995,6.0248003
China,CHN,1996,6.2122006
China,CHN,1997,6.3192005
China,CHN,1998,6.3662004
China,CHN,1999,6.3447003
China,CHN,2000,6.2716002
China,CHN,2001,6.1633
China,CHN,2002,6.189
China,CHN,2003,6.0607004
China,CHN,2004,6.3106003
China,CHN,2005,6.2602005
China,CHN,2006,6.2796006
China,CHN,2007,6.433
China,CHN,2008,6.5625005
China,CHN,2009,6.5853
China,CHN,2010,6.5530005
China,CHN,2011,6.6873
China,CHN,2012,6.7769003
China,CHN,2013,6.7173
China,CHN,2014,6.8132005
China,CHN,2015,6.8913
China,CHN,2016,6.8657007
China,CHN,2017,6.9169
China,CHN,2018,7.0266004
China,CHN,2019,7.0601006
China,CHN,2020,7.0432005
China,CHN,2021,7.1135
China,CHN,2022,7.0796003
China,CHN,2023,7.1368003
China,CHN,2024,7.1545005
China (FAO),,1961,2.0787
China (FAO),,1962,2.3700001
China (FAO),,1963,2.6833003
China (FAO),,1964,2.8289
China (FAO),,1965,2.9667
China (FAO),,1966,3.1445003
China (FAO),,1967,3.1006002
China (FAO),,1968,3.1868002
China (FAO),,1969,3.1415002
China (FAO),,1970,3.4162002
China (FAO),,1971,3.3145
China (FAO),,1972,3.2475002
China (FAO),,1973,3.4818003
China (FAO),,1974,3.5033002
China (FAO),,1975,3.5283003
China (FAO),,1976,3.4957001
China (FAO),,1977,3.6373003
China (FAO),,1978,3.9809
China (FAO),,1979,4.2491
China (FAO),,1980,4.1435003
China (FAO),,1981,4.3315
China (FAO),,1982,4.8888
China (FAO),,1983,5.0918
China (FAO),,1984,5.3634
China (FAO),,1985,5.2498
China (FAO),,1986,5.3272004
China (FAO),,1987,5.4035
China (FAO),,1988,5.2819
China (FAO),,1989,5.5005
China (FAO),,1990,5.7166004
China (FAO),,1991,5.6369
China (FAO),,1992,5.7959003
China (FAO),,1993,5.8462005
China (FAO),,1994,5.8288
China (FAO),,1995,6.0210004
China (FAO),,1996,6.2050004
China (FAO),,1997,6.3111005
China (FAO),,1998,6.3529
China (FAO),,1999,6.3344
China (FAO),,2000,6.2642007
China (FAO),,2001,6.1524
China (FAO),,2002,6.1856003
China (FAO),,2003,6.0606003
China (FAO),,2004,6.3084
China (FAO),,2005,6.2527003
China (FAO),,2006,6.2764
China (FAO),,2007,6.4224
China (FAO),,2008,6.5558
China (FAO),,2009,6.5820003
China (FAO),,2010,6.5482006
China (FAO),,2011,6.6862006
China (FAO),,2012,6.7747006
China (FAO),,2013,6.7100005
China (FAO),,2014,6.8095
China (FAO),,2015,6.8863
China (FAO),,2016,6.8563004
China (FAO),,2017,6.9122005
China (FAO),,2018,7.0280004
China (FAO),,2019,7.0562005
China (FAO),,2020,7.0402007
China (FAO),,2021,7.1124
China (FAO),,2022,7.0758
China (FAO),,2023,7.1324
China (FAO),,2024,7.1495004
Colombia,COL,1961,1.9975001
Colombia,COL,1962,1.9661001
Colombia,COL,1963,2.1654
Colombia,COL,1964,1.9835001
Colombia,COL,1965,1.7932
Colombia,COL,1966,1.9429001
Colombia,COL,1967,2.2755
Colombia,COL,1968,2.8373003
Colombia,COL,1969,2.7728002
Colombia,COL,1970,3.2271001
Colombia,COL,1971,3.5673003
Colombia,COL,1972,3.8098001
Colombia,COL,1973,4.0427003
Colombia,COL,1974,4.2598
Colombia,COL,1975,4.2528
Colombia,COL,1976,4.1634
Colombia,COL,1977,4.1564
Colombia,COL,1978,4.3246
Colombia,COL,1979,4.249
Colombia,COL,1980,4.3074
Colombia,COL,1981,4.2772
Colombia,COL,1982,4.2693
Colombia,COL,1983,4.2622004
Colombia,COL,1984,4.6235003
Colombia,COL,1985,4.6994
Colombia,COL,1986,4.6774
Colombia,COL,1987,5.3501005
Colombia,COL,1988,4.564
Colombia,COL,1989,4.0748
Colombia,COL,1990,4.0618005
Colombia,COL,1991,3.9959002
Colombia,COL,1992,4.096
Colombia,COL,1993,4.1202
Colombia,COL,1994,4.059
Colombia,COL,1995,4.2840004
Colombia,COL,1996,4.0794
Colombia,COL,1997,4.6445003
Colombia,COL,1998,4.7116003
Colombia,COL,1999,4.8009
Colombia,COL,2000,4.7324
Colombia,COL,2001,4.5472
Colombia,COL,2002,4.8001003
Colombia,COL,2003,4.8536005
Colombia,COL,2004,4.8038
Colombia,COL,2005,4.8388
Colombia,COL,2006,4.5717006
Colombia,COL,2007,4.9020004
Colombia,COL,2008,4.8887005
Colombia,COL,2009,4.6956005
Colombia,COL,2010,4.1223
Colombia,COL,2011,3.9589
Colombia,COL,2012,4.0403004
Colombia,COL,2013,3.8448002
Colombia,COL,2014,4.018
Colombia,COL,2015,4.13
Colombia,COL,2016,4.3323
Colombia,COL,2017,4.0808
Colombia,COL,2018,4.3922005
Colombia,COL,2019,4.4657006
Colombia,COL,2020,4.6319003
Colombia,COL,2021,4.4805
Colombia,COL,2022,4.6307006
Colombia,COL,2023,4.5035
Colombia,COL,2024,4.5006003
Comoros,COM,1961,1.125
Comoros,COM,1962,1.125
Comoros,COM,1963,1.0989001
Comoros,COM,1964,1.1957
Comoros,COM,1965,1.1009
Comoros,COM,1966,1.0833001
Comoros,COM,1967,1.1009
Comoros,COM,1968,1.2222
Comoros,COM,1969,1.1111001
Comoros,COM,1970,1.1111001
Comoros,COM,1971,0.88890004
Comoros,COM,1972,0.989
Comoros,COM,1973,1.087
Comoros,COM,1974,1.1579001
Comoros,COM,1975,1.2632
Comoros,COM,1976,1.2
Comoros,COM,1977,1.2621
Comoros,COM,1978,1.2381
Comoros,COM,1979,1.0833001
Comoros,COM,1980,1.0833001
Comoros,COM,1981,1.0833001
Comoros,COM,1982,1.0833001
Comoros,COM,1983,1.0833001
Comoros,COM,1984,1.0154
Comoros,COM,1985,1.0156
Comoros,COM,1986,1.0156
Comoros,COM,1987,1.0156
Comoros,COM,1988,1.0156
Comoros,COM,1989,1.1538001
Comoros,COM,1990,1.1407
Comoros,COM,1991,0.30200002
Comoros,COM,1992,0.2999
Comoros,COM,1993,0.30020002
Comoros,COM,1994,0.30040002
Comoros,COM,1995,0.30060002
Comoros,COM,1996,0.3008
Comoros,COM,1997,0.3008
Comoros,COM,1998,0.3008
Comoros,COM,1999,0.30070004
Comoros,COM,2000,0.30040002
Comoros,COM,2001,0.3009
Comoros,COM,2002,0.2999
Comoros,COM,2003,0.29900002
Comoros,COM,2004,0.3013
Comoros,COM,2005,0.2963
Comoros,COM,2006,0.29470003
Comoros,COM,2007,0.2935
Comoros,COM,2008,0.287
Comoros,COM,2009,0.29170004
Comoros,COM,2010,0.28570002
Comoros,COM,2011,0.30770004
Comoros,COM,2012,0.28570002
Comoros,COM,2013,0.3
Comoros,COM,2014,0.2991
Comoros,COM,2015,0.2975
Comoros,COM,2016,0.29860002
Comoros,COM,2017,0.2989
Comoros,COM,2018,0.2978
Comoros,COM,2019,0.29720002
Comoros,COM,2020,0.2978
Comoros,COM,2021,0.2989
Comoros,COM,2022,0.3
Comoros,COM,2023,0.30010003
Comoros,COM,2024,0.3003
Congo,COG,1961,0.70000005
Congo,COG,1962,0.6961
Congo,COG,1963,0.8043
Congo,COG,1964,0.86020005
Congo,COG,1965,1.0417
Congo,COG,1966,2
Congo,COG,1967,2.3333
Congo,COG,1968,2.2857
Congo,COG,1969,1.7143002
Congo,COG,1970,2
Congo,COG,1971,1.6667
Congo,COG,1972,1.2
Congo,COG,1973,1.0458001
Congo,COG,1974,1
Congo,COG,1975,1
Congo,COG,1976,1
Congo,COG,1977,1
Congo,COG,1978,1
Congo,COG,1979,1
Congo,COG,1980,1.0096
Congo,COG,1981,1.0519
Congo,COG,1982,1.0481
Congo,COG,1983,1.0238
Congo,COG,1984,1.065
Congo,COG,1985,1.0222001
Congo,COG,1986,1.365
Congo,COG,1987,1.1764001
Congo,COG,1988,1.1258001
Congo,COG,1989,1.1062
Congo,COG,1990,0.84940004
Congo,COG,1991,0.79890007
Congo,COG,1992,0.7922
Congo,COG,1993,0.81000006
Congo,COG,1994,0.76370007
Congo,COG,1995,0.6881
Congo,COG,1996,0.71930003
Congo,COG,1997,0.70000005
Congo,COG,1998,0.7117
Congo,COG,1999,0.6998
Congo,COG,2000,0.6998
Congo,COG,2001,0.70000005
Congo,COG,2002,0.7001
Congo,COG,2003,0.7059001
Congo,COG,2004,0.69000006
Congo,COG,2005,0.57890004
Congo,COG,2006,0.5946
Congo,COG,2007,0.57890004
Congo,COG,2008,0.619
Congo,COG,2009,0.65220004
Congo,COG,2010,0.6256
Congo,COG,2011,0.6086
Congo,COG,2012,0.611
Congo,COG,2013,0.60590005
Congo,COG,2014,0.59770006
Congo,COG,2015,0.5998
Congo,COG,2016,0.59180003
Congo,COG,2017,0.5852
Congo,COG,2018,0.57900006
Congo,COG,2019,0.5737
Congo,COG,2020,0.56290007
Congo,COG,2021,0.56170005
Congo,COG,2022,0.5641
Congo,COG,2023,0.56090003
Congo,COG,2024,0.5576
Costa Rica,CRI,1961,1.2531
Costa Rica,CRI,1962,1.2568
Costa Rica,CRI,1963,1.345
Costa Rica,CRI,1964,1.4338001
Costa Rica,CRI,1965,1.5566001
Costa Rica,CRI,1966,1.6104001
Costa Rica,CRI,1967,1.6667
Costa Rica,CRI,1968,1.7323002
Costa Rica,CRI,1969,1.7901001
Costa Rica,CRI,1970,1.8341
Costa Rica,CRI,1971,2.5831003
Costa Rica,CRI,1972,2.775
Costa Rica,CRI,1973,1.5890001
Costa Rica,CRI,1974,1.5934001
Costa Rica,CRI,1975,2.2461002
Costa Rica,CRI,1976,1.8675001
Costa Rica,CRI,1977,2.3738003
Costa Rica,CRI,1978,2.6116002
Costa Rica,CRI,1979,2.7447002
Costa Rica,CRI,1980,3.8438003
Costa Rica,CRI,1981,2.7809
Costa Rica,CRI,1982,1.8966
Costa Rica,CRI,1983,3.3720002
Costa Rica,CRI,1984,3.0793002
Costa Rica,CRI,1985,3.0352
Costa Rica,CRI,1986,3.0638
Costa Rica,CRI,1987,3.0281003
Costa Rica,CRI,1988,3.5211003
Costa Rica,CRI,1989,3.6313002
Costa Rica,CRI,1990,4.2823
Costa Rica,CRI,1991,4.4019003
Costa Rica,CRI,1992,3.8418002
Costa Rica,CRI,1993,4.1264
Costa Rica,CRI,1994,4.5875
Costa Rica,CRI,1995,4.4518
Costa Rica,CRI,1996,4.1102004
Costa Rica,CRI,1997,4.3652005
Costa Rica,CRI,1998,4.2668
Costa Rica,CRI,1999,4.0875
Costa Rica,CRI,2000,3.8975003
Costa Rica,CRI,2001,3.8039
Costa Rica,CRI,2002,3.9623003
Costa Rica,CRI,2003,3.3979
Costa Rica,CRI,2004,3.1749
Costa Rica,CRI,2005,3.3169
Costa Rica,CRI,2006,3.9744
Costa Rica,CRI,2007,3.8036003
Costa Rica,CRI,2008,4.0974
Costa Rica,CRI,2009,4.1001005
Costa Rica,CRI,2010,3.3485003
Costa Rica,CRI,2011,3.5402002
Costa Rica,CRI,2012,3.7933002
Costa Rica,CRI,2013,3.3822
Costa Rica,CRI,2014,4.8799
Costa Rica,CRI,2015,4.0031004
Costa Rica,CRI,2016,4.2381005
Costa Rica,CRI,2017,3.9878001
Costa Rica,CRI,2018,4.6442003
Costa Rica,CRI,2019,4.5140004
Costa Rica,CRI,2020,3.6701002
Costa Rica,CRI,2021,4.5812006
Costa Rica,CRI,2022,4.3841004
Costa Rica,CRI,2023,5.131
Costa Rica,CRI,2024,4.3559003
Cote d'Ivoire,CIV,1961,0.7573
Cote d'Ivoire,CIV,1962,0.8808
Cote d'Ivoire,CIV,1963,0.8939001
Cote d'Ivoire,CIV,1964,0.91510004
Cote d'Ivoire,CIV,1965,0.95790005
Cote d'Ivoire,CIV,1966,1.0682
Cote d'Ivoire,CIV,1967,1.1452
Cote d'Ivoire,CIV,1968,1.218
Cote d'Ivoire,CIV,1969,1.051
Cote d'Ivoire,CIV,1970,1.0917
Cote d'Ivoire,CIV,1971,1.3652
Cote d'Ivoire,CIV,1972,1.1348001
Cote d'Ivoire,CIV,1973,1.1552
Cote d'Ivoire,CIV,1974,1.2808001
Cote d'Ivoire,CIV,1975,1.2718002
Cote d'Ivoire,CIV,1976,1.1558001
Cote d'Ivoire,CIV,1977,1.1663
Cote d'Ivoire,CIV,1978,1.1776
Cote d'Ivoire,CIV,1979,1.192
Cote d'Ivoire,CIV,1980,1.1667
Cote d'Ivoire,CIV,1981,1.1471
Cote d'Ivoire,CIV,1982,1.2857
Cote d'Ivoire,CIV,1983,0.9474001
Cote d'Ivoire,CIV,1984,1.2506
Cote d'Ivoire,CIV,1985,1.2
Cote d'Ivoire,CIV,1986,1.1002
Cote d'Ivoire,CIV,1987,1.1328001
Cote d'Ivoire,CIV,1988,1.2004001
Cote d'Ivoire,CIV,1989,1.2
Cote d'Ivoire,CIV,1990,1.2010001
Cote d'Ivoire,CIV,1991,1.0512
Cote d'Ivoire,CIV,1992,1.0169001
Cote d'Ivoire,CIV,1993,1.3360001
Cote d'Ivoire,CIV,1994,1.0863001
Cote d'Ivoire,CIV,1995,1.0642
Cote d'Ivoire,CIV,1996,1.4643002
Cote d'Ivoire,CIV,1997,1.2142
Cote d'Ivoire,CIV,1998,1.5599
Cote d'Ivoire,CIV,1999,1.7827001
Cote d'Ivoire,CIV,2000,1.8210001
Cote d'Ivoire,CIV,2001,1.8612001
Cote d'Ivoire,CIV,2002,1.9001001
Cote d'Ivoire,CIV,2003,1.9410001
Cote d'Ivoire,CIV,2004,1.9989002
Cote d'Ivoire,CIV,2005,1.9932001
Cote d'Ivoire,CIV,2006,1.9349002
Cote d'Ivoire,CIV,2007,1.7012
Cote d'Ivoire,CIV,2008,1.8541001
Cote d'Ivoire,CIV,2009,1.8224001
Cote d'Ivoire,CIV,2010,3.0546002
Cote d'Ivoire,CIV,2011,2.2993002
Cote d'Ivoire,CIV,2012,2.3526
Cote d'Ivoire,CIV,2013,2.4545002
Cote d'Ivoire,CIV,2014,2.4962
Cote d'Ivoire,CIV,2015,2.5509
Cote d'Ivoire,CIV,2016,2.6327
Cote d'Ivoire,CIV,2017,2.6817
Cote d'Ivoire,CIV,2018,2.7310002
Cote d'Ivoire,CIV,2019,2.7922
Cote d'Ivoire,CIV,2020,2.732
Cote d'Ivoire,CIV,2021,2.7359
Cote d'Ivoire,CIV,2022,2.5621002
Cote d'Ivoire,CIV,2023,2.7802
Cote d'Ivoire,CIV,2024,2.9354
Cuba,CUB,1961,1.3794001
Cuba,CUB,1962,1.4062
Cuba,CUB,1963,1.6921
Cuba,CUB,1964,1.7326001
Cuba,CUB,1965,1.4466001
Cuba,CUB,1966,2
Cuba,CUB,1967,1.6249001
Cuba,CUB,1968,1.582
Cuba,CUB,1969,1.7507
Cuba,CUB,1970,1.9177
Cuba,CUB,1971,2.1007001
Cuba,CUB,1972,1.8695
Cuba,CUB,1973,1.4896001
Cuba,CUB,1974,2.1441002
Cuba,CUB,1975,2.5068002
Cuba,CUB,1976,2.7633002
Cuba,CUB,1977,3.0033002
Cuba,CUB,1978,3.0149
Cuba,CUB,1979,2.8825002
Cuba,CUB,1980,3.2428002
Cuba,CUB,1981,3.1917002
Cuba,CUB,1982,3.4489
Cuba,CUB,1983,3.4718003
Cuba,CUB,1984,3.4543002
Cuba,CUB,1985,3.2935002
Cuba,CUB,1986,3.3442001
Cuba,CUB,1987,3.0401003
Cuba,CUB,1988,3.2273002
Cuba,CUB,1989,3.2038002
Cuba,CUB,1990,3.058
Cuba,CUB,1991,2.8105001
Cuba,CUB,1992,2.1902
Cuba,CUB,1993,1.9113002
Cuba,CUB,1994,2.3247
Cuba,CUB,1995,2.5604
Cuba,CUB,1996,2.4574
Cuba,CUB,1997,2.8781002
Cuba,CUB,1998,2.2772
Cuba,CUB,1999,3.2673001
Cuba,CUB,2000,2.7625
Cuba,CUB,2001,3.2689002
Cuba,CUB,2002,3.4959002
Cuba,CUB,2003,3.4985
Cuba,CUB,2004,3.0977
Cuba,CUB,2005,2.89
Cuba,CUB,2006,3.0400002
Cuba,CUB,2007,3.2300003
Cuba,CUB,2008,2.8036003
Cuba,CUB,2009,2.6123002
Cuba,CUB,2010,2.5755
Cuba,CUB,2011,2.7225
Cuba,CUB,2012,3.1651003
Cuba,CUB,2013,3.4
Cuba,CUB,2014,3.4085002
Cuba,CUB,2015,3.7269
Cuba,CUB,2016,3.6713002
Cuba,CUB,2017,3.6022
Cuba,CUB,2018,3.4466002
Cuba,CUB,2019,3.3460002
Cuba,CUB,2020,3.5739
Cuba,CUB,2021,3.3944001
Cuba,CUB,2022,2.7127001
Cuba,CUB,2023,1.9619001
Cuba,CUB,2024,2.0631
Democratic Republic of Congo,COD,1961,0.80450004
Democratic Republic of Congo,COD,1962,0.7968
Democratic Republic of Congo,COD,1963,0.8
Democratic Republic of Congo,COD,1964,0.80880004
Democratic Republic of Congo,COD,1965,0.47890002
Democratic Republic of Congo,COD,1966,0.80090004
Democratic Republic of Congo,COD,1967,0.80340004
Democratic Republic of Congo,COD,1968,0.8047001
Democratic Republic of Congo,COD,1969,0.8
Democratic Republic of Congo,COD,1970,0.7357001
Democratic Republic of Congo,COD,1971,0.7356
Democratic Republic of Congo,COD,1972,0.77610004
Democratic Republic of Congo,COD,1973,0.772
Democratic Republic of Congo,COD,1974,0.77040005
Democratic Republic of Congo,COD,1975,0.776
Democratic Republic of Congo,COD,1976,0.7803
Democratic Republic of Congo,COD,1977,0.772
Democratic Republic of Congo,COD,1978,0.76530004
Democratic Republic of Congo,COD,1979,0.8001
Democratic Republic of Congo,COD,1980,0.79990005
Democratic Republic of Congo,COD,1981,0.8161
Democratic Republic of Congo,COD,1982,0.8118
Democratic Republic of Congo,COD,1983,0.85270005
Democratic Republic of Congo,COD,1984,0.87520003
Democratic Republic of Congo,COD,1985,0.80200005
Democratic Republic of Congo,COD,1986,0.80200005
Democratic Republic of Congo,COD,1987,0.80300003
Democratic Republic of Congo,COD,1988,0.80300003
Democratic Republic of Congo,COD,1989,0.80500007
Democratic Republic of Congo,COD,1990,0.80520004
Democratic Republic of Congo,COD,1991,0.80390006
Democratic Republic of Congo,COD,1992,0.725
Democratic Republic of Congo,COD,1993,0.72220004
Democratic Republic of Congo,COD,1994,0.7256
Democratic Republic of Congo,COD,1995,0.73590004
Democratic Republic of Congo,COD,1996,0.75490004
Democratic Republic of Congo,COD,1997,0.75500005
Democratic Republic of Congo,COD,1998,0.75500005
Democratic Republic of Congo,COD,1999,0.75500005
Democratic Republic of Congo,COD,2000,0.75500005
Democratic Republic of Congo,COD,2001,0.75500005
Democratic Republic of Congo,COD,2002,0.75500005
Democratic Republic of Congo,COD,2003,0.75500005
Democratic Republic of Congo,COD,2004,0.75500005
Democratic Republic of Congo,COD,2005,0.75500005
Democratic Republic of Congo,COD,2006,0.75500005
Democratic Republic of Congo,COD,2007,0.75500005
Democratic Republic of Congo,COD,2008,0.75500005
Democratic Republic of Congo,COD,2009,0.75500005
Democratic Republic of Congo,COD,2010,0.757
Democratic Republic of Congo,COD,2011,0.757
Democratic Republic of Congo,COD,2012,0.7573
Democratic Republic of Congo,COD,2013,0.75900006
Democratic Republic of Congo,COD,2014,0.7588
Democratic Republic of Congo,COD,2015,0.7587001
Democratic Republic of Congo,COD,2016,0.8141
Democratic Republic of Congo,COD,2017,0.8416
Democratic Republic of Congo,COD,2018,0.90090007
Democratic Republic of Congo,COD,2019,0.97220004
Democratic Republic of Congo,COD,2020,1.1184001
Democratic Republic of Congo,COD,2021,1.1883001
Democratic Republic of Congo,COD,2022,0.9965001
Democratic Republic of Congo,COD,2023,1.0318002
Democratic Republic of Congo,COD,2024,1.0519
Dominican Republic,DOM,1961,1.9458002
Dominican Republic,DOM,1962,1.9190001
Dominican Republic,DOM,1963,1.9642
Dominican Republic,DOM,1964,2.2009
Dominican Republic,DOM,1965,2.2032
Dominican Republic,DOM,1966,2.3409
Dominican Republic,DOM,1967,2.0769
Dominican Republic,DOM,1968,2.0600002
Dominican Republic,DOM,1969,2.3214
Dominican Republic,DOM,1970,2.5293002
Dominican Republic,DOM,1971,2.8649
Dominican Republic,DOM,1972,3.2036002
Dominican Republic,DOM,1973,3.4384
Dominican Republic,DOM,1974,3.8550003
Dominican Republic,DOM,1975,2.4618
Dominican Republic,DOM,1976,2.7340002
Dominican Republic,DOM,1977,2.7359
Dominican Republic,DOM,1978,3.4246004
Dominican Republic,DOM,1979,3.4445002
Dominican Republic,DOM,1980,3.5509
Dominican Republic,DOM,1981,3.6035001
Dominican Republic,DOM,1982,4.339
Dominican Republic,DOM,1983,4.7671003
Dominican Republic,DOM,1984,4.3366003
Dominican Republic,DOM,1985,4.4764
Dominican Republic,DOM,1986,4.6592
Dominican Republic,DOM,1987,4.4775004
Dominican Republic,DOM,1988,4.2093
Dominican Republic,DOM,1989,4.5350003
Dominican Republic,DOM,1990,4.7851005
Dominican Republic,DOM,1991,4.8092003
Dominican Republic,DOM,1992,8.976701
Dominican Republic,DOM,1993,5.0096
Dominican Republic,DOM,1994,4.6589003
Dominican Republic,DOM,1995,4.7722006
Dominican Republic,DOM,1996,4.6016
Dominican Republic,DOM,1997,4.8213
Dominican Republic,DOM,1998,4.2709002
Dominican Republic,DOM,1999,4.5422006
Dominican Republic,DOM,2000,4.6372004
Dominican Republic,DOM,2001,4.8950005
Dominican Republic,DOM,2002,4.8593
Dominican Republic,DOM,2003,4.6392
Dominican Republic,DOM,2004,4.3044
Dominican Republic,DOM,2005,4.2047005
Dominican Republic,DOM,2006,4.6865
Dominican Republic,DOM,2007,4.8112006
Dominican Republic,DOM,2008,4.8268
Dominican Republic,DOM,2009,4.2862005
Dominican Republic,DOM,2010,4.7651005
Dominican Republic,DOM,2011,5.0057006
Dominican Republic,DOM,2012,4.1266003
Dominican Republic,DOM,2013,4.5123
Dominican Republic,DOM,2014,5.0167003
Dominican Republic,DOM,2015,5.1705003
Dominican Republic,DOM,2016,5.2180004
Dominican Republic,DOM,2017,5.1898003
Dominican Republic,DOM,2018,5.0116005
Dominican Republic,DOM,2019,5.1445003
Dominican Republic,DOM,2020,5.103
Dominican Republic,DOM,2021,5.2637005
Dominican Republic,DOM,2022,5.0855002
Dominican Republic,DOM,2023,4.9358
Dominican Republic,DOM,2024,5.1044
East Timor,TLS,1961,1.9949001
East Timor,TLS,1962,1.7
East Timor,TLS,1963,1.5385001
East Timor,TLS,1964,1.3652
East Timor,TLS,1965,1.6599001
East Timor,TLS,1966,1.6599001
East Timor,TLS,1967,1.7576001
East Timor,TLS,1968,1.9605001
East Timor,TLS,1969,1.8239001
East Timor,TLS,1970,1.7933002
East Timor,TLS,1971,1.5034001
East Timor,TLS,1972,1.7939001
East Timor,TLS,1973,1.9486
East Timor,TLS,1974,2.3000002
East Timor,TLS,1975,2.0833
East Timor,TLS,1976,2
East Timor,TLS,1977,2
East Timor,TLS,1978,2
East Timor,TLS,1979,2
East Timor,TLS,1980,2
East Timor,TLS,1981,2
East Timor,TLS,1982,2
East Timor,TLS,1983,2
East Timor,TLS,1984,2.0069
East Timor,TLS,1985,2
East Timor,TLS,1986,2
East Timor,TLS,1987,2.1305
East Timor,TLS,1988,2.1562002
East Timor,TLS,1989,2.5873
East Timor,TLS,1990,2.6361003
East Timor,TLS,1991,2.6237001
East Timor,TLS,1992,2.7169
East Timor,TLS,1993,2.7453003
East Timor,TLS,1994,2.5759
East Timor,TLS,1995,2.5822
East Timor,TLS,1996,2.6726003
East Timor,TLS,1997,2.6742
East Timor,TLS,1998,2.6651003
East Timor,TLS,1999,2.6489
East Timor,TLS,2000,3.0000002
East Timor,TLS,2001,1.5384
East Timor,TLS,2002,1.5330001
East Timor,TLS,2003,1.5025
East Timor,TLS,2004,1.5215001
East Timor,TLS,2005,1.4722
East Timor,TLS,2006,1.2313001
East Timor,TLS,2007,1.5105001
East Timor,TLS,2008,1.7587
East Timor,TLS,2009,3.0970001
East Timor,TLS,2010,3.0898001
East Timor,TLS,2011,2.7642
East Timor,TLS,2012,2.8451002
East Timor,TLS,2013,3.1192
East Timor,TLS,2014,3.1186001
East Timor,TLS,2015,3.1082
East Timor,TLS,2016,3.1168003
East Timor,TLS,2017,2.7055001
East Timor,TLS,2018,3.3529
East Timor,TLS,2019,2.1418002
East Timor,TLS,2020,2.6430001
East Timor,TLS,2021,1.6966001
East Timor,TLS,2022,2.1698
East Timor,TLS,2023,2.1698
East Timor,TLS,2024,2.1698
Eastern Africa (FAO),,1961,1.7221
Eastern Africa (FAO),,1962,1.7340001
Eastern Africa (FAO),,1963,1.7817
Eastern Africa (FAO),,1964,1.8372
Eastern Africa (FAO),,1965,1.8083001
Eastern Africa (FAO),,1966,1.5526
Eastern Africa (FAO),,1967,1.6208001
Eastern Africa (FAO),,1968,1.6305001
Eastern Africa (FAO),,1969,1.7314001
Eastern Africa (FAO),,1970,1.7621001
Eastern Africa (FAO),,1971,1.7418002
Eastern Africa (FAO),,1972,1.7459002
Eastern Africa (FAO),,1973,1.8527
Eastern Africa (FAO),,1974,1.7986001
Eastern Africa (FAO),,1975,1.7304001
Eastern Africa (FAO),,1976,1.7461001
Eastern Africa (FAO),,1977,1.6522
Eastern Africa (FAO),,1978,1.6142
Eastern Africa (FAO),,1979,1.5675001
Eastern Africa (FAO),,1980,1.608
Eastern Africa (FAO),,1981,1.4857
Eastern Africa (FAO),,1982,1.5171001
Eastern Africa (FAO),,1983,1.7087001
Eastern Africa (FAO),,1984,1.6797
Eastern Africa (FAO),,1985,1.7736001
Eastern Africa (FAO),,1986,1.8378001
Eastern Africa (FAO),,1987,1.8699001
Eastern Africa (FAO),,1988,1.8351
Eastern Africa (FAO),,1989,1.9514002
Eastern Africa (FAO),,1990,1.9487001
Eastern Africa (FAO),,1991,1.8765001
Eastern Africa (FAO),,1992,1.8030001
Eastern Africa (FAO),,1993,1.9244001
Eastern Africa (FAO),,1994,1.8989002
Eastern Africa (FAO),,1995,1.8919001
Eastern Africa (FAO),,1996,1.9147
Eastern Africa (FAO),,1997,1.8453001
Eastern Africa (FAO),,1998,1.7151
Eastern Africa (FAO),,1999,1.9613001
Eastern Africa (FAO),,2000,1.9002
Eastern Africa (FAO),,2001,2.0524
Eastern Africa (FAO),,2002,1.7825
Eastern Africa (FAO),,2003,1.8945001
Eastern Africa (FAO),,2004,1.9523002
Eastern Africa (FAO),,2005,2.0447001
Eastern Africa (FAO),,2006,2.1360002
Eastern Africa (FAO),,2007,2.3026001
Eastern Africa (FAO),,2008,2.1727002
Eastern Africa (FAO),,2009,2.4897
Eastern Africa (FAO),,2010,2.7794
Eastern Africa (FAO),,2011,2.6362002
Eastern Africa (FAO),,2012,2.6880002
Eastern Africa (FAO),,2013,2.5969
Eastern Africa (FAO),,2014,2.6616
Eastern Africa (FAO),,2015,2.6586003
Eastern Africa (FAO),,2016,2.5669
Eastern Africa (FAO),,2017,2.2892
Eastern Africa (FAO),,2018,2.5487
Eastern Africa (FAO),,2019,2.4027
Eastern Africa (FAO),,2020,2.588
Eastern Africa (FAO),,2021,2.674
Eastern Africa (FAO),,2022,2.7195
Eastern Africa (FAO),,2023,2.4096003
Eastern Africa (FAO),,2024,2.469
Eastern Asia (FAO),,1961,2.4719
Eastern Asia (FAO),,1962,2.7182
Eastern Asia (FAO),,1963,3.0041003
Eastern Asia (FAO),,1964,3.1096003
Eastern Asia (FAO),,1965,3.1964002
Eastern Asia (FAO),,1966,3.3774002
Eastern Asia (FAO),,1967,3.384
Eastern Asia (FAO),,1968,3.4511003
Eastern Asia (FAO),,1969,3.4295
Eastern Asia (FAO),,1970,3.6380002
Eastern Asia (FAO),,1971,3.5010002
Eastern Asia (FAO),,1972,3.4734
Eastern Asia (FAO),,1973,3.7059002
Eastern Asia (FAO),,1974,3.7235003
Eastern Asia (FAO),,1975,3.7751002
Eastern Asia (FAO),,1976,3.7161002
Eastern Asia (FAO),,1977,3.9196002
Eastern Asia (FAO),,1978,4.2226005
Eastern Asia (FAO),,1979,4.4348
Eastern Asia (FAO),,1980,4.2079
Eastern Asia (FAO),,1981,4.4614
Eastern Asia (FAO),,1982,4.9467006
Eastern Asia (FAO),,1983,5.1317005
Eastern Asia (FAO),,1984,5.4302006
Eastern Asia (FAO),,1985,5.3141003
Eastern Asia (FAO),,1986,5.3956003
Eastern Asia (FAO),,1987,5.4360003
Eastern Asia (FAO),,1988,5.3258
Eastern Asia (FAO),,1989,5.5345
Eastern Asia (FAO),,1990,5.7232003
Eastern Asia (FAO),,1991,5.6842003
Eastern Asia (FAO),,1992,5.8682003
Eastern Asia (FAO),,1993,5.7998
Eastern Asia (FAO),,1994,5.8944
Eastern Asia (FAO),,1995,5.9988003
Eastern Asia (FAO),,1996,6.1796002
Eastern Asia (FAO),,1997,6.2706003
Eastern Asia (FAO),,1998,6.3085003
Eastern Asia (FAO),,1999,6.3095
Eastern Asia (FAO),,2000,6.2521005
Eastern Asia (FAO),,2001,6.1557007
Eastern Asia (FAO),,2002,6.1675005
Eastern Asia (FAO),,2003,6.0056005
Eastern Asia (FAO),,2004,6.2863
Eastern Asia (FAO),,2005,6.2502003
Eastern Asia (FAO),,2006,6.2525005
Eastern Asia (FAO),,2007,6.3647003
Eastern Asia (FAO),,2008,6.5503
Eastern Asia (FAO),,2009,6.5492005
Eastern Asia (FAO),,2010,6.5062003
Eastern Asia (FAO),,2011,6.6417007
Eastern Asia (FAO),,2012,6.7404003
Eastern Asia (FAO),,2013,6.6992006
Eastern Asia (FAO),,2014,6.7922006
Eastern Asia (FAO),,2015,6.8566003
Eastern Asia (FAO),,2016,6.8498
Eastern Asia (FAO),,2017,6.8880005
Eastern Asia (FAO),,2018,6.9827003
Eastern Asia (FAO),,2019,7.0269003
Eastern Asia (FAO),,2020,6.9821005
Eastern Asia (FAO),,2021,7.0685005
Eastern Asia (FAO),,2022,7.0291004
Eastern Asia (FAO),,2023,7.0737004
Eastern Asia (FAO),,2024,7.0961003
Eastern Europe (FAO),,1961,2.0815
Eastern Europe (FAO),,1962,2.2263002
Eastern Europe (FAO),,1963,2.568
Eastern Europe (FAO),,1964,2.3230002
Eastern Europe (FAO),,1965,2.4382
Eastern Europe (FAO),,1966,2.6599
Eastern Europe (FAO),,1967,2.9722002
Eastern Europe (FAO),,1968,3.0357
Eastern Europe (FAO),,1969,3.0553002
Eastern Europe (FAO),,1970,3.2641003
Eastern Europe (FAO),,1971,3.3188002
Eastern Europe (FAO),,1972,3.4645002
Eastern Europe (FAO),,1973,3.4431002
Eastern Europe (FAO),,1974,3.4535003
Eastern Europe (FAO),,1975,3.6674001
Eastern Europe (FAO),,1976,3.3405
Eastern Europe (FAO),,1977,3.6174002
Eastern Europe (FAO),,1978,3.2796001
Eastern Europe (FAO),,1979,3.5961003
Eastern Europe (FAO),,1980,3.7941003
Eastern Europe (FAO),,1981,3.6201003
Eastern Europe (FAO),,1982,3.5448003
Eastern Europe (FAO),,1983,3.7271004
Eastern Europe (FAO),,1984,3.6568003
Eastern Europe (FAO),,1985,3.588
Eastern Europe (FAO),,1986,3.8712
Eastern Europe (FAO),,1987,3.6160002
Eastern Europe (FAO),,1988,3.7762
Eastern Europe (FAO),,1989,3.2744
Eastern Europe (FAO),,1990,3.3974001
Eastern Europe (FAO),,1991,3.2280002
Eastern Europe (FAO),,1992,2.897
Eastern Europe (FAO),,1993,2.6869001
Eastern Europe (FAO),,1994,2.8227
Eastern Europe (FAO),,1995,3.2862
Eastern Europe (FAO),,1996,2.6259
Eastern Europe (FAO),,1997,2.4433002
Eastern Europe (FAO),,1998,3.0283003
Eastern Europe (FAO),,1999,2.7729
Eastern Europe (FAO),,2000,3.5116003
Eastern Europe (FAO),,2001,3.5143
Eastern Europe (FAO),,2002,3.8004
Eastern Europe (FAO),,2003,3.2656002
Eastern Europe (FAO),,2004,3.8000002
Eastern Europe (FAO),,2005,4.1959
Eastern Europe (FAO),,2006,4.3415003
Eastern Europe (FAO),,2007,4.5067005
Eastern Europe (FAO),,2008,4.6725
Eastern Europe (FAO),,2009,5.2289
Eastern Europe (FAO),,2010,5.1979003
Eastern Europe (FAO),,2011,5.1477003
Eastern Europe (FAO),,2012,5.5011005
Eastern Europe (FAO),,2013,5.0477004
Eastern Europe (FAO),,2014,5.2031
Eastern Europe (FAO),,2015,5.4844003
Eastern Europe (FAO),,2016,5.2665005
Eastern Europe (FAO),,2017,5.2779
Eastern Europe (FAO),,2018,5.6962004
Eastern Europe (FAO),,2019,5.7139
Eastern Europe (FAO),,2020,5.7106004
Eastern Europe (FAO),,2021,5.5787005
Eastern Europe (FAO),,2022,5.4385004
Eastern Europe (FAO),,2023,5.7379003
Eastern Europe (FAO),,2024,6.0232005
Ecuador,ECU,1961,2.1448002
Ecuador,ECU,1962,1.8702
Ecuador,ECU,1963,1.8663001
Ecuador,ECU,1964,2.2035
Ecuador,ECU,1965,2.5830002
Ecuador,ECU,1966,2.5148
Ecuador,ECU,1967,2.1142
Ecuador,ECU,1968,1.3121
Ecuador,ECU,1969,2.9926002
Ecuador,ECU,1970,2.6571002
Ecuador,ECU,1971,3.4931002
Ecuador,ECU,1972,2.0945
Ecuador,ECU,1973,2.7671003
Ecuador,ECU,1974,2.5936003
Ecuador,ECU,1975,2.9719
Ecuador,ECU,1976,2.6376002
Ecuador,ECU,1977,3.0603
Ecuador,ECU,1978,2.7709
Ecuador,ECU,1979,2.8723001
Ecuador,ECU,1980,3.0062
Ecuador,ECU,1981,3.3090003
Ecuador,ECU,1982,2.9180002
Ecuador,ECU,1983,2.8835
Ecuador,ECU,1984,3.1433003
Ecuador,ECU,1985,2.6508002
Ecuador,ECU,1986,2.5275002
Ecuador,ECU,1987,2.8299
Ecuador,ECU,1988,3.3187
Ecuador,ECU,1989,3.1247
Ecuador,ECU,1990,3.1218002
Ecuador,ECU,1991,2.6921003
Ecuador,ECU,1992,3.3254
Ecuador,ECU,1993,3.4804
Ecuador,ECU,1994,3.7385
Ecuador,ECU,1995,3.2622
Ecuador,ECU,1996,3.5620003
Ecuador,ECU,1997,3.5876002
Ecuador,ECU,1998,3.206
Ecuador,ECU,1999,3.5225003
Ecuador,ECU,2000,3.6812
Ecuador,ECU,2001,3.6000001
Ecuador,ECU,2002,3.8746002
Ecuador,ECU,2003,3.8726003
Ecuador,ECU,2004,4.2187004
Ecuador,ECU,2005,3.8989
Ecuador,ECU,2006,4.1986003
Ecuador,ECU,2007,4.3555
Ecuador,ECU,2008,4.0639
Ecuador,ECU,2009,4.0004
Ecuador,ECU,2010,3.4828002
Ecuador,ECU,2011,3.5936003
Ecuador,ECU,2012,3.3842
Ecuador,ECU,2013,3.0653002
Ecuador,ECU,2014,3.1271002
Ecuador,ECU,2015,3.5356002
Ecuador,ECU,2016,3.3624
Ecuador,ECU,2017,3.7154
Ecuador,ECU,2018,3.6316004
Ecuador,ECU,2019,3.4295
Ecuador,ECU,2020,3.4273002
Ecuador,ECU,2021,3.5469
Ecuador,ECU,2022,3.7085001
Ecuador,ECU,2023,3.8274
Ecuador,ECU,2024,3.8788002
Egypt,EGY,1961,5.0531
Egypt,EGY,1962,5.8395004
Egypt,EGY,1963,5.5062003
Egypt,EGY,1964,5.0396004
Egypt,EGY,1965,5.0253
Egypt,EGY,1966,4.7268
Egypt,EGY,1967,5.0398
Egypt,EGY,1968,5.1105003
Egypt,EGY,1969,5.1016
Egypt,EGY,1970,5.425
Egypt,EGY,1971,5.3047004
Egypt,EGY,1972,5.2076
Egypt,EGY,1973,5.4319
Egypt,EGY,1974,5.0677004
Egypt,EGY,1975,5.4803
Egypt,EGY,1976,5.077
Egypt,EGY,1977,5.2039003
Egypt,EGY,1978,5.405
Egypt,EGY,1979,5.7212005
Egypt,EGY,1980,5.8331003
Egypt,EGY,1981,5.5675
Egypt,EGY,1982,5.6656003
Egypt,EGY,1983,5.7730002
Egypt,EGY,1984,5.4058
Egypt,EGY,1985,5.9478
Egypt,EGY,1986,5.7747006
Egypt,EGY,1987,5.8265004
Egypt,EGY,1988,6.0637007
Egypt,EGY,1989,6.4825
Egypt,EGY,1990,7.2663
Egypt,EGY,1991,7.4554005
Egypt,EGY,1992,7.6511006
Egypt,EGY,1993,7.7184005
Egypt,EGY,1994,7.9130006
Egypt,EGY,1995,8.1356
Egypt,EGY,1996,8.291
Egypt,EGY,1997,8.4152
Egypt,EGY,1998,8.6401005
Egypt,EGY,1999,8.878
Egypt,EGY,2000,9.1025
Egypt,EGY,2001,9.2833
Egypt,EGY,2002,9.388901
Egypt,EGY,2003,9.748401
Egypt,EGY,2004,9.838401
Egypt,EGY,2005,9.987401
Egypt,EGY,2006,10.075001
Egypt,EGY,2007,9.767501
Egypt,EGY,2008,9.7349
Egypt,EGY,2009,9.593
Egypt,EGY,2010,9.4217005
Egypt,EGY,2011,9.567
Egypt,EGY,2012,9.5296
Egypt,EGY,2013,9.5865
Egypt,EGY,2014,9.530001
Egypt,EGY,2015,9.431201
Egypt,EGY,2016,9.3353
Egypt,EGY,2017,9.024501
Egypt,EGY,2018,8.6511
Egypt,EGY,2019,8.758201
Egypt,EGY,2020,9.6203
Egypt,EGY,2021,9.137501
Egypt,EGY,2022,8.9048
Egypt,EGY,2023,9.152901
Egypt,EGY,2024,9.1315
El Salvador,SLV,1961,2.0119002
El Salvador,SLV,1962,2.3598
El Salvador,SLV,1963,2.2678
El Salvador,SLV,1964,2.2340002
El Salvador,SLV,1965,2.6361003
El Salvador,SLV,1966,2.5565002
El Salvador,SLV,1967,2.7803001
El Salvador,SLV,1968,2.9163003
El Salvador,SLV,1969,3.3317
El Salvador,SLV,1970,3.7169
El Salvador,SLV,1971,3.7453003
El Salvador,SLV,1972,3.2422001
El Salvador,SLV,1973,3.9114
El Salvador,SLV,1974,2.8836002
El Salvador,SLV,1975,3.5844002
El Salvador,SLV,1976,2.5876002
El Salvador,SLV,1977,2.6324
El Salvador,SLV,1978,3.6565
El Salvador,SLV,1979,3.9435003
El Salvador,SLV,1980,3.6179001
El Salvador,SLV,1981,3.6205
El Salvador,SLV,1982,3.1656003
El Salvador,SLV,1983,3.4353
El Salvador,SLV,1984,4.1316004
El Salvador,SLV,1985,3.9844
El Salvador,SLV,1986,3.8985002
El Salvador,SLV,1987,3.5987
El Salvador,SLV,1988,4.1530004
El Salvador,SLV,1989,4.1069
El Salvador,SLV,1990,4.3271003
El Salvador,SLV,1991,3.7669
El Salvador,SLV,1992,4.3561
El Salvador,SLV,1993,4.7076
El Salvador,SLV,1994,4.3353
El Salvador,SLV,1995,5.3291
El Salvador,SLV,1996,5.1627007
El Salvador,SLV,1997,4.4419003
El Salvador,SLV,1998,4.9760003
El Salvador,SLV,1999,5.2531004
El Salvador,SLV,2000,5.7884
El Salvador,SLV,2001,6.0284004
El Salvador,SLV,2002,5.9384003
El Salvador,SLV,2003,6.7816005
El Salvador,SLV,2004,6.643
El Salvador,SLV,2005,7.2118
El Salvador,SLV,2006,7.3941007
El Salvador,SLV,2007,7.4651003
El Salvador,SLV,2008,7.9373
El Salvador,SLV,2009,6.9016004
El Salvador,SLV,2010,7.0136003
El Salvador,SLV,2011,5.4783
El Salvador,SLV,2012,6.3968
El Salvador,SLV,2013,6.1615005
El Salvador,SLV,2014,5.8935003
El Salvador,SLV,2015,6.3986006
El Salvador,SLV,2016,6.9302006
El Salvador,SLV,2017,6.6108003
El Salvador,SLV,2018,6.3977003
El Salvador,SLV,2019,7.9870005
El Salvador,SLV,2020,7.3263
El Salvador,SLV,2021,6.7512007
El Salvador,SLV,2022,6.8805003
El Salvador,SLV,2023,6.9214
El Salvador,SLV,2024,7.0195003
Eswatini,SWZ,1961,2.1533
Eswatini,SWZ,1962,2.3989
Eswatini,SWZ,1963,2.7815
Eswatini,SWZ,1964,2.6675
Eswatini,SWZ,1965,2.7009
Eswatini,SWZ,1966,2.9612
Eswatini,SWZ,1967,2.766
Eswatini,SWZ,1968,2.3967001
Eswatini,SWZ,1969,2.8218002
Eswatini,SWZ,1970,3.0540001
Eswatini,SWZ,1971,2.9992
Eswatini,SWZ,1972,3.3190002
Eswatini,SWZ,1973,3.4164
Eswatini,SWZ,1974,3.2676003
Eswatini,SWZ,1975,2.739
Eswatini,SWZ,1976,2.7216003
Eswatini,SWZ,1977,2.6316001
Eswatini,SWZ,1978,2.6316001
Eswatini,SWZ,1979,2.6316001
Eswatini,SWZ,1980,2.6316001
Eswatini,SWZ,1981,2.5
Eswatini,SWZ,1982,3.2087002
Eswatini,SWZ,1983,3.4706004
Eswatini,SWZ,1984,8.725401
Eswatini,SWZ,1985,7.5000005
Eswatini,SWZ,1986,7.5000005
Eswatini,SWZ,1987,7.5000005
Eswatini,SWZ,1988,7.5000005
Eswatini,SWZ,1989,7.5000005
Eswatini,SWZ,1990,9.1492
Eswatini,SWZ,1991,7.5000005
Eswatini,SWZ,1992,6.1614003
Eswatini,SWZ,1993,5
Eswatini,SWZ,1994,5.4965005
Eswatini,SWZ,1995,5.314
Eswatini,SWZ,1996,4.6491003
Eswatini,SWZ,1997,5.1375003
Eswatini,SWZ,1998,7.0000005
Eswatini,SWZ,1999,3.3333
Eswatini,SWZ,2000,3.4
Eswatini,SWZ,2001,3.7643003
Eswatini,SWZ,2002,4.0489
Eswatini,SWZ,2003,4.1072006
Eswatini,SWZ,2004,3.9639
Eswatini,SWZ,2005,3.8206003
Eswatini,SWZ,2006,3.7655
Eswatini,SWZ,2007,3.7103002
Eswatini,SWZ,2008,3.6551003
Eswatini,SWZ,2009,3.5999
Eswatini,SWZ,2010,3.5447001
Eswatini,SWZ,2011,3.4895003
Eswatini,SWZ,2012,3.4343002
Eswatini,SWZ,2013,3.3791003
Eswatini,SWZ,2014,3.3213003
Eswatini,SWZ,2015,3.3671002
Eswatini,SWZ,2016,3.2570002
Eswatini,SWZ,2017,3.094
Eswatini,SWZ,2018,3.3333
Eswatini,SWZ,2019,4
Eswatini,SWZ,2020,2.8729
Eswatini,SWZ,2021,2.8276002
Eswatini,SWZ,2022,2.8291001
Eswatini,SWZ,2023,2.7718003
Eswatini,SWZ,2024,2.7145002
Ethiopia,ETH,2007,2.9187
Ethiopia,ETH,2008,2.0347002
Ethiopia,ETH,2009,2.1602
Ethiopia,ETH,2010,2.0307
Ethiopia,ETH,2011,2.8456001
Ethiopia,ETH,2012,2.8950002
Ethiopia,ETH,2013,2.7210002
Ethiopia,ETH,2014,2.8148003
Ethiopia,ETH,2015,2.6462002
Ethiopia,ETH,2016,2.6227
Ethiopia,ETH,2017,2.8437002
Ethiopia,ETH,2018,2.5704
Ethiopia,ETH,2019,2.6824
Ethiopia,ETH,2020,3.1449
Ethiopia,ETH,2021,2.9390001
Ethiopia,ETH,2022,3.0140002
Ethiopia,ETH,2023,3.0287
Ethiopia,ETH,2024,2.9937
Europe,OWID_EUR,1961,4.119996
Europe,OWID_EUR,1962,4.1652756
Europe,OWID_EUR,1963,3.9805217
Europe,OWID_EUR,1964,3.8435345
Europe,OWID_EUR,1965,3.4237905
Europe,OWID_EUR,1966,3.7318218
Europe,OWID_EUR,1967,3.992388
Europe,OWID_EUR,1968,3.7102728
Europe,OWID_EUR,1969,4.0167212
Europe,OWID_EUR,1970,3.9835942
Europe,OWID_EUR,1971,3.9944353
Europe,OWID_EUR,1972,3.8012626
Europe,OWID_EUR,1973,4.1697
Europe,OWID_EUR,1974,4.1099496
Europe,OWID_EUR,1975,4.3143153
Europe,OWID_EUR,1976,3.8936362
Europe,OWID_EUR,1977,3.7587237
Europe,OWID_EUR,1978,3.8608098
Europe,OWID_EUR,1979,4.2801023
Europe,OWID_EUR,1980,4.2938213
Europe,OWID_EUR,1981,4.166347
Europe,OWID_EUR,1982,4.151401
Europe,OWID_EUR,1983,4.202302
Europe,OWID_EUR,1984,4.2098837
Europe,OWID_EUR,1985,4.301914
Europe,OWID_EUR,1986,4.5331264
Europe,OWID_EUR,1987,4.270959
Europe,OWID_EUR,1988,4.3430405
Europe,OWID_EUR,1989,4.0810876
Europe,OWID_EUR,1990,4.2981606
Europe,OWID_EUR,1991,4.2177143
Europe,OWID_EUR,1992,4.5547223
Europe,OWID_EUR,1993,4.32041
Europe,OWID_EUR,1994,4.730766
Europe,OWID_EUR,1995,4.945835
Europe,OWID_EUR,1996,5.1007
Europe,OWID_EUR,1997,5.256717
Europe,OWID_EUR,1998,5.5013194
Europe,OWID_EUR,1999,5.4734893
Europe,OWID_EUR,2000,5.2475247
Europe,OWID_EUR,2001,5.5379615
Europe,OWID_EUR,2002,5.7695403
Europe,OWID_EUR,2003,5.602173
Europe,OWID_EUR,2004,5.936745
Europe,OWID_EUR,2005,5.8046393
Europe,OWID_EUR,2006,5.759883
Europe,OWID_EUR,2007,5.9597363
Europe,OWID_EUR,2008,5.8138084
Europe,OWID_EUR,2009,6.367708
Europe,OWID_EUR,2010,6.028984
Europe,OWID_EUR,2011,6.0446925
Europe,OWID_EUR,2012,6.4817476
Europe,OWID_EUR,2013,6.208541
Europe,OWID_EUR,2014,6.1982503
Europe,OWID_EUR,2015,6.470731
Europe,OWID_EUR,2016,6.3595824
Europe,OWID_EUR,2017,6.4460483
Europe,OWID_EUR,2018,6.469366
Europe,OWID_EUR,2019,6.4646254
Europe,OWID_EUR,2020,6.380188
Europe,OWID_EUR,2021,6.2321773
Europe,OWID_EUR,2022,5.744636
Europe,OWID_EUR,2023,6.1848745
Europe,OWID_EUR,2024,6.3986616
Europe (FAO),,1961,4.1200004
Europe (FAO),,1962,4.1653
Europe (FAO),,1963,3.9805002
Europe (FAO),,1964,3.8435001
Europe (FAO),,1965,3.4238002
Europe (FAO),,1966,3.7318003
Europe (FAO),,1967,3.9924002
Europe (FAO),,1968,3.7103002
Europe (FAO),,1969,4.0167003
Europe (FAO),,1970,3.9836004
Europe (FAO),,1971,3.9944
Europe (FAO),,1972,3.8013003
Europe (FAO),,1973,4.1697006
Europe (FAO),,1974,4.1099
Europe (FAO),,1975,4.3143
Europe (FAO),,1976,3.8936002
Europe (FAO),,1977,3.7587001
Europe (FAO),,1978,3.8608003
Europe (FAO),,1979,4.2801003
Europe (FAO),,1980,4.2938
Europe (FAO),,1981,4.1663
Europe (FAO),,1982,4.1514
Europe (FAO),,1983,4.2023
Europe (FAO),,1984,4.2099
Europe (FAO),,1985,4.3019
Europe (FAO),,1986,4.5331
Europe (FAO),,1987,4.2710004
Europe (FAO),,1988,4.3430004
Europe (FAO),,1989,4.0811005
Europe (FAO),,1990,4.2982006
Europe (FAO),,1991,4.2177005
Europe (FAO),,1992,4.5547004
Europe (FAO),,1993,4.3204
Europe (FAO),,1994,4.7308
Europe (FAO),,1995,4.9458
Europe (FAO),,1996,5.1007004
Europe (FAO),,1997,5.2567005
Europe (FAO),,1998,5.5013
Europe (FAO),,1999,5.4735003
Europe (FAO),,2000,5.2475004
Europe (FAO),,2001,5.538
Europe (FAO),,2002,5.7695003
Europe (FAO),,2003,5.6022005
Europe (FAO),,2004,5.9367003
Europe (FAO),,2005,5.8046002
Europe (FAO),,2006,5.7599
Europe (FAO),,2007,5.9597006
Europe (FAO),,2008,5.8138
Europe (FAO),,2009,6.3677006
Europe (FAO),,2010,6.0290003
Europe (FAO),,2011,6.0447006
Europe (FAO),,2012,6.4818
Europe (FAO),,2013,6.2085004
Europe (FAO),,2014,6.1983
Europe (FAO),,2015,6.4707007
Europe (FAO),,2016,6.3596005
Europe (FAO),,2017,6.446
Europe (FAO),,2018,6.4694004
Europe (FAO),,2019,6.4646006
Europe (FAO),,2020,6.3802004
Europe (FAO),,2021,6.2322006
Europe (FAO),,2022,5.7446003
Europe (FAO),,2023,6.1849003
Europe (FAO),,2024,6.3987007
European Union (27),OWID_EU27,1961,4.9538
European Union (27),OWID_EU27,1962,4.9881005
European Union (27),OWID_EU27,1963,4.7693
European Union (27),OWID_EU27,1964,4.7691
European Union (27),OWID_EU27,1965,4.0443
European Union (27),OWID_EU27,1966,4.5476003
European Union (27),OWID_EU27,1967,4.8559003
European Union (27),OWID_EU27,1968,4.1955004
European Union (27),OWID_EU27,1969,4.7824
European Union (27),OWID_EU27,1970,4.5248
European Union (27),OWID_EU27,1971,4.585
European Union (27),OWID_EU27,1972,3.9755
European Union (27),OWID_EU27,1973,4.9091005
European Union (27),OWID_EU27,1974,4.7783
European Union (27),OWID_EU27,1975,5.1113
European Union (27),OWID_EU27,1976,4.4218
European Union (27),OWID_EU27,1977,3.7266002
European Union (27),OWID_EU27,1978,4.5728
European Union (27),OWID_EU27,1979,5.3120003
European Union (27),OWID_EU27,1980,5.0377007
European Union (27),OWID_EU27,1981,5.1395
European Union (27),OWID_EU27,1982,5.249
European Union (27),OWID_EU27,1983,5.1391006
European Union (27),OWID_EU27,1984,5.1860003
European Union (27),OWID_EU27,1985,5.5938
European Union (27),OWID_EU27,1986,5.5461
European Union (27),OWID_EU27,1987,5.1988
European Union (27),OWID_EU27,1988,5.1069
European Union (27),OWID_EU27,1989,5.1265
European Union (27),OWID_EU27,1990,5.4163003
European Union (27),OWID_EU27,1991,5.5452003
European Union (27),OWID_EU27,1992,5.7661004
European Union (27),OWID_EU27,1993,5.6609
European Union (27),OWID_EU27,1994,5.7954
European Union (27),OWID_EU27,1995,5.6812005
European Union (27),OWID_EU27,1996,6.1043
European Union (27),OWID_EU27,1997,6.3273
European Union (27),OWID_EU27,1998,6.4371004
European Union (27),OWID_EU27,1999,6.7251005
European Union (27),OWID_EU27,2000,6.0772004
European Union (27),OWID_EU27,2001,6.3472004
European Union (27),OWID_EU27,2002,6.5054
European Union (27),OWID_EU27,2003,6.5685005
European Union (27),OWID_EU27,2004,6.6778
European Union (27),OWID_EU27,2005,6.4170003
European Union (27),OWID_EU27,2006,6.3549004
European Union (27),OWID_EU27,2007,6.5446005
European Union (27),OWID_EU27,2008,6.3183002
European Union (27),OWID_EU27,2009,6.8652005
European Union (27),OWID_EU27,2010,6.4009004
European Union (27),OWID_EU27,2011,6.4730005
European Union (27),OWID_EU27,2012,6.9274
European Union (27),OWID_EU27,2013,6.7757006
European Union (27),OWID_EU27,2014,6.6121006
European Union (27),OWID_EU27,2015,6.9103003
European Union (27),OWID_EU27,2016,6.885
European Union (27),OWID_EU27,2017,6.9721003
European Union (27),OWID_EU27,2018,6.8068004
European Union (27),OWID_EU27,2019,6.8193
European Union (27),OWID_EU27,2020,6.6607003
European Union (27),OWID_EU27,2021,6.4738
European Union (27),OWID_EU27,2022,5.8964
European Union (27),OWID_EU27,2023,6.4037004
European Union (27),OWID_EU27,2024,6.563
Fiji,FJI,1961,1.7575
Fiji,FJI,1962,1.7616
Fiji,FJI,1963,1.8078002
Fiji,FJI,1964,1.7776
Fiji,FJI,1965,1.7724001
Fiji,FJI,1966,1.7118001
Fiji,FJI,1967,1.6805
Fiji,FJI,1968,1.9643002
Fiji,FJI,1969,1.7783002
Fiji,FJI,1970,1.8922
Fiji,FJI,1971,1.9418001
Fiji,FJI,1972,1.9477
Fiji,FJI,1973,1.9700001
Fiji,FJI,1974,1.9399002
Fiji,FJI,1975,2.25
Fiji,FJI,1976,2.25
Fiji,FJI,1977,1.9293002
Fiji,FJI,1978,1.8251001
Fiji,FJI,1979,1.9973001
Fiji,FJI,1980,1.9811001
Fiji,FJI,1981,2.0735002
Fiji,FJI,1982,2.125
Fiji,FJI,1983,1.8108001
Fiji,FJI,1984,2.1304
Fiji,FJI,1985,2.3663
Fiji,FJI,1986,2.1215
Fiji,FJI,1987,1.9201001
Fiji,FJI,1988,2.3989
Fiji,FJI,1989,2.4209
Fiji,FJI,1990,2.186
Fiji,FJI,1991,2.3537002
Fiji,FJI,1992,2.153
Fiji,FJI,1993,2.3559
Fiji,FJI,1994,2.2910001
Fiji,FJI,1995,2.6559
Fiji,FJI,1996,2.0652
Fiji,FJI,1997,2.1731002
Fiji,FJI,1998,0.6365
Fiji,FJI,1999,2.7633002
Fiji,FJI,2000,2.4976003
Fiji,FJI,2001,2.4353
Fiji,FJI,2002,2.4249
Fiji,FJI,2003,2.3852
Fiji,FJI,2004,2.3538
Fiji,FJI,2005,2.3733
Fiji,FJI,2006,2.3149
Fiji,FJI,2007,2.6735
Fiji,FJI,2008,2.2838001
Fiji,FJI,2009,2.8705
Fiji,FJI,2010,3.0173001
Fiji,FJI,2011,2.8519
Fiji,FJI,2012,2.4412
Fiji,FJI,2013,3.1967
Fiji,FJI,2014,5.4802003
Fiji,FJI,2015,3.0000002
Fiji,FJI,2016,3.0000002
Fiji,FJI,2017,3.0000002
Fiji,FJI,2018,3.0004
Fiji,FJI,2019,3.4390001
Fiji,FJI,2020,3.7725003
Fiji,FJI,2021,4.0553
Fiji,FJI,2022,4.0931
Fiji,FJI,2023,3.7842002
Fiji,FJI,2024,3.0000002
France,FRA,1961,4.0512
France,FRA,1962,4.1875
France,FRA,1963,3.9753003
France,FRA,1964,4.0610003
France,FRA,1965,3.2935002
France,FRA,1966,3.6562002
France,FRA,1967,4.3027005
France,FRA,1968,3.4635003
France,FRA,1969,4.1631002
France,FRA,1970,4.2177005
France,FRA,1971,3.7876003
France,FRA,1972,2.3156002
France,FRA,1973,4.3604
France,FRA,1974,3.3966002
France,FRA,1975,4.1569
France,FRA,1976,3.8974001
France,FRA,1977,2.1721003
France,FRA,1978,3.2558002
France,FRA,1979,4.3478
France,FRA,1980,3.8333
France,FRA,1981,3.7925003
France,FRA,1982,5.0185003
France,FRA,1983,5.4286003
France,FRA,1984,3.8696003
France,FRA,1985,5.4964004
France,FRA,1986,5.1299
France,FRA,1987,4.9782004
France,FRA,1988,5.2243
France,FRA,1989,6.0368
France,FRA,1990,5.9461
France,FRA,1991,5.3273
France,FRA,1992,5.2448
France,FRA,1993,4.9628
France,FRA,1994,4.57
France,FRA,1995,4.8627005
France,FRA,1996,5.2455
France,FRA,1997,5.8919
France,FRA,1998,5.8281
France,FRA,1999,6.0915003
France,FRA,2000,5.8358
France,FRA,2001,5.3603
France,FRA,2002,5.6910005
France,FRA,2003,5.6052003
France,FRA,2004,5.7098002
France,FRA,2005,5.7314
France,FRA,2006,5.4756002
France,FRA,2007,4.6354003
France,FRA,2008,5.7599
France,FRA,2009,5.7406006
France,FRA,2010,5.0432005
France,FRA,2011,5.6263
France,FRA,2012,5.5947003
France,FRA,2013,3.9400003
France,FRA,2014,4.9784
France,FRA,2015,5.0014
France,FRA,2016,4.8045
France,FRA,2017,5.3971004
France,FRA,2018,5.3788
France,FRA,2019,5.4682007
France,FRA,2020,5.2696004
France,FRA,2021,5.182
France,FRA,2022,5.4830003
France,FRA,2023,5.6328
France,FRA,2024,5.3383
French Guiana,GUF,1961,1.8780001
French Guiana,GUF,1962,2
French Guiana,GUF,1963,1.5000001
French Guiana,GUF,1964,1.5556
French Guiana,GUF,1965,1.6667
French Guiana,GUF,1966,1.5294001
French Guiana,GUF,1967,2.25
French Guiana,GUF,1968,2
French Guiana,GUF,1969,2
French Guiana,GUF,1970,1.5000001
French Guiana,GUF,1971,1.3333001
French Guiana,GUF,1972,0.96000004
French Guiana,GUF,1973,1
French Guiana,GUF,1974,1
French Guiana,GUF,1975,1
French Guiana,GUF,1976,1
French Guiana,GUF,1977,1
French Guiana,GUF,1978,1.5227001
French Guiana,GUF,1979,1.2308002
French Guiana,GUF,1980,0.8
French Guiana,GUF,1981,1.0784001
French Guiana,GUF,1982,1.0112001
French Guiana,GUF,1983,2.5658002
French Guiana,GUF,1984,3.2089
French Guiana,GUF,1985,3.8023002
French Guiana,GUF,1986,3.3602002
French Guiana,GUF,1987,4.0898004
French Guiana,GUF,1988,3.9424
French Guiana,GUF,1989,4.083
French Guiana,GUF,1990,4.2416005
French Guiana,GUF,1991,4.2722006
French Guiana,GUF,1992,3.2952
French Guiana,GUF,1993,3.7334
French Guiana,GUF,1994,3.2604
French Guiana,GUF,1995,3.1591003
French Guiana,GUF,1996,3.4794002
French Guiana,GUF,1997,3.3663
French Guiana,GUF,1998,2.7752001
French Guiana,GUF,1999,2.6086001
French Guiana,GUF,2000,2.2342
French Guiana,GUF,2001,3.8023002
French Guiana,GUF,2002,2.7114
French Guiana,GUF,2003,3.9043002
French Guiana,GUF,2004,2.8807
French Guiana,GUF,2005,1.9904001
French Guiana,GUF,2006,1.7055001
Gabon,GAB,1961,2.2429
Gabon,GAB,1962,1.1521001
Gabon,GAB,1963,2.8042002
Gabon,GAB,1964,2.5305002
Gabon,GAB,1965,2.7048001
Gabon,GAB,1966,1.5714
Gabon,GAB,1967,1.6057
Gabon,GAB,1968,1.7029
Gabon,GAB,1969,1.9846001
Gabon,GAB,1970,1.6301
Gabon,GAB,1971,1.5875001
Gabon,GAB,1972,2
Gabon,GAB,1973,2
Gabon,GAB,1974,1.4667001
Gabon,GAB,1975,1.4000001
Gabon,GAB,1976,1.6
Gabon,GAB,1977,1.5667
Gabon,GAB,1978,1.5789001
Gabon,GAB,1979,2.375
Gabon,GAB,1980,2.125
Gabon,GAB,1981,2.4175
Gabon,GAB,1982,2.25
Gabon,GAB,1983,2
Gabon,GAB,1984,2.7699
Gabon,GAB,1985,1.7241001
Gabon,GAB,1986,2.5724
Gabon,GAB,1987,2.0900002
Gabon,GAB,1988,1.9958001
Gabon,GAB,1989,2
Gabon,GAB,1990,2
Gabon,GAB,1991,1.9869001
Gabon,GAB,1992,1.9991001
Gabon,GAB,1993,2.0113
Gabon,GAB,1994,2.0237
Gabon,GAB,1995,2.0363002
Gabon,GAB,1996,2.0491002
Gabon,GAB,1997,2.0622
Gabon,GAB,1998,2.0755
Gabon,GAB,1999,2.0891001
Gabon,GAB,2000,2
Gabon,GAB,2001,2.1416001
Gabon,GAB,2002,2.1803002
Gabon,GAB,2003,2.2193003
Gabon,GAB,2004,2.2648
Gabon,GAB,2005,2.3167
Gabon,GAB,2006,2.3687
Gabon,GAB,2007,2.4206002
Gabon,GAB,2008,2.4724
Gabon,GAB,2009,2.5240002
Gabon,GAB,2010,2.5754
Gabon,GAB,2011,2.6264
Gabon,GAB,2012,2.7419
Gabon,GAB,2013,2.7419
Gabon,GAB,2014,2.7769
Gabon,GAB,2015,2.8346002
Gabon,GAB,2016,2.877
Gabon,GAB,2017,2.7775002
Gabon,GAB,2018,2.8134
Gabon,GAB,2019,2.7074
Gabon,GAB,2020,2.8656003
Gabon,GAB,2021,2.7949
Gabon,GAB,2022,2.7887
Gabon,GAB,2023,2.8162
Gabon,GAB,2024,2.7999
Gambia,GMB,1961,1.2136
Gambia,GMB,1962,1.2149001
Gambia,GMB,1963,1.2155001
Gambia,GMB,1964,1.3695
Gambia,GMB,1965,1.3706
Gambia,GMB,1966,1.3667
Gambia,GMB,1967,1.1289
Gambia,GMB,1968,1.2699001
Gambia,GMB,1969,1.3695
Gambia,GMB,1970,1.4347
Gambia,GMB,1971,1.4347
Gambia,GMB,1972,1.2876
Gambia,GMB,1973,1.3564001
Gambia,GMB,1974,1.1918001
Gambia,GMB,1975,1.2197
Gambia,GMB,1976,0.78950006
Gambia,GMB,1977,0.7748
Gambia,GMB,1978,1.2358001
Gambia,GMB,1979,1.7193002
Gambia,GMB,1980,1.9677
Gambia,GMB,1981,1.4209001
Gambia,GMB,1982,1.2390001
Gambia,GMB,1983,1.7635001
Gambia,GMB,1984,2.5660002
Gambia,GMB,1985,1.9091
Gambia,GMB,1986,1.6071
Gambia,GMB,1987,1.2825
Gambia,GMB,1988,1.5351001
Gambia,GMB,1989,1.5111
Gambia,GMB,1990,1.4671
Gambia,GMB,1991,1.5265001
Gambia,GMB,1992,1.7298001
Gambia,GMB,1993,1.4601
Gambia,GMB,1994,1.539
Gambia,GMB,1995,1.2304001
Gambia,GMB,1996,1.0676
Gambia,GMB,1997,1.0236
Gambia,GMB,1998,1.3429
Gambia,GMB,1999,2.1712
Gambia,GMB,2000,2.2143002
Gambia,GMB,2001,2.3286002
Gambia,GMB,2002,2.0452
Gambia,GMB,2003,1.7802
Gambia,GMB,2004,2.0375001
Gambia,GMB,2005,1.0034001
Gambia,GMB,2006,1.6910001
Gambia,GMB,2007,0.6861
Gambia,GMB,2008,1.1265
Gambia,GMB,2009,1.0822
Gambia,GMB,2010,1.1595
Gambia,GMB,2011,1.2168001
Gambia,GMB,2012,0.85260004
Gambia,GMB,2013,1.0501
Gambia,GMB,2014,0.7041
Gambia,GMB,2015,1.031
Gambia,GMB,2016,0.7011
Gambia,GMB,2017,0.4354
Gambia,GMB,2018,0.45660004
Gambia,GMB,2019,0.5281
Gambia,GMB,2020,0.6603
Gambia,GMB,2021,1.1282
Gambia,GMB,2022,0.9946
Gambia,GMB,2023,0.98980004
Gambia,GMB,2024,1.0549
Ghana,GHA,1961,1.1047
Ghana,GHA,1962,1.1071
Ghana,GHA,1963,1.0043
Ghana,GHA,1964,1.0053
Ghana,GHA,1965,1.0096
Ghana,GHA,1966,1.1515001
Ghana,GHA,1967,1.1973001
Ghana,GHA,1968,1.4287
Ghana,GHA,1969,1.2441001
Ghana,GHA,1970,0.8873
Ghana,GHA,1971,0.90440005
Ghana,GHA,1972,1.0014001
Ghana,GHA,1973,0.9394001
Ghana,GHA,1974,1.0958
Ghana,GHA,1975,0.9057
Ghana,GHA,1976,0.90650004
Ghana,GHA,1977,0.845
Ghana,GHA,1978,0.878
Ghana,GHA,1979,0.88570005
Ghana,GHA,1980,0.7879001
Ghana,GHA,1981,0.83620006
Ghana,GHA,1982,0.59020007
Ghana,GHA,1983,1
Ghana,GHA,1984,0.94200003
Ghana,GHA,1985,1.1765001
Ghana,GHA,1986,0.9146
Ghana,GHA,1987,1.1208001
Ghana,GHA,1988,1.8340001
Ghana,GHA,1989,1.0293001
Ghana,GHA,1990,1.651
Ghana,GHA,1991,1.5901
Ghana,GHA,1992,1.6499001
Ghana,GHA,1993,2.0389001
Ghana,GHA,1994,2.0062
Ghana,GHA,1995,2.0192
Ghana,GHA,1996,2.0496001
Ghana,GHA,1997,1.6746
Ghana,GHA,1998,1.4847
Ghana,GHA,1999,1.9919001
Ghana,GHA,2000,2.1589
Ghana,GHA,2001,2.0185
Ghana,GHA,2002,2.2799
Ghana,GHA,2003,2.0411
Ghana,GHA,2004,2.0253
Ghana,GHA,2005,2.3917
Ghana,GHA,2006,2
Ghana,GHA,2007,1.7015
Ghana,GHA,2008,2.2735002
Ghana,GHA,2009,2.4109
Ghana,GHA,2010,2.7126002
Ghana,GHA,2011,2.3495002
Ghana,GHA,2012,2.5386002
Ghana,GHA,2013,2.6378002
Ghana,GHA,2014,2.6964
Ghana,GHA,2015,2.7500002
Ghana,GHA,2016,2.8200002
Ghana,GHA,2017,2.9875002
Ghana,GHA,2018,3.7350001
Ghana,GHA,2019,3.2801003
Ghana,GHA,2020,3.3436003
Ghana,GHA,2021,3.2017002
Ghana,GHA,2022,3.3586001
Ghana,GHA,2023,3.2559001
Ghana,GHA,2024,3.6397002
Greece,GRC,1961,3.6727002
Greece,GRC,1962,3.6881003
Greece,GRC,1963,4.0697002
Greece,GRC,1964,4.3240004
Greece,GRC,1965,4.4039
Greece,GRC,1966,4.7503
Greece,GRC,1967,5.2307005
Greece,GRC,1968,4.8841004
Greece,GRC,1969,4.7742004
Greece,GRC,1970,4.9846005
Greece,GRC,1971,4.7311006
Greece,GRC,1972,4.9525003
Greece,GRC,1973,4.9391003
Greece,GRC,1974,5
Greece,GRC,1975,5.1000004
Greece,GRC,1976,3.6316004
Greece,GRC,1977,5.1366005
Greece,GRC,1978,5.163
Greece,GRC,1979,4.7145004
Greece,GRC,1980,4.5
Greece,GRC,1981,5.4367003
Greece,GRC,1982,5.314
Greece,GRC,1983,5.7533
Greece,GRC,1984,6.3333
Greece,GRC,1985,6.1549
Greece,GRC,1986,6.7222004
Greece,GRC,1987,6.8500004
Greece,GRC,1988,5.6818
Greece,GRC,1989,6.5964003
Greece,GRC,1990,6.0000005
Greece,GRC,1991,5.4938
Greece,GRC,1992,7.3611007
Greece,GRC,1993,7.3904004
Greece,GRC,1994,8.0813
Greece,GRC,1995,8.1057005
Greece,GRC,1996,7.7561007
Greece,GRC,1997,7.4739003
Greece,GRC,1998,7.2195005
Greece,GRC,1999,7.3028
Greece,GRC,2000,7.0098
Greece,GRC,2001,7.1151004
Greece,GRC,2002,7.3683
Greece,GRC,2003,6.9672008
Greece,GRC,2004,7.1038003
Greece,GRC,2005,7.4059005
Greece,GRC,2006,7.713701
Greece,GRC,2007,7.6337004
Greece,GRC,2008,7.3731003
Greece,GRC,2009,7.6682005
Greece,GRC,2010,6.9283
Greece,GRC,2011,8.108601
Greece,GRC,2012,7.4926004
Greece,GRC,2013,8.3964
Greece,GRC,2014,8.4659
Greece,GRC,2015,9.077901
Greece,GRC,2016,8.6308
Greece,GRC,2017,8.2657
Greece,GRC,2018,7.3374004
Greece,GRC,2019,7.3989
Greece,GRC,2020,7.963701
Greece,GRC,2021,7.0318003
Greece,GRC,2022,7.4618
Greece,GRC,2023,6.9
Greece,GRC,2024,7.9218
Guatemala,GTM,1961,1.3987
Guatemala,GTM,1962,1.5896001
Guatemala,GTM,1963,1.4360001
Guatemala,GTM,1964,1.7435001
Guatemala,GTM,1965,1.7535001
Guatemala,GTM,1966,2.3950002
Guatemala,GTM,1967,1.7699001
Guatemala,GTM,1968,1.8477
Guatemala,GTM,1969,1.5518001
Guatemala,GTM,1970,2.0095
Guatemala,GTM,1971,2.7642
Guatemala,GTM,1972,2.765
Guatemala,GTM,1973,2.0213
Guatemala,GTM,1974,1.6027
Guatemala,GTM,1975,1.6827
Guatemala,GTM,1976,1.2869
Guatemala,GTM,1977,2.055
Guatemala,GTM,1978,2.2970002
Guatemala,GTM,1979,2.9543002
Guatemala,GTM,1980,3.3598
Guatemala,GTM,1981,2.1429
Guatemala,GTM,1982,2.8232
Guatemala,GTM,1983,3.7127001
Guatemala,GTM,1984,2.7729
Guatemala,GTM,1985,2.6374
Guatemala,GTM,1986,3.3402002
Guatemala,GTM,1987,2.5283003
Guatemala,GTM,1988,2.8947
Guatemala,GTM,1989,2.9693003
Guatemala,GTM,1990,3.1111002
Guatemala,GTM,1991,2.8745
Guatemala,GTM,1992,2.6021001
Guatemala,GTM,1993,2.7338002
Guatemala,GTM,1994,3.0022001
Guatemala,GTM,1995,2.7877002
Guatemala,GTM,1996,1.8086001
Guatemala,GTM,1997,1.8548001
Guatemala,GTM,1998,2.2581003
Guatemala,GTM,1999,3.2924001
Guatemala,GTM,2000,3.0764
Guatemala,GTM,2001,1.9229001
Guatemala,GTM,2002,1.1989001
Guatemala,GTM,2003,1.3623002
Guatemala,GTM,2004,2.6236002
Guatemala,GTM,2005,2.7463002
Guatemala,GTM,2006,2.4662
Guatemala,GTM,2007,2.8203
Guatemala,GTM,2008,3.0625002
Guatemala,GTM,2009,2.8922
Guatemala,GTM,2010,2.8258002
Guatemala,GTM,2011,2.8621001
Guatemala,GTM,2012,2.8928
Guatemala,GTM,2013,2.9387002
Guatemala,GTM,2014,3.0061002
Guatemala,GTM,2015,2.9356003
Guatemala,GTM,2016,2.9807
Guatemala,GTM,2017,2.9749
Guatemala,GTM,2018,2.9739
Guatemala,GTM,2019,3.0264
Guatemala,GTM,2020,3.0683002
Guatemala,GTM,2021,2.9496002
Guatemala,GTM,2022,2.946
Guatemala,GTM,2023,2.9776003
Guatemala,GTM,2024,3.0081003
Guinea,GIN,1961,1.7013001
Guinea,GIN,1962,1.7016001
Guinea,GIN,1963,1.702
Guinea,GIN,1964,1.7023001
Guinea,GIN,1965,1.7026
Guinea,GIN,1966,1.7029
Guinea,GIN,1967,1.7032
Guinea,GIN,1968,1.7036
Guinea,GIN,1969,1.7039001
Guinea,GIN,1970,1.7042
Guinea,GIN,1971,1.7045001
Guinea,GIN,1972,1.7049001
Guinea,GIN,1973,1.7052001
Guinea,GIN,1974,1.7055001
Guinea,GIN,1975,1.7058002
Guinea,GIN,1976,1.7061001
Guinea,GIN,1977,1.7065
Guinea,GIN,1978,1.7068001
Guinea,GIN,1979,1.7071
Guinea,GIN,1980,1.7074001
Guinea,GIN,1981,1.7078001
Guinea,GIN,1982,1.7081001
Guinea,GIN,1983,1.7084001
Guinea,GIN,1984,1.7087001
Guinea,GIN,1985,1.7090001
Guinea,GIN,1986,1.7094
Guinea,GIN,1987,1.7097
Guinea,GIN,1988,1.71
Guinea,GIN,1989,1.7103001
Guinea,GIN,1990,1.7106
Guinea,GIN,1991,1.7110001
Guinea,GIN,1992,1.7113001
Guinea,GIN,1993,1.7116001
Guinea,GIN,1994,1.7119001
Guinea,GIN,1995,1.7122
Guinea,GIN,1996,1.7126001
Guinea,GIN,1997,1.7129002
Guinea,GIN,1998,1.7132
Guinea,GIN,1999,1.7135
Guinea,GIN,2000,1.7139001
Guinea,GIN,2001,1.7194
Guinea,GIN,2002,1.7289001
Guinea,GIN,2003,1.7384001
Guinea,GIN,2004,1.7479001
Guinea,GIN,2005,1.7575
Guinea,GIN,2006,1.7672
Guinea,GIN,2007,1.7769
Guinea,GIN,2008,1.9308002
Guinea,GIN,2009,1.6705
Guinea,GIN,2010,1.1008002
Guinea,GIN,2011,1.1567
Guinea,GIN,2012,1.2
Guinea,GIN,2013,1.25
Guinea,GIN,2014,1.1654
Guinea,GIN,2015,1.2
Guinea,GIN,2016,1.2658001
Guinea,GIN,2017,1.2171
Guinea,GIN,2018,1.2581
Guinea,GIN,2019,1.35
Guinea,GIN,2020,1.47
Guinea,GIN,2021,1.5000001
Guinea,GIN,2022,1.4931
Guinea,GIN,2023,1.5029001
Guinea,GIN,2024,1.5116
Guinea-Bissau,GNB,1961,0.81970006
Guinea-Bissau,GNB,1962,0.7692
Guinea-Bissau,GNB,1963,0.7692
Guinea-Bissau,GNB,1964,0.5625
Guinea-Bissau,GNB,1965,0.78330004
Guinea-Bissau,GNB,1966,1.0667
Guinea-Bissau,GNB,1967,1.2857
Guinea-Bissau,GNB,1968,1.5000001
Guinea-Bissau,GNB,1969,0.91670007
Guinea-Bissau,GNB,1970,1.1667
Guinea-Bissau,GNB,1971,0.90000004
Guinea-Bissau,GNB,1972,1
Guinea-Bissau,GNB,1973,0.8
Guinea-Bissau,GNB,1974,0.70000005
Guinea-Bissau,GNB,1975,0.89330006
Guinea-Bissau,GNB,1976,0.88890004
Guinea-Bissau,GNB,1977,0.75000006
Guinea-Bissau,GNB,1978,0.66670007
Guinea-Bissau,GNB,1979,0.66670007
Guinea-Bissau,GNB,1980,0.70000005
Guinea-Bissau,GNB,1981,0.88890004
Guinea-Bissau,GNB,1982,0.7213
Guinea-Bissau,GNB,1983,0.7083
Guinea-Bissau,GNB,1984,1.0500001
Guinea-Bissau,GNB,1985,1.7500001
Guinea-Bissau,GNB,1986,2
Guinea-Bissau,GNB,1987,2.1000001
Guinea-Bissau,GNB,1988,2.0145001
Guinea-Bissau,GNB,1989,2.0176
Guinea-Bissau,GNB,1990,2.0518003
Guinea-Bissau,GNB,1991,2.0064
Guinea-Bissau,GNB,1992,1.9011
Guinea-Bissau,GNB,1993,1.9738002
Guinea-Bissau,GNB,1994,2.0067
Guinea-Bissau,GNB,1995,1.9070001
Guinea-Bissau,GNB,1996,1.8375001
Guinea-Bissau,GNB,1997,1.6657001
Guinea-Bissau,GNB,1998,1.4463001
Guinea-Bissau,GNB,1999,1.1809001
Guinea-Bissau,GNB,2000,1.4210001
Guinea-Bissau,GNB,2001,1.2341
Guinea-Bissau,GNB,2002,1.2921001
Guinea-Bissau,GNB,2003,1.3597
Guinea-Bissau,GNB,2004,1.3722
Guinea-Bissau,GNB,2005,1.5129001
Guinea-Bissau,GNB,2006,1.6308001
Guinea-Bissau,GNB,2007,1.8156
Guinea-Bissau,GNB,2008,1.8098001
Guinea-Bissau,GNB,2009,2.0368001
Guinea-Bissau,GNB,2010,2.0818002
Guinea-Bissau,GNB,2011,1.8756001
Guinea-Bissau,GNB,2012,1.7371
Guinea-Bissau,GNB,2013,1.5535
Guinea-Bissau,GNB,2014,1.5647
Guinea-Bissau,GNB,2015,1.5554001
Guinea-Bissau,GNB,2016,1.5609001
Guinea-Bissau,GNB,2017,1.5557001
Guinea-Bissau,GNB,2018,1.5461
Guinea-Bissau,GNB,2019,1.5410001
Guinea-Bissau,GNB,2020,1.6630001
Guinea-Bissau,GNB,2021,1.6890001
Guinea-Bissau,GNB,2022,1.6889001
Guinea-Bissau,GNB,2023,1.5085001
Guinea-Bissau,GNB,2024,1.4468001
Guyana,GUY,1961,2.0266001
Guyana,GUY,1962,2.2289
Guyana,GUY,1963,2.0309002
Guyana,GUY,1964,2.0179002
Guyana,GUY,1965,2.0649
Guyana,GUY,1966,2.0388002
Guyana,GUY,1967,1.9059001
Guyana,GUY,1968,1.5313001
Guyana,GUY,1969,1.6889001
Guyana,GUY,1970,1.8922
Guyana,GUY,1971,1.8219001
Guyana,GUY,1972,1.9725001
Guyana,GUY,1973,1.8214002
Guyana,GUY,1974,2.4233003
Guyana,GUY,1975,2.1791003
Guyana,GUY,1976,1.7835001
Guyana,GUY,1977,2.6103
Guyana,GUY,1978,2.6522
Guyana,GUY,1979,2.6665
Guyana,GUY,1980,2.9709
Guyana,GUY,1981,3.1364
Guyana,GUY,1982,3.0781002
Guyana,GUY,1983,3.249
Guyana,GUY,1984,3.1000001
Guyana,GUY,1985,3.2935002
Guyana,GUY,1986,3.2825003
Guyana,GUY,1987,3.2515001
Guyana,GUY,1988,3.0731003
Guyana,GUY,1989,3.4014
Guyana,GUY,1990,3.0331001
Guyana,GUY,1991,3.3427
Guyana,GUY,1992,3.5106003
Guyana,GUY,1993,3.3171003
Guyana,GUY,1994,3.7329001
Guyana,GUY,1995,3.9542
Guyana,GUY,1996,4.0141
Guyana,GUY,1997,3.9809
Guyana,GUY,1998,4.0405
Guyana,GUY,1999,3.8246002
Guyana,GUY,2000,3.8677
Guyana,GUY,2001,3.9823003
Guyana,GUY,2002,4.1194
Guyana,GUY,2003,4.2274003
Guyana,GUY,2004,4.3294
Guyana,GUY,2005,3.9397001
Guyana,GUY,2006,4.6265
Guyana,GUY,2007,4.3310003
Guyana,GUY,2008,4.2324
Guyana,GUY,2009,4.4353
Guyana,GUY,2010,4.2328
Guyana,GUY,2011,4.4102006
Guyana,GUY,2012,4.5280004
Guyana,GUY,2013,4.9996004
Guyana,GUY,2014,5.2713
Guyana,GUY,2015,5.5398
Guyana,GUY,2016,5.4740005
Guyana,GUY,2017,5.5938
Guyana,GUY,2018,5.7725
Guyana,GUY,2019,5.9049
Guyana,GUY,2020,5.7013
Guyana,GUY,2021,5.5199003
Guyana,GUY,2022,6.0285
Guyana,GUY,2023,6.3172007
Guyana,GUY,2024,6.6535
Haiti,HTI,1961,1.7188002
Haiti,HTI,1962,1.8182
Haiti,HTI,1963,1.9394001
Haiti,HTI,1964,2
Haiti,HTI,1965,2.0571003
Haiti,HTI,1966,2.0541003
Haiti,HTI,1967,2.0263002
Haiti,HTI,1968,2.0263002
Haiti,HTI,1969,2.1842
Haiti,HTI,1970,2.1053002
Haiti,HTI,1971,2.1316001
Haiti,HTI,1972,2.1905
Haiti,HTI,1973,3.0379
Haiti,HTI,1974,2.6533003
Haiti,HTI,1975,2.5
Haiti,HTI,1976,3.275
Haiti,HTI,1977,2.26
Haiti,HTI,1978,2.1999
Haiti,HTI,1979,2.2613
Haiti,HTI,1980,2.3942
Haiti,HTI,1981,2.3160002
Haiti,HTI,1982,2.2680001
Haiti,HTI,1983,2.4788
Haiti,HTI,1984,2.2581003
Haiti,HTI,1985,2.3490002
Haiti,HTI,1986,2.4566002
Haiti,HTI,1987,2.4166002
Haiti,HTI,1988,2.2316003
Haiti,HTI,1989,2.2125
Haiti,HTI,1990,2.1122
Haiti,HTI,1991,2
Haiti,HTI,1992,2.1586
Haiti,HTI,1993,2
Haiti,HTI,1994,1.9811001
Haiti,HTI,1995,2
Haiti,HTI,1996,2.4896002
Haiti,HTI,1997,2.2857
Haiti,HTI,1998,1.9800001
Haiti,HTI,1999,2.0833
Haiti,HTI,2000,2.5
Haiti,HTI,2001,2.0117002
Haiti,HTI,2002,2
Haiti,HTI,2003,1.9982
Haiti,HTI,2004,2.0508
Haiti,HTI,2005,2.0270002
Haiti,HTI,2006,2.0755
Haiti,HTI,2007,2.2491002
Haiti,HTI,2008,2.0755
Haiti,HTI,2009,2.2313
Haiti,HTI,2010,2.3228002
Haiti,HTI,2011,2.4089
Haiti,HTI,2012,2.459
Haiti,HTI,2013,2.8789
Haiti,HTI,2014,2.7329001
Haiti,HTI,2015,2.8013003
Haiti,HTI,2016,2.8518002
Haiti,HTI,2017,2.9211001
Haiti,HTI,2018,1.108
Haiti,HTI,2019,3.1454
Haiti,HTI,2020,2.676
Haiti,HTI,2021,2.6106002
Haiti,HTI,2022,2.549
Haiti,HTI,2023,2.6212
Haiti,HTI,2024,2.6177
High-income countries,OWID_HIC,1961,4.3061056
High-income countries,OWID_HIC,1962,4.3895903
High-income countries,OWID_HIC,1963,4.5205603
High-income countries,OWID_HIC,1964,4.520005
High-income countries,OWID_HIC,1965,4.4073453
High-income countries,OWID_HIC,1966,4.571568
High-income countries,OWID_HIC,1967,4.890817
High-income countries,OWID_HIC,1968,4.822647
High-income countries,OWID_HIC,1969,4.874152
High-income countries,OWID_HIC,1970,4.9360876
High-income countries,OWID_HIC,1971,4.7841573
High-income countries,OWID_HIC,1972,5.0288343
High-income countries,OWID_HIC,1973,5.116735
High-income countries,OWID_HIC,1974,5.092425
High-income countries,OWID_HIC,1975,5.285286
High-income countries,OWID_HIC,1976,5.137016
High-income countries,OWID_HIC,1977,5.5171676
High-income countries,OWID_HIC,1978,5.5581875
High-income countries,OWID_HIC,1979,5.507326
High-income countries,OWID_HIC,1980,4.7629814
High-income countries,OWID_HIC,1981,5.3586736
High-income countries,OWID_HIC,1982,5.434728
High-income countries,OWID_HIC,1983,5.4631305
High-income countries,OWID_HIC,1984,5.8162456
High-income countries,OWID_HIC,1985,5.901934
High-income countries,OWID_HIC,1986,5.959539
High-income countries,OWID_HIC,1987,5.7844214
High-income countries,OWID_HIC,1988,5.838129
High-income countries,OWID_HIC,1989,6.0051637
High-income countries,OWID_HIC,1990,5.990652
High-income countries,OWID_HIC,1991,5.8533025
High-income countries,OWID_HIC,1992,5.938507
High-income countries,OWID_HIC,1993,5.154283
High-income countries,OWID_HIC,1994,6.22453
High-income countries,OWID_HIC,1995,6.0027328
High-income countries,OWID_HIC,1996,6.2689123
High-income countries,OWID_HIC,1997,6.308745
High-income countries,OWID_HIC,1998,6.0630565
High-income countries,OWID_HIC,1999,6.271975
High-income countries,OWID_HIC,2000,6.419549
High-income countries,OWID_HIC,2001,6.560547
High-income countries,OWID_HIC,2002,6.474001
High-income countries,OWID_HIC,2003,6.156206
High-income countries,OWID_HIC,2004,6.622459
High-income countries,OWID_HIC,2005,6.5153456
High-income countries,OWID_HIC,2006,6.5649
High-income countries,OWID_HIC,2007,6.5841045
High-income countries,OWID_HIC,2008,6.7276826
High-income countries,OWID_HIC,2009,6.8165092
High-income countries,OWID_HIC,2010,6.5445795
High-income countries,OWID_HIC,2011,6.7331
High-income countries,OWID_HIC,2012,6.9386687
High-income countries,OWID_HIC,2013,7.0146794
High-income countries,OWID_HIC,2014,7.140635
High-income countries,OWID_HIC,2015,7.1136904
High-income countries,OWID_HIC,2016,7.0668497
High-income countries,OWID_HIC,2017,7.1065106
High-income countries,OWID_HIC,2018,7.230067
High-income countries,OWID_HIC,2019,7.0449424
High-income countries,OWID_HIC,2020,7.0647073
High-income countries,OWID_HIC,2021,7.239242
High-income countries,OWID_HIC,2022,7.0699997
High-income countries,OWID_HIC,2023,7.2407694
High-income countries,OWID_HIC,2024,7.3336005
Honduras,HND,1961,1.3135
Honduras,HND,1962,1.2803001
Honduras,HND,1963,1.2471
Honduras,HND,1964,1.2139001
Honduras,HND,1965,1.1810001
Honduras,HND,1966,1.2064
Honduras,HND,1967,1.2324001
Honduras,HND,1968,1.2554001
Honduras,HND,1969,1.279
Honduras,HND,1970,1.3030001
Honduras,HND,1971,1.3274001
Honduras,HND,1972,1.3522
Honduras,HND,1973,1.4697
Honduras,HND,1974,1.4973001
Honduras,HND,1975,1.6714001
Honduras,HND,1976,1.529
Honduras,HND,1977,1.1993
Honduras,HND,1978,1.7411001
Honduras,HND,1979,1.6558001
Honduras,HND,1980,1.8226
Honduras,HND,1981,1.7275001
Honduras,HND,1982,1.4564
Honduras,HND,1983,2.1255002
Honduras,HND,1984,2.7225
Honduras,HND,1985,2.5983002
Honduras,HND,1986,2.4971
Honduras,HND,1987,2.8557
Honduras,HND,1988,2.3595002
Honduras,HND,1989,2.7542
Honduras,HND,1990,2.5026002
Honduras,HND,1991,2.5924
Honduras,HND,1992,2.6931002
Honduras,HND,1993,2.6536002
Honduras,HND,1994,2.4906
Honduras,HND,1995,2.6103
Honduras,HND,1996,2.6768003
Honduras,HND,1997,3.1028001
Honduras,HND,1998,2.5468001
Honduras,HND,1999,2.1850002
Honduras,HND,2000,2.2923002
Honduras,HND,2001,3.4989002
Honduras,HND,2002,2.3573
Honduras,HND,2003,3.5379
Honduras,HND,2004,4.105
Honduras,HND,2005,3.7417002
Honduras,HND,2006,4.9229
Honduras,HND,2007,5.0483003
Honduras,HND,2008,5.1911
Honduras,HND,2009,4.9376
Honduras,HND,2010,5.7287006
Honduras,HND,2011,5.7761
Honduras,HND,2012,5.9734
Honduras,HND,2013,3.7611003
Honduras,HND,2014,3.4201002
Honduras,HND,2015,3.7336004
Honduras,HND,2016,3.5809
Honduras,HND,2017,3.9040003
Honduras,HND,2018,3.9512002
Honduras,HND,2019,3.9368002
Honduras,HND,2020,3.9434001
Honduras,HND,2021,3.7878003
Honduras,HND,2022,3.6405
Honduras,HND,2023,3.5784001
Honduras,HND,2024,3.5164
Hong Kong,HKG,1961,2.0168002
Hong Kong,HKG,1962,1.7201
Hong Kong,HKG,1963,1.8408002
Hong Kong,HKG,1964,1.3962001
Hong Kong,HKG,1965,2.4362001
Hong Kong,HKG,1966,1.7563001
Hong Kong,HKG,1967,1.9331001
Hong Kong,HKG,1968,1.7787
Hong Kong,HKG,1969,2.3654
Hong Kong,HKG,1970,2.3669
Hong Kong,HKG,1971,2.2888002
Hong Kong,HKG,1972,2.0568001
Hong Kong,HKG,1973,2.2265
Hong Kong,HKG,1974,1.6159002
Hong Kong,HKG,1975,1.7924001
Hong Kong,HKG,1976,1.8863001
Hong Kong,HKG,1977,1.8827001
Hong Kong,HKG,1978,1.8817
Hong Kong,HKG,1979,1.5152
Hong Kong,HKG,1980,2.1212
Hong Kong,HKG,1981,1.5000001
Hong Kong,HKG,1982,1.5385001
Hong Kong,HKG,1983,1.3333001
Hong Kong,HKG,1984,2.1818001
Hong Kong,HKG,1985,2.5
Hong Kong,HKG,1986,2.2
Hong Kong,HKG,1987,1.25
Hong Kong,HKG,1988,3.0000002
Hong Kong,HKG,1989,3.0000002
Hong Kong,HKG,1990,2
Hungary,HUN,1961,1.7323002
Hungary,HUN,1962,1.8916
Hungary,HUN,1963,2.523
Hungary,HUN,1964,1.9493002
Hungary,HUN,1965,1.2343001
Hungary,HUN,1966,1.6423001
Hungary,HUN,1967,2.1465
Hungary,HUN,1968,1.9321
Hungary,HUN,1969,2.2666001
Hungary,HUN,1970,1.9076
Hungary,HUN,1971,2.5456002
Hungary,HUN,1972,2.2277
Hungary,HUN,1973,2.5056002
Hungary,HUN,1974,1.9690001
Hungary,HUN,1975,2.5361001
Hungary,HUN,1976,1.1344001
Hungary,HUN,1977,1.2717
Hungary,HUN,1978,0.9739001
Hungary,HUN,1979,2.0630002
Hungary,HUN,1980,1.5324001
Hungary,HUN,1981,2.993
Hungary,HUN,1982,3.795
Hungary,HUN,1983,3.7450001
Hungary,HUN,1984,2.4768002
Hungary,HUN,1985,3.3871002
Hungary,HUN,1986,3.9930003
Hungary,HUN,1987,3.0073001
Hungary,HUN,1988,3.6236002
Hungary,HUN,1989,2.3713002
Hungary,HUN,1990,3.3520002
Hungary,HUN,1991,2.3696003
Hungary,HUN,1992,3.0702002
Hungary,HUN,1993,2.6519
Hungary,HUN,1994,3.1308002
Hungary,HUN,1995,3.1606002
Hungary,HUN,1996,2.2508001
Hungary,HUN,1997,3.3286002
Hungary,HUN,1998,2.7031002
Hungary,HUN,1999,3.3158002
Hungary,HUN,2000,3.4932
Hungary,HUN,2001,3.295
Hungary,HUN,2002,4.6448
Hungary,HUN,2003,4.3727
Hungary,HUN,2004,3.4097002
Hungary,HUN,2005,3.5426002
Hungary,HUN,2006,3.2342
Hungary,HUN,2007,3.7891002
Hungary,HUN,2008,3.9404001
Hungary,HUN,2009,4.3223
Hungary,HUN,2010,2.9465
Hungary,HUN,2011,3.2411003
Hungary,HUN,2012,3.8074
Hungary,HUN,2013,3.2727
Hungary,HUN,2014,3.2958002
Hungary,HUN,2015,3.3578002
Hungary,HUN,2016,3.7025
Hungary,HUN,2017,4.4495
Hungary,HUN,2018,4.5802
Hungary,HUN,2019,4.1623
Hungary,HUN,2020,3.9264002
Hungary,HUN,2021,3.5000002
Hungary,HUN,2022,4.3562
Hungary,HUN,2023,3.5598001
Hungary,HUN,2024,3.6271002
India,IND,1961,1.5419
India,IND,1962,1.3959001
India,IND,1963,1.5498002
India,IND,1964,1.6171
India,IND,1965,1.2936001
India,IND,1966,1.2952
India,IND,1967,1.5484
India,IND,1968,1.6134001
India,IND,1969,1.6094002
India,IND,1970,1.6849
India,IND,1971,1.7110001
India,IND,1972,1.6046001
India,IND,1973,1.7259
India,IND,1974,1.5744001
India,IND,1975,1.8582001
India,IND,1976,1.6372
India,IND,1977,1.9613001
India,IND,1978,1.9912001
India,IND,1979,1.6105001
India,IND,1980,2.0002
India,IND,1981,1.9623002
India,IND,1982,1.8497001
India,IND,1983,2.1833003
India,IND,1984,2.1272001
India,IND,1985,2.3292
India,IND,1986,2.2052
India,IND,1987,2.1991003
India,IND,1988,2.5486002
India,IND,1989,2.6160002
India,IND,1990,2.6125002
India,IND,1991,2.6190002
India,IND,1992,2.6297002
India,IND,1993,2.7972002
India,IND,1994,2.8773003
India,IND,1995,2.7009
India,IND,1996,2.5236
India,IND,1997,2.8276002
India,IND,1998,2.8155
India,IND,1999,3.0081003
India,IND,2000,2.838
India,IND,2001,3.1164
India,IND,2002,2.6901002
India,IND,2003,3.0926003
India,IND,2004,2.9527001
India,IND,2005,3.1196003
India,IND,2006,3.1995
India,IND,2007,3.2925003
India,IND,2008,3.2797
India,IND,2009,3.1941001
India,IND,2010,3.3230002
India,IND,2011,3.6060002
India,IND,2012,3.6774
India,IND,2013,3.6165001
India,IND,2014,3.5900002
India,IND,2015,3.6018002
India,IND,2016,3.7526002
India,IND,2017,3.8117
India,IND,2018,3.9761002
India,IND,2019,4.0521
India,IND,2020,4.0594
India,IND,2021,4.2033
India,IND,2022,4.2388
India,IND,2023,4.3135004
India,IND,2024,4.3132005
Indonesia,IDN,1961,1.7623001
Indonesia,IDN,1962,1.7855
Indonesia,IDN,1963,1.7226001
Indonesia,IDN,1964,1.7630001
Indonesia,IDN,1965,1.7708001
Indonesia,IDN,1966,1.7748002
Indonesia,IDN,1967,1.7592
Indonesia,IDN,1968,2.1398
Indonesia,IDN,1969,2.2487001
Indonesia,IDN,1970,2.3763
Indonesia,IDN,1971,2.4254
Indonesia,IDN,1972,2.4556003
Indonesia,IDN,1973,2.5572
Indonesia,IDN,1974,2.6412
Indonesia,IDN,1975,2.6297002
Indonesia,IDN,1976,2.7843
Indonesia,IDN,1977,2.7929
Indonesia,IDN,1978,2.8862002
Indonesia,IDN,1979,2.9855
Indonesia,IDN,1980,3.2928002
Indonesia,IDN,1981,3.4934
Indonesia,IDN,1982,3.7363002
Indonesia,IDN,1983,3.8530002
Indonesia,IDN,1984,3.9060001
Indonesia,IDN,1985,3.9418
Indonesia,IDN,1986,3.9773002
Indonesia,IDN,1987,4.0391
Indonesia,IDN,1988,4.1108
Indonesia,IDN,1989,4.247
Indonesia,IDN,1990,4.3018
Indonesia,IDN,1991,4.3465004
Indonesia,IDN,1992,4.3446
Indonesia,IDN,1993,4.375
Indonesia,IDN,1994,4.3453
Indonesia,IDN,1995,4.3487005
Indonesia,IDN,1996,4.4168
Indonesia,IDN,1997,4.4322004
Indonesia,IDN,1998,4.1974
Indonesia,IDN,1999,4.2519
Indonesia,IDN,2000,4.4007006
Indonesia,IDN,2001,4.3879
Indonesia,IDN,2002,4.4691005
Indonesia,IDN,2003,4.5426
Indonesia,IDN,2004,4.5365
Indonesia,IDN,2005,4.5739
Indonesia,IDN,2006,4.6201005
Indonesia,IDN,2007,4.6468
Indonesia,IDN,2008,4.9165
Indonesia,IDN,2009,5.0105004
Indonesia,IDN,2010,5.0253
Indonesia,IDN,2011,4.9995003
Indonesia,IDN,2012,5.151
Indonesia,IDN,2013,5.1668
Indonesia,IDN,2014,5.1477003
Indonesia,IDN,2015,5.3588
Indonesia,IDN,2016,5.0973
Indonesia,IDN,2017,5.0690002
Indonesia,IDN,2018,5.2031
Indonesia,IDN,2019,5.1137004
Indonesia,IDN,2020,5.1279
Indonesia,IDN,2021,5.2263002
Indonesia,IDN,2022,5.2378
Indonesia,IDN,2023,5.2852006
Indonesia,IDN,2024,5.2899003
Iran,IRN,1961,2.1429
Iran,IRN,1962,2.8367002
Iran,IRN,1963,2.8700001
Iran,IRN,1964,2.8665001
Iran,IRN,1965,2.8389
Iran,IRN,1966,2.5594
Iran,IRN,1967,2.7988002
Iran,IRN,1968,2.7374
Iran,IRN,1969,2.8022
Iran,IRN,1970,2.7937
Iran,IRN,1971,3.0407002
Iran,IRN,1972,3.183
Iran,IRN,1973,3.0737002
Iran,IRN,1974,3.0115001
Iran,IRN,1975,3.1020002
Iran,IRN,1976,3.7893002
Iran,IRN,1977,3.4665003
Iran,IRN,1978,3.9547002
Iran,IRN,1979,3.2726002
Iran,IRN,1980,2.8356001
Iran,IRN,1981,3.5366004
Iran,IRN,1982,3.3223002
Iran,IRN,1983,2.8305001
Iran,IRN,1984,3.3608003
Iran,IRN,1985,3.7111003
Iran,IRN,1986,3.7873
Iran,IRN,1987,3.4220002
Iran,IRN,1988,3.0356002
Iran,IRN,1989,3.5723002
Iran,IRN,1990,3.7787
Iran,IRN,1991,4.0469003
Iran,IRN,1992,3.9597
Iran,IRN,1993,3.8758001
Iran,IRN,1994,4.0097003
Iran,IRN,1995,4.0683002
Iran,IRN,1996,4.4722004
Iran,IRN,1997,4.1727004
Iran,IRN,1998,4.5053
Iran,IRN,1999,3.9994001
Iran,IRN,2000,3.6915002
Iran,IRN,2001,3.8661003
Iran,IRN,2002,4.7241
Iran,IRN,2003,4.7639003
Iran,IRN,2004,4.158
Iran,IRN,2005,4.3573
Iran,IRN,2006,4.1426
Iran,IRN,2007,4.3257003
Iran,IRN,2008,3.9285002
Iran,IRN,2009,3.9883003
Iran,IRN,2010,4.4187
Iran,IRN,2011,3.5717
Iran,IRN,2012,4.1404
Iran,IRN,2013,4.3363
Iran,IRN,2014,4.3542004
Iran,IRN,2015,4.4299
Iran,IRN,2016,4.9008
Iran,IRN,2017,5.3659
Iran,IRN,2018,4.9862003
Iran,IRN,2019,4.9566
Iran,IRN,2020,5.3348002
Iran,IRN,2021,4.6660004
Iran,IRN,2022,4.5846004
Iran,IRN,2023,4.3982005
Iran,IRN,2024,4.5177
Iraq,IRQ,1961,2.7381003
Iraq,IRQ,1962,2.8275
Iraq,IRQ,1963,2.6039
Iraq,IRQ,1964,2.8362
Iraq,IRQ,1965,2.7451003
Iraq,IRQ,1966,2.8013003
Iraq,IRQ,1967,3.0575001
Iraq,IRQ,1968,3.2431002
Iraq,IRQ,1969,3.0000002
Iraq,IRQ,1970,2.4027
Iraq,IRQ,1971,2.8118002
Iraq,IRQ,1972,2.8511002
Iraq,IRQ,1973,2.4487
Iraq,IRQ,1974,2.2056003
Iraq,IRQ,1975,2.0261002
Iraq,IRQ,1976,3.1171002
Iraq,IRQ,1977,3.1384
Iraq,IRQ,1978,3.1434
Iraq,IRQ,1979,2.6882
Iraq,IRQ,1980,3.0099
Iraq,IRQ,1981,2.9761002
Iraq,IRQ,1982,2.8356001
Iraq,IRQ,1983,2.2597
Iraq,IRQ,1984,2.7765002
Iraq,IRQ,1985,2.8348002
Iraq,IRQ,1986,2.8127
Iraq,IRQ,1987,2.7986002
Iraq,IRQ,1988,2.7855
Iraq,IRQ,1989,3.1863003
Iraq,IRQ,1990,2.8889
Iraq,IRQ,1991,2.2008002
Iraq,IRQ,1992,1.8947
Iraq,IRQ,1993,1.8727001
Iraq,IRQ,1994,2.3497
Iraq,IRQ,1995,1.8000001
Iraq,IRQ,1996,2.25
Iraq,IRQ,1997,2.0165
Iraq,IRQ,1998,2.3438
Iraq,IRQ,1999,1.3846
Iraq,IRQ,2000,0.6
Iraq,IRQ,2001,1.2800001
Iraq,IRQ,2002,2.5
Iraq,IRQ,2003,3.0508
Iraq,IRQ,2004,2.8409
Iraq,IRQ,2005,2.8879
Iraq,IRQ,2006,2.8867002
Iraq,IRQ,2007,3.163
Iraq,IRQ,2008,2.9281003
Iraq,IRQ,2009,3.1511002
Iraq,IRQ,2010,3.2482002
Iraq,IRQ,2011,3.5762
Iraq,IRQ,2012,4.5468
Iraq,IRQ,2013,4.7162004
Iraq,IRQ,2014,5.1049004
Iraq,IRQ,2015,4.4776
Iraq,IRQ,2016,4.8056
Iraq,IRQ,2017,4.8975
Iraq,IRQ,2018,3.3556004
Iraq,IRQ,2019,4.5014
Iraq,IRQ,2020,4.5688
Iraq,IRQ,2021,4.3922005
Iraq,IRQ,2022,3.0313003
Iraq,IRQ,2023,3.6296003
Iraq,IRQ,2024,4.3441005
Italy,ITA,1961,5.6773
Italy,ITA,1962,5.5963
Italy,ITA,1963,4.9035
Italy,ITA,1964,5.2168
Italy,ITA,1965,4.025
Italy,ITA,1966,4.6870003
Italy,ITA,1967,5.1823
Italy,ITA,1968,4.1673
Italy,ITA,1969,5.1004
Italy,ITA,1970,4.7327003
Italy,ITA,1971,5.0967007
Italy,ITA,1972,4.0961003
Italy,ITA,1973,5.4098
Italy,ITA,1974,5.4675
Italy,ITA,1975,5.695
Italy,ITA,1976,4.8503
Italy,ITA,1977,3.6735
Italy,ITA,1978,4.9553
Italy,ITA,1979,6.0348
Italy,ITA,1980,5.4955
Italy,ITA,1981,5.2868
Italy,ITA,1982,5.7082005
Italy,ITA,1983,5.5956
Italy,ITA,1984,5.5925
Italy,ITA,1985,6.0520005
Italy,ITA,1986,5.9344
Italy,ITA,1987,5.6128
Italy,ITA,1988,5.5098
Italy,ITA,1989,6.0461006
Italy,ITA,1990,6.0278
Italy,ITA,1991,6.0274
Italy,ITA,1992,5.8758
Italy,ITA,1993,5.6317005
Italy,ITA,1994,5.7661004
Italy,ITA,1995,5.5206003
Italy,ITA,1996,5.8122005
Italy,ITA,1997,6.195
Italy,ITA,1998,6.2573
Italy,ITA,1999,6.4635005
Italy,ITA,2000,5.5810003
Italy,ITA,2001,5.8494
Italy,ITA,2002,6.2700005
Italy,ITA,2003,6.4129
Italy,ITA,2004,6.6317005
Italy,ITA,2005,6.3074
Italy,ITA,2006,6.2772007
Italy,ITA,2007,6.6240005
Italy,ITA,2008,6.1949
Italy,ITA,2009,6.7941003
Italy,ITA,2010,6.1219
Italy,ITA,2011,6.0452003
Italy,ITA,2012,6.8133
Italy,ITA,2013,6.6342006
Italy,ITA,2014,6.3148003
Italy,ITA,2015,6.6785
Italy,ITA,2016,6.7797003
Italy,ITA,2017,6.8253
Italy,ITA,2018,6.7687006
Italy,ITA,2019,6.7837005
Italy,ITA,2020,6.6316004
Italy,ITA,2021,6.4275002
Italy,ITA,2022,5.6632004
Italy,ITA,2023,6.5575004
Italy,ITA,2024,6.4068003
Jamaica,JAM,1961,1.5066
Jamaica,JAM,1962,1.531
Jamaica,JAM,1963,2.1922
Jamaica,JAM,1964,1.5063001
Jamaica,JAM,1965,1.5065001
Jamaica,JAM,1966,1.4995
Jamaica,JAM,1967,1.5354002
Jamaica,JAM,1968,1.5025
Jamaica,JAM,1969,1.5128001
Jamaica,JAM,1970,1.5062001
Jamaica,JAM,1971,1.5188001
Jamaica,JAM,1972,1.6100001
Jamaica,JAM,1973,1.7429001
Jamaica,JAM,1974,1.8125001
Jamaica,JAM,1975,1.9007001
Jamaica,JAM,1976,1.9840001
Jamaica,JAM,1977,2.1850002
Jamaica,JAM,1978,2.0075002
Jamaica,JAM,1979,2.0283
Jamaica,JAM,1980,2.6195002
Jamaica,JAM,1981,2.49
Jamaica,JAM,1982,2.6713002
Jamaica,JAM,1983,3.9021003
Jamaica,JAM,1984,3.4275002
Jamaica,JAM,1985,3.0364
Jamaica,JAM,1986,3.1802
Jamaica,JAM,1987,2.0668
Jamaica,JAM,1988,4.3492002
Jamaica,JAM,1989,3.3506002
Jamaica,JAM,1990,2.3656
Jamaica,JAM,1991,2.7019
Jamaica,JAM,1992,2.3981001
Jamaica,JAM,1993,3.1279001
Jamaica,JAM,1994,2.9080002
Jamaica,JAM,1995,2.4308002
Jamaica,JAM,1996,1.4286001
Jamaica,JAM,1997,1.6111001
Jamaica,JAM,1998,1.8750001
Jamaica,JAM,1999,1.069
Jamaica,JAM,2000,0.9231
Jamaica,JAM,2001,1.3750001
Jamaica,JAM,2002,0.9091
Jamaica,JAM,2003,1.0769001
Jamaica,JAM,2004,1.4286001
Jamaica,JAM,2005,3.0000002
Jamaica,JAM,2006,2
Jamaica,JAM,2007,2.9545002
Jamaica,JAM,2008,3.3333
Jamaica,JAM,2009,4.0541005
Jamaica,JAM,2010,4.7397003
Jamaica,JAM,2011,5.3341002
Jamaica,JAM,2012,4.9023
Jamaica,JAM,2013,4.2000003
Jamaica,JAM,2014,3.6667001
Jamaica,JAM,2015,4.5
Jamaica,JAM,2016,4.5333
Jamaica,JAM,2017,1
Jamaica,JAM,2019,1
Japan,JPN,1961,4.8794003
Japan,JPN,1962,5.1372004
Japan,JPN,1963,5.0821004
Japan,JPN,1964,5.0111003
Japan,JPN,1965,4.9489
Japan,JPN,1966,5.0841002
Japan,JPN,1967,5.749
Japan,JPN,1968,5.7183
Japan,JPN,1969,5.5505004
Japan,JPN,1970,5.6348
Japan,JPN,1971,5.2439003
Japan,JPN,1972,5.8458
Japan,JPN,1973,6.0175004
Japan,JPN,1974,5.8605003
Japan,JPN,1975,6.1856003
Japan,JPN,1976,5.4797006
Japan,JPN,1977,6.1683
Japan,JPN,1978,6.1758003
Japan,JPN,1979,5.9864
Japan,JPN,1980,5.1279
Japan,JPN,1981,5.6295004
Japan,JPN,1982,5.6881003
Japan,JPN,1983,5.7008
Japan,JPN,1984,6.4138002
Japan,JPN,1985,6.2246003
Japan,JPN,1986,6.3218
Japan,JPN,1987,6.1901
Japan,JPN,1988,5.8858
Japan,JPN,1989,6.1679
Japan,JPN,1990,6.3279004
Japan,JPN,1991,5.859
Japan,JPN,1992,6.2754
Japan,JPN,1993,4.5783
Japan,JPN,1994,6.7703
Japan,JPN,1995,6.3432007
Japan,JPN,1996,6.5402007
Japan,JPN,1997,6.4163003
Japan,JPN,1998,6.2188
Japan,JPN,1999,6.4143
Japan,JPN,2000,6.7023
Japan,JPN,2001,6.6354003
Japan,JPN,2002,6.5823
Japan,JPN,2003,5.8498
Japan,JPN,2004,6.4150004
Japan,JPN,2005,6.6483
Japan,JPN,2006,6.3359003
Japan,JPN,2007,6.5111003
Japan,JPN,2008,6.7786
Japan,JPN,2009,6.5222006
Japan,JPN,2010,6.5076003
Japan,JPN,2011,6.6462007
Japan,JPN,2012,6.8632007
Japan,JPN,2013,6.9315004
Japan,JPN,2014,6.9801006
Japan,JPN,2015,6.8754
Japan,JPN,2016,6.9643
Japan,JPN,2017,6.9216003
Japan,JPN,2018,6.8413
Japan,JPN,2019,6.8345003
Japan,JPN,2020,6.8315005
Japan,JPN,2021,6.9876003
Japan,JPN,2022,6.9790006
Japan,JPN,2023,6.8565
Japan,JPN,2024,6.9561005
Kazakhstan,KAZ,1992,3.9915001
Kazakhstan,KAZ,1993,3.6871002
Kazakhstan,KAZ,1994,2.7937
Kazakhstan,KAZ,1995,2.1932
Kazakhstan,KAZ,1996,2.6155002
Kazakhstan,KAZ,1997,3.0765002
Kazakhstan,KAZ,1998,3.2162
Kazakhstan,KAZ,1999,2.8070002
Kazakhstan,KAZ,2000,2.9723003
Kazakhstan,KAZ,2001,2.8714
Kazakhstan,KAZ,2002,3.0288002
Kazakhstan,KAZ,2003,3.2696002
Kazakhstan,KAZ,2004,3.4182
Kazakhstan,KAZ,2005,3.3518002
Kazakhstan,KAZ,2006,3.2966003
Kazakhstan,KAZ,2007,3.3678002
Kazakhstan,KAZ,2008,3.3736002
Kazakhstan,KAZ,2009,3.5323002
Kazakhstan,KAZ,2010,3.9697
Kazakhstan,KAZ,2011,3.7152002
Kazakhstan,KAZ,2012,3.7712002
Kazakhstan,KAZ,2013,3.8500001
Kazakhstan,KAZ,2014,3.9573002
Kazakhstan,KAZ,2015,4.2756004
Kazakhstan,KAZ,2016,4.748
Kazakhstan,KAZ,2017,4.6841
Kazakhstan,KAZ,2018,4.7590003
Kazakhstan,KAZ,2019,5.4983
Kazakhstan,KAZ,2020,5.4438
Kazakhstan,KAZ,2021,5.2132006
Kazakhstan,KAZ,2022,4.9058
Kazakhstan,KAZ,2023,4.8514
Kazakhstan,KAZ,2024,5.2244
Kenya,KEN,1961,2.2703001
Kenya,KEN,1962,2.6207001
Kenya,KEN,1963,2.4409
Kenya,KEN,1964,2.4636002
Kenya,KEN,1965,5.6809
Kenya,KEN,1966,5.8657002
Kenya,KEN,1967,5.6318
Kenya,KEN,1968,5.4497004
Kenya,KEN,1969,4.611
Kenya,KEN,1970,4.8768
Kenya,KEN,1971,4.7393003
Kenya,KEN,1972,5.0789003
Kenya,KEN,1973,4.8769
Kenya,KEN,1974,5.0617003
Kenya,KEN,1975,5.0933
Kenya,KEN,1976,5.775
Kenya,KEN,1977,6.1813
Kenya,KEN,1978,5.6701
Kenya,KEN,1979,4.3064003
Kenya,KEN,1980,3.9400003
Kenya,KEN,1981,3.9402
Kenya,KEN,1982,3.9399002
Kenya,KEN,1983,3.9400003
Kenya,KEN,1984,4.0486
Kenya,KEN,1985,2.67
Kenya,KEN,1986,3.1491003
Kenya,KEN,1987,3.1034
Kenya,KEN,1988,3.5714002
Kenya,KEN,1989,3.9859002
Kenya,KEN,1990,3.0984
Kenya,KEN,1991,3.8846004
Kenya,KEN,1992,3.5362
Kenya,KEN,1993,4.1483
Kenya,KEN,1994,4.3559003
Kenya,KEN,1995,4
Kenya,KEN,1996,4
Kenya,KEN,1997,3.9724002
Kenya,KEN,1998,4.8419003
Kenya,KEN,1999,3.9845002
Kenya,KEN,2000,3.7710001
Kenya,KEN,2001,3.4091003
Kenya,KEN,2002,3.4615002
Kenya,KEN,2003,3.7568002
Kenya,KEN,2004,3.7280002
Kenya,KEN,2005,3.9321003
Kenya,KEN,2006,2.8062
Kenya,KEN,2007,2.8715003
Kenya,KEN,2008,1.3076
Kenya,KEN,2009,1.9333001
Kenya,KEN,2010,4.2384
Kenya,KEN,2011,3.9676003
Kenya,KEN,2012,4.6643
Kenya,KEN,2013,3.9955
Kenya,KEN,2014,3.9543002
Kenya,KEN,2015,3.9566002
Kenya,KEN,2016,3.4601002
Kenya,KEN,2017,2.6717
Kenya,KEN,2018,4.3367004
Kenya,KEN,2019,6.4255004
Kenya,KEN,2020,6.3973002
Kenya,KEN,2021,5.8074
Kenya,KEN,2022,4.3452005
Kenya,KEN,2023,5.8822002
Kenya,KEN,2024,6.5530005
Kyrgyzstan,KGZ,1992,1.4737
Kyrgyzstan,KGZ,1993,0.96000004
Kyrgyzstan,KGZ,1994,1.3000001
Kyrgyzstan,KGZ,1995,1.4889001
Kyrgyzstan,KGZ,1996,1.7037001
Kyrgyzstan,KGZ,1997,1.9180001
Kyrgyzstan,KGZ,1998,2.0042
Kyrgyzstan,KGZ,1999,2.4698002
Kyrgyzstan,KGZ,2000,3.0488002
Kyrgyzstan,KGZ,2001,2.9859
Kyrgyzstan,KGZ,2002,3.1290002
Kyrgyzstan,KGZ,2003,3.0069
Kyrgyzstan,KGZ,2004,3.0052001
Kyrgyzstan,KGZ,2005,2.9517002
Kyrgyzstan,KGZ,2006,2.9633002
Kyrgyzstan,KGZ,2007,2.8236003
Kyrgyzstan,KGZ,2008,2.8548002
Kyrgyzstan,KGZ,2009,3.3041003
Kyrgyzstan,KGZ,2010,3.2935002
Kyrgyzstan,KGZ,2011,3.0898001
Kyrgyzstan,KGZ,2012,3.2219
Kyrgyzstan,KGZ,2013,3.4438002
Kyrgyzstan,KGZ,2014,3.5016003
Kyrgyzstan,KGZ,2015,3.5081003
Kyrgyzstan,KGZ,2016,3.5185
Kyrgyzstan,KGZ,2017,3.5669
Kyrgyzstan,KGZ,2018,3.5945
Kyrgyzstan,KGZ,2019,3.6464
Kyrgyzstan,KGZ,2020,3.7288003
Kyrgyzstan,KGZ,2021,3.7357001
Kyrgyzstan,KGZ,2022,3.8027
Kyrgyzstan,KGZ,2023,3.9675002
Kyrgyzstan,KGZ,2024,4.039
Land Locked Developing Countries (FAO),,1961,1.4736
Land Locked Developing Countries (FAO),,1962,1.4701
Land Locked Developing Countries (FAO),,1963,1.5265001
Land Locked Developing Countries (FAO),,1964,1.4497
Land Locked Developing Countries (FAO),,1965,1.4372001
Land Locked Developing Countries (FAO),,1966,1.3435
Land Locked Developing Countries (FAO),,1967,1.4009001
Land Locked Developing Countries (FAO),,1968,1.5851
Land Locked Developing Countries (FAO),,1969,1.6730001
Land Locked Developing Countries (FAO),,1970,1.6457
Land Locked Developing Countries (FAO),,1971,1.5972
Land Locked Developing Countries (FAO),,1972,1.4967
Land Locked Developing Countries (FAO),,1973,1.6545001
Land Locked Developing Countries (FAO),,1974,1.6834002
Land Locked Developing Countries (FAO),,1975,1.7502
Land Locked Developing Countries (FAO),,1976,1.6829001
Land Locked Developing Countries (FAO),,1977,1.6129001
Land Locked Developing Countries (FAO),,1978,1.6422
Land Locked Developing Countries (FAO),,1979,1.4795
Land Locked Developing Countries (FAO),,1980,1.6978002
Land Locked Developing Countries (FAO),,1981,1.7861
Land Locked Developing Countries (FAO),,1982,1.4729002
Land Locked Developing Countries (FAO),,1983,1.8343002
Land Locked Developing Countries (FAO),,1984,1.8733002
Land Locked Developing Countries (FAO),,1985,1.9651
Land Locked Developing Countries (FAO),,1986,1.8684001
Land Locked Developing Countries (FAO),,1987,2.0385
Land Locked Developing Countries (FAO),,1988,2.0483
Land Locked Developing Countries (FAO),,1989,2.2392
Land Locked Developing Countries (FAO),,1990,2.2303002
Land Locked Developing Countries (FAO),,1991,2.0440001
Land Locked Developing Countries (FAO),,1992,2.4108002
Land Locked Developing Countries (FAO),,1993,2.1679
Land Locked Developing Countries (FAO),,1994,2.3213003
Land Locked Developing Countries (FAO),,1995,2.2628002
Land Locked Developing Countries (FAO),,1996,2.2886002
Land Locked Developing Countries (FAO),,1997,2.3195002
Land Locked Developing Countries (FAO),,1998,2.4217
Land Locked Developing Countries (FAO),,1999,2.5476003
Land Locked Developing Countries (FAO),,2000,2.5659
Land Locked Developing Countries (FAO),,2001,2.5472
Land Locked Developing Countries (FAO),,2002,2.6246002
Land Locked Developing Countries (FAO),,2003,2.7734
Land Locked Developing Countries (FAO),,2004,2.7028003
Land Locked Developing Countries (FAO),,2005,2.7425
Land Locked Developing Countries (FAO),,2006,2.7665002
Land Locked Developing Countries (FAO),,2007,2.8747
Land Locked Developing Countries (FAO),,2008,3.0242002
Land Locked Developing Countries (FAO),,2009,2.9776003
Land Locked Developing Countries (FAO),,2010,2.8984
Land Locked Developing Countries (FAO),,2011,3.2117002
Land Locked Developing Countries (FAO),,2012,3.2865002
Land Locked Developing Countries (FAO),,2013,3.3560002
Land Locked Developing Countries (FAO),,2014,3.4857001
Land Locked Developing Countries (FAO),,2015,3.4263003
Land Locked Developing Countries (FAO),,2016,3.5130002
Land Locked Developing Countries (FAO),,2017,3.5622
Land Locked Developing Countries (FAO),,2018,3.5031002
Land Locked Developing Countries (FAO),,2019,3.5603
Land Locked Developing Countries (FAO),,2020,3.4896002
Land Locked Developing Countries (FAO),,2021,3.3113003
Land Locked Developing Countries (FAO),,2022,3.4478002
Land Locked Developing Countries (FAO),,2023,3.5731003
Land Locked Developing Countries (FAO),,2024,3.5818002
Laos,LAO,1961,0.87100005
Laos,LAO,1962,0.8644001
Laos,LAO,1963,0.86670005
Laos,LAO,1964,0.80240005
Laos,LAO,1965,0.8079001
Laos,LAO,1966,0.8108
Laos,LAO,1967,0.84480006
Laos,LAO,1968,1.1753001
Laos,LAO,1969,1.3471
Laos,LAO,1970,1.3589001
Laos,LAO,1971,1.2204001
Laos,LAO,1972,1.2287
Laos,LAO,1973,1.3290001
Laos,LAO,1974,1.319
Laos,LAO,1975,1.3382
Laos,LAO,1976,1.2600001
Laos,LAO,1977,1.2345
Laos,LAO,1978,1.2512
Laos,LAO,1979,1.2577
Laos,LAO,1980,1.4386001
Laos,LAO,1981,1.5498002
Laos,LAO,1982,1.4825001
Laos,LAO,1983,1.5851
Laos,LAO,1984,2.0166001
Laos,LAO,1985,2.1028001
Laos,LAO,1986,2.2588003
Laos,LAO,1987,2.2272
Laos,LAO,1988,1.9118001
Laos,LAO,1989,2.3552
Laos,LAO,1990,2.2935002
Laos,LAO,1991,2.1977
Laos,LAO,1992,2.6555002
Laos,LAO,1993,2.2668002
Laos,LAO,1994,2.5812001
Laos,LAO,1995,2.5323002
Laos,LAO,1996,2.5526001
Laos,LAO,1997,2.7607
Laos,LAO,1998,2.7116003
Laos,LAO,1999,2.9304001
Laos,LAO,2000,3.0606003
Laos,LAO,2001,3.1264
Laos,LAO,2002,3.2739
Laos,LAO,2003,3.1403003
Laos,LAO,2004,3.2831004
Laos,LAO,2005,3.489
Laos,LAO,2006,3.5855002
Laos,LAO,2007,3.7233002
Laos,LAO,2008,3.7772002
Laos,LAO,2009,3.8419
Laos,LAO,2010,3.5909002
Laos,LAO,2011,3.7513003
Laos,LAO,2012,3.7367
Laos,LAO,2013,3.8315003
Laos,LAO,2014,4.1786003
Laos,LAO,2015,4.2501
Laos,LAO,2016,4.2625003
Laos,LAO,2017,4.2251005
Laos,LAO,2018,4.2264
Laos,LAO,2019,4.1548
Laos,LAO,2020,3.8181002
Laos,LAO,2021,3.8956003
Laos,LAO,2022,3.9489
Laos,LAO,2023,4.0347
Laos,LAO,2024,4.1082006
Least Developed Countries (FAO),,1961,1.5501001
Least Developed Countries (FAO),,1962,1.4655001
Least Developed Countries (FAO),,1963,1.6044002
Least Developed Countries (FAO),,1964,1.5926001
Least Developed Countries (FAO),,1965,1.5548002
Least Developed Countries (FAO),,1966,1.4585
Least Developed Countries (FAO),,1967,1.5801
Least Developed Countries (FAO),,1968,1.6430001
Least Developed Countries (FAO),,1969,1.6680001
Least Developed Countries (FAO),,1970,1.6554002
Least Developed Countries (FAO),,1971,1.6024001
Least Developed Countries (FAO),,1972,1.5535
Least Developed Countries (FAO),,1973,1.7305001
Least Developed Countries (FAO),,1974,1.6921
Least Developed Countries (FAO),,1975,1.7668002
Least Developed Countries (FAO),,1976,1.7322
Least Developed Countries (FAO),,1977,1.7928002
Least Developed Countries (FAO),,1978,1.835
Least Developed Countries (FAO),,1979,1.8214002
Least Developed Countries (FAO),,1980,2.0153
Least Developed Countries (FAO),,1981,2.0221
Least Developed Countries (FAO),,1982,2.0372
Least Developed Countries (FAO),,1983,2.1904001
Least Developed Countries (FAO),,1984,2.1953
Least Developed Countries (FAO),,1985,2.1912
Least Developed Countries (FAO),,1986,2.1915002
Least Developed Countries (FAO),,1987,2.2347
Least Developed Countries (FAO),,1988,2.2053
Least Developed Countries (FAO),,1989,2.3683002
Least Developed Countries (FAO),,1990,2.3718002
Least Developed Countries (FAO),,1991,2.3704
Least Developed Countries (FAO),,1992,2.4509
Least Developed Countries (FAO),,1993,2.4499
Least Developed Countries (FAO),,1994,2.4824
Least Developed Countries (FAO),,1995,2.4532
Least Developed Countries (FAO),,1996,2.5446002
Least Developed Countries (FAO),,1997,2.5040002
Least Developed Countries (FAO),,1998,2.5303001
Least Developed Countries (FAO),,1999,2.8267
Least Developed Countries (FAO),,2000,2.9627001
Least Developed Countries (FAO),,2001,2.9831002
Least Developed Countries (FAO),,2002,2.9479
Least Developed Countries (FAO),,2003,3.0472002
Least Developed Countries (FAO),,2004,3.0386002
Least Developed Countries (FAO),,2005,3.2039
Least Developed Countries (FAO),,2006,3.2582002
Least Developed Countries (FAO),,2007,3.3523002
Least Developed Countries (FAO),,2008,3.5360003
Least Developed Countries (FAO),,2009,3.5509
Least Developed Countries (FAO),,2010,3.4980001
Least Developed Countries (FAO),,2011,3.4958003
Least Developed Countries (FAO),,2012,3.4984
Least Developed Countries (FAO),,2013,3.5334
Least Developed Countries (FAO),,2014,3.5247002
Least Developed Countries (FAO),,2015,3.5366004
Least Developed Countries (FAO),,2016,3.5211003
Least Developed Countries (FAO),,2017,3.5036004
Least Developed Countries (FAO),,2018,3.5364
Least Developed Countries (FAO),,2019,3.5995002
Least Developed Countries (FAO),,2020,3.6364
Least Developed Countries (FAO),,2021,3.653
Least Developed Countries (FAO),,2022,3.7007
Least Developed Countries (FAO),,2023,3.7019
Least Developed Countries (FAO),,2024,3.7131002
Liberia,LBR,1961,0.57500005
Liberia,LBR,1962,0.57140005
Liberia,LBR,1963,0.523
Liberia,LBR,1964,0.5098
Liberia,LBR,1965,0.5253
Liberia,LBR,1966,1.0602
Liberia,LBR,1967,1.0597
Liberia,LBR,1968,1.0857
Liberia,LBR,1969,1.1088
Liberia,LBR,1970,1.2338
Liberia,LBR,1971,1.2346001
Liberia,LBR,1972,1.2353001
Liberia,LBR,1973,1.2363001
Liberia,LBR,1974,1.2338
Liberia,LBR,1975,1.199
Liberia,LBR,1976,1.225
Liberia,LBR,1977,1.2427
Liberia,LBR,1978,1.2577
Liberia,LBR,1979,1.2388
Liberia,LBR,1980,1.2335
Liberia,LBR,1981,1.281
Liberia,LBR,1982,1.3524001
Liberia,LBR,1983,1.2303001
Liberia,LBR,1984,1.2867
Liberia,LBR,1985,1.2525
Liberia,LBR,1986,1.2355001
Liberia,LBR,1987,1.2623001
Liberia,LBR,1988,1.2766
Liberia,LBR,1989,1.1661
Liberia,LBR,1990,1.0286
Liberia,LBR,1991,0.9091
Liberia,LBR,1992,0.91670007
Liberia,LBR,1993,1.0833001
Liberia,LBR,1994,1.1111001
Liberia,LBR,1995,1.1240001
Liberia,LBR,1996,1.2493001
Liberia,LBR,1997,1.2456
Liberia,LBR,1998,1.2934
Liberia,LBR,1999,1.2772
Liberia,LBR,2000,1.2780001
Liberia,LBR,2001,1.1154001
Liberia,LBR,2002,0.91670007
Liberia,LBR,2003,0.83330005
Liberia,LBR,2004,0.91670007
Liberia,LBR,2005,1.2900001
Liberia,LBR,2006,1.2615
Liberia,LBR,2007,1.4488001
Liberia,LBR,2008,1.5534
Liberia,LBR,2009,1.1835
Liberia,LBR,2010,1.1786001
Liberia,LBR,2011,1.2169001
Liberia,LBR,2012,1.2052
Liberia,LBR,2013,1.2063001
Liberia,LBR,2014,1.1568002
Liberia,LBR,2015,1.2313001
Liberia,LBR,2016,1.1608001
Liberia,LBR,2017,1.0595001
Liberia,LBR,2018,1.0836
Liberia,LBR,2019,1.1282
Liberia,LBR,2020,1.1481
Liberia,LBR,2021,1.0519
Liberia,LBR,2022,1.0667
Liberia,LBR,2023,1.1368
Liberia,LBR,2024,1.1117
Low Income Food Deficit Countries (FAO),,1961,1.8221
Low Income Food Deficit Countries (FAO),,1962,1.8434001
Low Income Food Deficit Countries (FAO),,1963,1.937
Low Income Food Deficit Countries (FAO),,1964,1.9662
Low Income Food Deficit Countries (FAO),,1965,1.868
Low Income Food Deficit Countries (FAO),,1966,1.8475001
Low Income Food Deficit Countries (FAO),,1967,1.8546001
Low Income Food Deficit Countries (FAO),,1968,1.8262
Low Income Food Deficit Countries (FAO),,1969,1.9919001
Low Income Food Deficit Countries (FAO),,1970,1.9464002
Low Income Food Deficit Countries (FAO),,1971,1.9410001
Low Income Food Deficit Countries (FAO),,1972,1.8738002
Low Income Food Deficit Countries (FAO),,1973,2.0071
Low Income Food Deficit Countries (FAO),,1974,2.0108001
Low Income Food Deficit Countries (FAO),,1975,2.0238001
Low Income Food Deficit Countries (FAO),,1976,1.991
Low Income Food Deficit Countries (FAO),,1977,1.9507
Low Income Food Deficit Countries (FAO),,1978,1.9517001
Low Income Food Deficit Countries (FAO),,1979,1.8648001
Low Income Food Deficit Countries (FAO),,1980,1.8941001
Low Income Food Deficit Countries (FAO),,1981,1.9528002
Low Income Food Deficit Countries (FAO),,1982,1.6400001
Low Income Food Deficit Countries (FAO),,1983,1.8693001
Low Income Food Deficit Countries (FAO),,1984,1.8813001
Low Income Food Deficit Countries (FAO),,1985,1.9054002
Low Income Food Deficit Countries (FAO),,1986,1.9297
Low Income Food Deficit Countries (FAO),,1987,1.9670001
Low Income Food Deficit Countries (FAO),,1988,1.9591001
Low Income Food Deficit Countries (FAO),,1989,2.0279002
Low Income Food Deficit Countries (FAO),,1990,1.9905001
Low Income Food Deficit Countries (FAO),,1991,2.3029
Low Income Food Deficit Countries (FAO),,1992,2.4201002
Low Income Food Deficit Countries (FAO),,1993,2.4097002
Low Income Food Deficit Countries (FAO),,1994,2.2084
Low Income Food Deficit Countries (FAO),,1995,2.0442
Low Income Food Deficit Countries (FAO),,1996,1.9645001
Low Income Food Deficit Countries (FAO),,1997,1.9656
Low Income Food Deficit Countries (FAO),,1998,2.0735002
Low Income Food Deficit Countries (FAO),,1999,2.237
Low Income Food Deficit Countries (FAO),,2000,2.1246002
Low Income Food Deficit Countries (FAO),,2001,2.1534
Low Income Food Deficit Countries (FAO),,2002,2.0779
Low Income Food Deficit Countries (FAO),,2003,2.1892002
Low Income Food Deficit Countries (FAO),,2004,2.1679
Low Income Food Deficit Countries (FAO),,2005,2.2341
Low Income Food Deficit Countries (FAO),,2006,2.2491002
Low Income Food Deficit Countries (FAO),,2007,2.3059
Low Income Food Deficit Countries (FAO),,2008,2.4814
Low Income Food Deficit Countries (FAO),,2009,2.4645002
Low Income Food Deficit Countries (FAO),,2010,2.3153002
Low Income Food Deficit Countries (FAO),,2011,2.3839
Low Income Food Deficit Countries (FAO),,2012,2.4241002
Low Income Food Deficit Countries (FAO),,2013,2.4299
Low Income Food Deficit Countries (FAO),,2014,2.3641002
Low Income Food Deficit Countries (FAO),,2015,2.2770002
Low Income Food Deficit Countries (FAO),,2016,2.3820002
Low Income Food Deficit Countries (FAO),,2017,2.2792
Low Income Food Deficit Countries (FAO),,2018,2.2977002
Low Income Food Deficit Countries (FAO),,2019,2.4843001
Low Income Food Deficit Countries (FAO),,2020,2.5449
Low Income Food Deficit Countries (FAO),,2021,2.5061002
Low Income Food Deficit Countries (FAO),,2022,2.5264
Low Income Food Deficit Countries (FAO),,2023,2.4048002
Low Income Food Deficit Countries (FAO),,2024,2.4154
Low-income countries,OWID_LIC,1961,1.8320673
Low-income countries,OWID_LIC,1962,1.8581666
Low-income countries,OWID_LIC,1963,1.9936149
Low-income countries,OWID_LIC,1964,2.024827
Low-income countries,OWID_LIC,1965,1.8522192
Low-income countries,OWID_LIC,1966,1.9121915
Low-income countries,OWID_LIC,1967,1.9168284
Low-income countries,OWID_LIC,1968,1.8698875
Low-income countries,OWID_LIC,1969,2.1066198
Low-income countries,OWID_LIC,1970,2.03558
Low-income countries,OWID_LIC,1971,2.0048895
Low-income countries,OWID_LIC,1972,1.9761552
Low-income countries,OWID_LIC,1973,2.0366402
Low-income countries,OWID_LIC,1974,2.0835712
Low-income countries,OWID_LIC,1975,2.0794456
Low-income countries,OWID_LIC,1976,2.0961916
Low-income countries,OWID_LIC,1977,2.0717776
Low-income countries,OWID_LIC,1978,2.034374
Low-income countries,OWID_LIC,1979,2.012698
Low-income countries,OWID_LIC,1980,1.9423422
Low-income countries,OWID_LIC,1981,2.041272
Low-income countries,OWID_LIC,1982,1.69624
Low-income countries,OWID_LIC,1983,1.7706451
Low-income countries,OWID_LIC,1984,1.8676847
Low-income countries,OWID_LIC,1985,1.8397542
Low-income countries,OWID_LIC,1986,1.9632515
Low-income countries,OWID_LIC,1987,1.918297
Low-income countries,OWID_LIC,1988,1.8501282
Low-income countries,OWID_LIC,1989,1.9162982
Low-income countries,OWID_LIC,1990,1.8275338
Low-income countries,OWID_LIC,1991,2.5203834
Low-income countries,OWID_LIC,1992,2.5660589
Low-income countries,OWID_LIC,1993,2.6111815
Low-income countries,OWID_LIC,1994,2.1899307
Low-income countries,OWID_LIC,1995,1.9299053
Low-income countries,OWID_LIC,1996,1.8223189
Low-income countries,OWID_LIC,1997,1.8258641
Low-income countries,OWID_LIC,1998,2.0248663
Low-income countries,OWID_LIC,1999,2.0858402
Low-income countries,OWID_LIC,2000,1.8827597
Low-income countries,OWID_LIC,2001,1.974718
Low-income countries,OWID_LIC,2002,1.8984842
Low-income countries,OWID_LIC,2003,2.0087006
Low-income countries,OWID_LIC,2004,2.020606
Low-income countries,OWID_LIC,2005,2.1720018
Low-income countries,OWID_LIC,2006,2.2300055
Low-income countries,OWID_LIC,2007,2.1747484
Low-income countries,OWID_LIC,2008,2.5609055
Low-income countries,OWID_LIC,2009,2.562652
Low-income countries,OWID_LIC,2010,2.341324
Low-income countries,OWID_LIC,2011,2.4548714
Low-income countries,OWID_LIC,2012,2.4987035
Low-income countries,OWID_LIC,2013,2.405422
Low-income countries,OWID_LIC,2014,2.2630465
Low-income countries,OWID_LIC,2015,2.1657352
Low-income countries,OWID_LIC,2016,2.1883676
Low-income countries,OWID_LIC,2017,2.117976
Low-income countries,OWID_LIC,2018,1.9588584
Low-income countries,OWID_LIC,2019,2.206435
Low-income countries,OWID_LIC,2020,2.2085373
Low-income countries,OWID_LIC,2021,2.2658095
Low-income countries,OWID_LIC,2022,2.283027
Low-income countries,OWID_LIC,2023,2.0802503
Low-income countries,OWID_LIC,2024,2.0506942
Lower-middle-income countries,OWID_LMC,1961,1.5709898
Lower-middle-income countries,OWID_LMC,1962,1.483715
Lower-middle-income countries,OWID_LMC,1963,1.6196026
Lower-middle-income countries,OWID_LMC,1964,1.6387358
Lower-middle-income countries,OWID_LMC,1965,1.449709
Lower-middle-income countries,OWID_LMC,1966,1.4101816
Lower-middle-income countries,OWID_LMC,1967,1.6073234
Lower-middle-income countries,OWID_LMC,1968,1.6613934
Lower-middle-income countries,OWID_LMC,1969,1.6915323
Lower-middle-income countries,OWID_LMC,1970,1.7563283
Lower-middle-income countries,OWID_LMC,1971,1.7552752
Lower-middle-income countries,OWID_LMC,1972,1.6767284
Lower-middle-income countries,OWID_LMC,1973,1.7947913
Lower-middle-income countries,OWID_LMC,1974,1.6959351
Lower-middle-income countries,OWID_LMC,1975,1.8818271
Lower-middle-income countries,OWID_LMC,1976,1.7638513
Lower-middle-income countries,OWID_LMC,1977,1.9563577
Lower-middle-income countries,OWID_LMC,1978,1.98096
Lower-middle-income countries,OWID_LMC,1979,1.7978921
Lower-middle-income countries,OWID_LMC,1980,2.0764654
Lower-middle-income countries,OWID_LMC,1981,2.0751102
Lower-middle-income countries,OWID_LMC,1982,2.0729923
Lower-middle-income countries,OWID_LMC,1983,2.2875314
Lower-middle-income countries,OWID_LMC,1984,2.2591722
Lower-middle-income countries,OWID_LMC,1985,2.383955
Lower-middle-income countries,OWID_LMC,1986,2.323426
Lower-middle-income countries,OWID_LMC,1987,2.3246691
Lower-middle-income countries,OWID_LMC,1988,2.5203006
Lower-middle-income countries,OWID_LMC,1989,2.6215062
Lower-middle-income countries,OWID_LMC,1990,2.642465
Lower-middle-income countries,OWID_LMC,1991,2.6308575
Lower-middle-income countries,OWID_LMC,1992,2.6874464
Lower-middle-income countries,OWID_LMC,1993,2.8122303
Lower-middle-income countries,OWID_LMC,1994,2.847955
Lower-middle-income countries,OWID_LMC,1995,2.760096
Lower-middle-income countries,OWID_LMC,1996,2.7153342
Lower-middle-income countries,OWID_LMC,1997,2.8750858
Lower-middle-income countries,OWID_LMC,1998,2.8859296
Lower-middle-income countries,OWID_LMC,1999,3.0958183
Lower-middle-income countries,OWID_LMC,2000,3.0725186
Lower-middle-income countries,OWID_LMC,2001,3.2184627
Lower-middle-income countries,OWID_LMC,2002,3.045235
Lower-middle-income countries,OWID_LMC,2003,3.283556
Lower-middle-income countries,OWID_LMC,2004,3.2430565
Lower-middle-income countries,OWID_LMC,2005,3.3759627
Lower-middle-income countries,OWID_LMC,2006,3.434331
Lower-middle-income countries,OWID_LMC,2007,3.5218568
Lower-middle-income countries,OWID_LMC,2008,3.6087482
Lower-middle-income countries,OWID_LMC,2009,3.5794492
Lower-middle-income countries,OWID_LMC,2010,3.624738
Lower-middle-income countries,OWID_LMC,2011,3.7885282
Lower-middle-income countries,OWID_LMC,2012,3.8402112
Lower-middle-income countries,OWID_LMC,2013,3.8349755
Lower-middle-income countries,OWID_LMC,2014,3.8474724
Lower-middle-income countries,OWID_LMC,2015,3.835359
Lower-middle-income countries,OWID_LMC,2016,3.8940785
Lower-middle-income countries,OWID_LMC,2017,3.9214675
Lower-middle-income countries,OWID_LMC,2018,4.0386558
Lower-middle-income countries,OWID_LMC,2019,4.0993414
Lower-middle-income countries,OWID_LMC,2020,4.110928
Lower-middle-income countries,OWID_LMC,2021,4.187181
Lower-middle-income countries,OWID_LMC,2022,4.176412
Lower-middle-income countries,OWID_LMC,2023,4.2932878
Lower-middle-income countries,OWID_LMC,2024,4.287238
Madagascar,MDG,1961,1.8221
Madagascar,MDG,1962,1.8110001
Madagascar,MDG,1963,1.8341
Madagascar,MDG,1964,1.9281001
Madagascar,MDG,1965,1.8720001
Madagascar,MDG,1966,1.6645001
Madagascar,MDG,1967,1.7394001
Madagascar,MDG,1968,1.7814001
Madagascar,MDG,1969,1.881
Madagascar,MDG,1970,1.9517001
Madagascar,MDG,1971,1.8984001
Madagascar,MDG,1972,1.8899001
Madagascar,MDG,1973,1.8167
Madagascar,MDG,1974,1.8932
Madagascar,MDG,1975,1.8290001
Madagascar,MDG,1976,1.9198002
Madagascar,MDG,1977,1.7590001
Madagascar,MDG,1978,1.6964
Madagascar,MDG,1979,1.7583002
Madagascar,MDG,1980,1.7589002
Madagascar,MDG,1981,1.697
Madagascar,MDG,1982,1.6580001
Madagascar,MDG,1983,1.8057001
Madagascar,MDG,1984,1.8213001
Madagascar,MDG,1985,1.84
Madagascar,MDG,1986,1.8780001
Madagascar,MDG,1987,1.9836
Madagascar,MDG,1988,1.9343002
Madagascar,MDG,1989,2.0768
Madagascar,MDG,1990,2.0773
Madagascar,MDG,1991,2.0546002
Madagascar,MDG,1992,2.0869
Madagascar,MDG,1993,2.0782
Madagascar,MDG,1994,2.0694
Madagascar,MDG,1995,2.1304
Madagascar,MDG,1996,2.193
Madagascar,MDG,1997,2.1737
Madagascar,MDG,1998,2.0341
Madagascar,MDG,1999,2.1284
Madagascar,MDG,2000,2.0512002
Madagascar,MDG,2001,2.1956003
Madagascar,MDG,2002,2.1414
Madagascar,MDG,2003,2.2962
Madagascar,MDG,2004,2.4475002
Madagascar,MDG,2005,2.7140002
Madagascar,MDG,2006,2.7667
Madagascar,MDG,2007,2.8268
Madagascar,MDG,2008,3.0495002
Madagascar,MDG,2009,3.5056002
Madagascar,MDG,2010,3.6249
Madagascar,MDG,2011,3.6430001
Madagascar,MDG,2012,3.6502001
Madagascar,MDG,2013,3.5607002
Madagascar,MDG,2014,3.2519
Madagascar,MDG,2015,3.2925003
Madagascar,MDG,2016,3.0192
Madagascar,MDG,2017,2.8857
Madagascar,MDG,2018,2.723
Madagascar,MDG,2019,2.4432
Madagascar,MDG,2020,2.5248
Madagascar,MDG,2021,2.8567002
Madagascar,MDG,2022,3.0768
Madagascar,MDG,2023,2.5148
Madagascar,MDG,2024,2.4352
Malawi,MWI,1961,0.71790004
Malawi,MWI,1962,0.76680005
Malawi,MWI,1963,1.0341
Malawi,MWI,1964,0.9714001
Malawi,MWI,1965,0.90720004
Malawi,MWI,1966,0.67480004
Malawi,MWI,1967,0.7595
Malawi,MWI,1968,0.8273
Malawi,MWI,1969,1.075
Malawi,MWI,1970,1.1108001
Malawi,MWI,1971,0.96250004
Malawi,MWI,1972,0.9929001
Malawi,MWI,1973,1.7
Malawi,MWI,1974,1.4524001
Malawi,MWI,1975,1.9250001
Malawi,MWI,1976,2
Malawi,MWI,1977,1.8889002
Malawi,MWI,1978,1.9574001
Malawi,MWI,1979,0.9778
Malawi,MWI,1980,0.90480006
Malawi,MWI,1981,1.5762
Malawi,MWI,1982,1.6444001
Malawi,MWI,1983,1.2777001
Malawi,MWI,1984,1.5917001
Malawi,MWI,1985,1.6468002
Malawi,MWI,1986,1.6354
Malawi,MWI,1987,1.4905001
Malawi,MWI,1988,1.4265001
Malawi,MWI,1989,1.7866001
Malawi,MWI,1990,1.4903002
Malawi,MWI,1991,1.9237001
Malawi,MWI,1992,1.3046
Malawi,MWI,1993,1.6834002
Malawi,MWI,1994,1.5195
Malawi,MWI,1995,1.5635
Malawi,MWI,1996,1.7619001
Malawi,MWI,1997,1.6273001
Malawi,MWI,1998,1.6409001
Malawi,MWI,1999,2.0279002
Malawi,MWI,2000,1.6451
Malawi,MWI,2001,1.8576001
Malawi,MWI,2002,1.6425
Malawi,MWI,2003,1.6212001
Malawi,MWI,2004,1.1681
Malawi,MWI,2005,0.8424001
Malawi,MWI,2006,1.7576001
Malawi,MWI,2007,1.9481001
Malawi,MWI,2008,1.82
Malawi,MWI,2009,2.1259
Malawi,MWI,2010,1.8631
Malawi,MWI,2011,1.9125001
Malawi,MWI,2012,1.8453001
Malawi,MWI,2013,1.9174001
Malawi,MWI,2014,1.9585001
Malawi,MWI,2015,1.6946001
Malawi,MWI,2016,1.5604001
Malawi,MWI,2017,1.8662001
Malawi,MWI,2018,1.7557
Malawi,MWI,2019,1.8807
Malawi,MWI,2020,1.9989002
Malawi,MWI,2021,2.0395
Malawi,MWI,2022,1.7956
Malawi,MWI,2023,1.5714
Malawi,MWI,2024,1.5855001
Malaysia,MYS,1961,2.1086001
Malaysia,MYS,1962,2.0678
Malaysia,MYS,1963,2.1525002
Malaysia,MYS,1964,1.9968002
Malaysia,MYS,1965,2.1578002
Malaysia,MYS,1966,2.1408002
Malaysia,MYS,1967,2.0165
Malaysia,MYS,1968,2.1714
Malaysia,MYS,1969,2.3246002
Malaysia,MYS,1970,2.3858001
Malaysia,MYS,1971,2.4736001
Malaysia,MYS,1972,2.398
Malaysia,MYS,1973,2.6342
Malaysia,MYS,1974,2.8311002
Malaysia,MYS,1975,2.6615002
Malaysia,MYS,1976,2.7217002
Malaysia,MYS,1977,2.6252
Malaysia,MYS,1978,2.5695002
Malaysia,MYS,1979,2.8388002
Malaysia,MYS,1980,2.8524
Malaysia,MYS,1981,2.8409
Malaysia,MYS,1982,2.7619
Malaysia,MYS,1983,2.6041002
Malaysia,MYS,1984,2.5187001
Malaysia,MYS,1985,2.6648002
Malaysia,MYS,1986,2.6399
Malaysia,MYS,1987,2.4686003
Malaysia,MYS,1988,2.5251002
Malaysia,MYS,1989,2.6251001
Malaysia,MYS,1990,2.7694001
Malaysia,MYS,1991,2.8178003
Malaysia,MYS,1992,2.9918003
Malaysia,MYS,1993,3.0348003
Malaysia,MYS,1994,3.0614
Malaysia,MYS,1995,3.1619
Malaysia,MYS,1996,3.2510002
Malaysia,MYS,1997,3.0676003
Malaysia,MYS,1998,2.8829
Malaysia,MYS,1999,2.9415002
Malaysia,MYS,2000,3.0640001
Malaysia,MYS,2001,3.1101003
Malaysia,MYS,2002,3.2385
Malaysia,MYS,2003,3.3596003
Malaysia,MYS,2004,3.3260002
Malaysia,MYS,2005,3.4221003
Malaysia,MYS,2006,3.3907
Malaysia,MYS,2007,3.5277002
Malaysia,MYS,2008,3.5836003
Malaysia,MYS,2009,3.7205002
Malaysia,MYS,2010,3.6361003
Malaysia,MYS,2011,3.7468002
Malaysia,MYS,2012,3.7972002
Malaysia,MYS,2013,3.8763003
Malaysia,MYS,2014,4.6292005
Malaysia,MYS,2015,4.0223002
Malaysia,MYS,2016,3.9775002
Malaysia,MYS,2017,3.7496002
Malaysia,MYS,2018,3.7704
Malaysia,MYS,2019,3.5009
Malaysia,MYS,2020,3.6538002
Malaysia,MYS,2021,3.7683003
Malaysia,MYS,2022,3.5766003
Malaysia,MYS,2023,3.5421002
Malaysia,MYS,2024,3.5432
Mali,MLI,1961,1.0165
Mali,MLI,1962,0.95000005
Mali,MLI,1963,1.3415
Mali,MLI,1964,0.99560004
Mali,MLI,1965,0.95860004
Mali,MLI,1966,0.8901
Mali,MLI,1967,0.8568
Mali,MLI,1968,0.83610004
Mali,MLI,1969,1.174
Mali,MLI,1970,0.98490006
Mali,MLI,1971,0.9256
Mali,MLI,1972,0.65790004
Mali,MLI,1973,0.6753
Mali,MLI,1974,1.1117
Mali,MLI,1975,1.1773001
Mali,MLI,1976,1.2753001
Mali,MLI,1977,1.118
Mali,MLI,1978,1.4174001
Mali,MLI,1979,0.99000007
Mali,MLI,1980,0.9725
Mali,MLI,1981,1.1658001
Mali,MLI,1982,0.84040004
Mali,MLI,1983,1.1495
Mali,MLI,1984,0.66200006
Mali,MLI,1985,1.1569
Mali,MLI,1986,1.1812
Mali,MLI,1987,1.4506
Mali,MLI,1988,1.2445
Mali,MLI,1989,1.4626
Mali,MLI,1990,1.4360001
Mali,MLI,1991,1.7274001
Mali,MLI,1992,1.7583002
Mali,MLI,1993,1.7350001
Mali,MLI,1994,1.6518002
Mali,MLI,1995,1.5484
Mali,MLI,1996,1.914
Mali,MLI,1997,1.7554001
Mali,MLI,1998,2.1991003
Mali,MLI,1999,2.2366002
Mali,MLI,2000,2.1058002
Mali,MLI,2001,2.0095
Mali,MLI,2002,1.9439001
Mali,MLI,2003,2.3129
Mali,MLI,2004,2.2803001
Mali,MLI,2005,2.2845001
Mali,MLI,2006,2.5783002
Mali,MLI,2007,2.7621002
Mali,MLI,2008,3.3660002
Mali,MLI,2009,3.0646002
Mali,MLI,2010,2.1044
Mali,MLI,2011,3.0210001
Mali,MLI,2012,3.4486003
Mali,MLI,2013,3.0009
Mali,MLI,2014,3.167
Mali,MLI,2015,3.0586002
Mali,MLI,2016,3.3318002
Mali,MLI,2017,3.5260003
Mali,MLI,2018,3.2671003
Mali,MLI,2019,3.4568002
Mali,MLI,2020,3.3517
Mali,MLI,2021,2.7691002
Mali,MLI,2022,3.2256002
Mali,MLI,2023,3.334
Mali,MLI,2024,3.4911003
Mauritania,MRT,1961,1.6667
Mauritania,MRT,1962,1.6667
Mauritania,MRT,1963,1.7143002
Mauritania,MRT,1964,2
Mauritania,MRT,1965,1.8571
Mauritania,MRT,1966,2
Mauritania,MRT,1967,1.3333001
Mauritania,MRT,1968,0.6965
Mauritania,MRT,1969,0.8121
Mauritania,MRT,1970,1.2477
Mauritania,MRT,1971,0.91330004
Mauritania,MRT,1972,1.25
Mauritania,MRT,1973,3.6810002
Mauritania,MRT,1974,3.0000002
Mauritania,MRT,1975,3.7066002
Mauritania,MRT,1976,3.3361003
Mauritania,MRT,1977,2.25
Mauritania,MRT,1978,1.9412
Mauritania,MRT,1979,3.4831002
Mauritania,MRT,1980,3.1981003
Mauritania,MRT,1981,4.2992005
Mauritania,MRT,1982,5
Mauritania,MRT,1983,5.3659
Mauritania,MRT,1984,4.3927
Mauritania,MRT,1985,5
Mauritania,MRT,1986,5
Mauritania,MRT,1987,4.6856003
Mauritania,MRT,1988,4.1659
Mauritania,MRT,1989,4.0342
Mauritania,MRT,1990,3.3307002
Mauritania,MRT,1991,2.8127
Mauritania,MRT,1992,3.9870002
Mauritania,MRT,1993,3.2860003
Mauritania,MRT,1994,2.7399
Mauritania,MRT,1995,3.936
Mauritania,MRT,1996,3.8306003
Mauritania,MRT,1997,3.7189
Mauritania,MRT,1998,4.0598
Mauritania,MRT,1999,3.9680002
Mauritania,MRT,2000,4.2373
Mauritania,MRT,2001,4.5266004
Mauritania,MRT,2002,4.5602
Mauritania,MRT,2003,3.7441003
Mauritania,MRT,2004,4.6995
Mauritania,MRT,2005,3.8919
Mauritania,MRT,2006,4.4809003
Mauritania,MRT,2007,4.7221003
Mauritania,MRT,2008,4.7631
Mauritania,MRT,2009,3.9894001
Mauritania,MRT,2010,5.2310004
Mauritania,MRT,2011,5.0958
Mauritania,MRT,2012,4.9788
Mauritania,MRT,2013,4.9522004
Mauritania,MRT,2014,5.1348
Mauritania,MRT,2015,4.9733
Mauritania,MRT,2016,5.6639004
Mauritania,MRT,2017,5.5582004
Mauritania,MRT,2018,5.1369
Mauritania,MRT,2019,3.9612002
Mauritania,MRT,2020,4.2775
Mauritania,MRT,2021,5.3955
Mauritania,MRT,2022,5.4441004
Mauritania,MRT,2023,5.2984
Mauritania,MRT,2024,4.8780003
Mauritius,MUS,1968,3.8065002
Mauritius,MUS,1969,4.0448003
Mauritius,MUS,1970,3.4449
Mauritius,MUS,1971,5.7660003
Mauritius,MUS,1972,4.3688
Mauritius,MUS,1973,4.4150004
Mauritius,MUS,1974,3.9064002
Mauritius,MUS,1975,2.0328002
Mauritius,MUS,1976,4.5146003
Mauritius,MUS,1977,5.9783
Mauritius,MUS,1978,5.4722004
Mauritius,MUS,1979,5.4286003
Mauritius,MUS,1980,4.2973
Mauritius,MUS,1981,5.2917004
Mauritius,MUS,1982,3.3333
Mauritius,MUS,1983,6.0417004
Mauritius,MUS,1984,5.6122003
Mauritius,MUS,1985,4.5
Mauritius,MUS,1986,5.4688
Mauritius,MUS,1987,2.8571002
Mauritius,MUS,1988,4
Mauritius,MUS,1989,4
Mauritius,MUS,1990,6.3333
Mauritius,MUS,1991,5
Mauritius,MUS,1992,5
Mauritius,MUS,2011,2.6333
Mauritius,MUS,2012,2.6893
Mauritius,MUS,2013,2.125
Mauritius,MUS,2014,2.8786001
Mauritius,MUS,2015,1.9324001
Mauritius,MUS,2016,2.1863
Mauritius,MUS,2017,2.8571002
Mauritius,MUS,2018,1.4615
Mauritius,MUS,2019,3.5000002
Melanesia,OWID_MNS,1961,1.8172001
Melanesia,OWID_MNS,1962,1.8160001
Melanesia,OWID_MNS,1963,1.8635001
Melanesia,OWID_MNS,1964,1.8372
Melanesia,OWID_MNS,1965,1.8474001
Melanesia,OWID_MNS,1966,1.7909001
Melanesia,OWID_MNS,1967,1.7418002
Melanesia,OWID_MNS,1968,2.0433002
Melanesia,OWID_MNS,1969,1.8040001
Melanesia,OWID_MNS,1970,1.9890001
Melanesia,OWID_MNS,1971,2.0829
Melanesia,OWID_MNS,1972,2.0562
Melanesia,OWID_MNS,1973,2.0602
Melanesia,OWID_MNS,1974,2.025
Melanesia,OWID_MNS,1975,2.2746003
Melanesia,OWID_MNS,1976,2.3735
Melanesia,OWID_MNS,1977,2.1794
Melanesia,OWID_MNS,1978,2.0919
Melanesia,OWID_MNS,1979,2.3513002
Melanesia,OWID_MNS,1980,2.4978
Melanesia,OWID_MNS,1981,2.5261002
Melanesia,OWID_MNS,1982,2.4248002
Melanesia,OWID_MNS,1983,2.2331002
Melanesia,OWID_MNS,1984,2.2787
Melanesia,OWID_MNS,1985,2.4165
Melanesia,OWID_MNS,1986,2.2210002
Melanesia,OWID_MNS,1987,1.9174001
Melanesia,OWID_MNS,1988,2.3849
Melanesia,OWID_MNS,1989,2.4079
Melanesia,OWID_MNS,1990,2.2870002
Melanesia,OWID_MNS,1991,2.4375
Melanesia,OWID_MNS,1992,2.2657
Melanesia,OWID_MNS,1993,2.4605
Melanesia,OWID_MNS,1994,2.4169
Melanesia,OWID_MNS,1995,2.749
Melanesia,OWID_MNS,1996,2.2043002
Melanesia,OWID_MNS,1997,2.2502
Melanesia,OWID_MNS,1998,0.80750006
Melanesia,OWID_MNS,1999,2.8907
Melanesia,OWID_MNS,2000,2.7802
Melanesia,OWID_MNS,2001,2.5548003
Melanesia,OWID_MNS,2002,2.5641003
Melanesia,OWID_MNS,2003,2.4261003
Melanesia,OWID_MNS,2004,2.4139
Melanesia,OWID_MNS,2005,2.4306002
Melanesia,OWID_MNS,2006,2.4394
Melanesia,OWID_MNS,2007,2.6761003
Melanesia,OWID_MNS,2008,2.3089
Melanesia,OWID_MNS,2009,2.6886003
Melanesia,OWID_MNS,2010,2.6428
Melanesia,OWID_MNS,2011,2.6063
Melanesia,OWID_MNS,2012,2.2917001
Melanesia,OWID_MNS,2013,2.6762002
Melanesia,OWID_MNS,2014,3.3724
Melanesia,OWID_MNS,2015,2.4934
Melanesia,OWID_MNS,2016,2.5997
Melanesia,OWID_MNS,2017,2.5870001
Melanesia,OWID_MNS,2018,2.5363002
Melanesia,OWID_MNS,2019,2.7110002
Melanesia,OWID_MNS,2020,2.9232001
Melanesia,OWID_MNS,2021,3.1576002
Melanesia,OWID_MNS,2022,3.2983003
Melanesia,OWID_MNS,2023,2.8493001
Melanesia,OWID_MNS,2024,2.5753002
Mexico,MEX,1961,2.2751002
Mexico,MEX,1962,2.1581001
Mexico,MEX,1963,2.1993
Mexico,MEX,1964,2.0697
Mexico,MEX,1965,2.7344
Mexico,MEX,1966,2.4386003
Mexico,MEX,1967,2.4821002
Mexico,MEX,1968,2.5034
Mexico,MEX,1969,2.5816002
Mexico,MEX,1970,2.7031002
Mexico,MEX,1971,2.4039
Mexico,MEX,1972,2.5822
Mexico,MEX,1973,2.9958003
Mexico,MEX,1974,2.8425002
Mexico,MEX,1975,2.7921002
Mexico,MEX,1976,2.9072
Mexico,MEX,1977,3.1438003
Mexico,MEX,1978,3.3119001
Mexico,MEX,1979,3.2652001
Mexico,MEX,1980,3.4937
Mexico,MEX,1981,4.0597
Mexico,MEX,1982,3.2890003
Mexico,MEX,1983,3.1580002
Mexico,MEX,1984,3.8693001
Mexico,MEX,1985,3.7305002
Mexico,MEX,1986,3.4595
Mexico,MEX,1987,3.8175
Mexico,MEX,1988,3.6042001
Mexico,MEX,1989,3.4803002
Mexico,MEX,1990,3.7418003
Mexico,MEX,1991,4.0954003
Mexico,MEX,1992,4.3577003
Mexico,MEX,1993,4.8725004
Mexico,MEX,1994,4.2555003
Mexico,MEX,1995,4.6792006
Mexico,MEX,1996,4.5412006
Mexico,MEX,1997,4.1365004
Mexico,MEX,1998,4.5108
Mexico,MEX,1999,4.7762003
Mexico,MEX,2000,4.1805
Mexico,MEX,2001,4.2576003
Mexico,MEX,2002,4.5027003
Mexico,MEX,2003,4.5550003
Mexico,MEX,2004,4.4631004
Mexico,MEX,2005,5.0653
Mexico,MEX,2006,4.7857003
Mexico,MEX,2007,4.1536
Mexico,MEX,2008,4.4619
Mexico,MEX,2009,4.8502007
Mexico,MEX,2010,5.1901
Mexico,MEX,2011,5.0962005
Mexico,MEX,2012,5.6231003
Mexico,MEX,2013,5.4252005
Mexico,MEX,2014,5.7122006
Mexico,MEX,2015,5.8079
Mexico,MEX,2016,6.1346
Mexico,MEX,2017,6.3900003
Mexico,MEX,2018,6.2848
Mexico,MEX,2019,6.3662004
Mexico,MEX,2020,6.2107005
Mexico,MEX,2021,6.3813
Mexico,MEX,2022,6.5001006
Mexico,MEX,2023,6.8705006
Mexico,MEX,2024,7.0052004
Micronesia (FAO),,1995,1.125
Micronesia (FAO),,1996,1.1574001
Micronesia (FAO),,1997,1.1604
Micronesia (FAO),,1998,1.1636001
Micronesia (FAO),,1999,1.167
Micronesia (FAO),,2000,1.1705
Micronesia (FAO),,2001,1.1744001
Micronesia (FAO),,2002,1.1785
Micronesia (FAO),,2003,1.1831
Micronesia (FAO),,2004,1.1971
Micronesia (FAO),,2005,1.2206
Micronesia (FAO),,2006,1.2446
Micronesia (FAO),,2007,1.1111001
Micronesia (FAO),,2008,1.3442
Micronesia (FAO),,2009,1.4194001
Micronesia (FAO),,2010,1.4942
Micronesia (FAO),,2011,1.5681001
Micronesia (FAO),,2012,1.7778001
Micronesia (FAO),,2013,1.7368001
Micronesia (FAO),,2014,1.7402
Micronesia (FAO),,2015,1.7726
Micronesia (FAO),,2016,1.8097
Micronesia (FAO),,2017,1.8408002
Micronesia (FAO),,2018,1.8682001
Micronesia (FAO),,2019,1.8855001
Micronesia (FAO),,2020,1.8388002
Micronesia (FAO),,2021,1.8404001
Micronesia (FAO),,2022,1.8441001
Micronesia (FAO),,2023,1.8347
Micronesia (FAO),,2024,1.8340001
Micronesia (country),FSM,1995,1.125
Micronesia (country),FSM,1996,1.1574001
Micronesia (country),FSM,1997,1.1604
Micronesia (country),FSM,1998,1.1636001
Micronesia (country),FSM,1999,1.167
Micronesia (country),FSM,2000,1.1705
Micronesia (country),FSM,2001,1.1744001
Micronesia (country),FSM,2002,1.1785
Micronesia (country),FSM,2003,1.1831
Micronesia (country),FSM,2004,1.1971
Micronesia (country),FSM,2005,1.2206
Micronesia (country),FSM,2006,1.2446
Micronesia (country),FSM,2007,1.1111001
Micronesia (country),FSM,2008,1.3442
Micronesia (country),FSM,2009,1.4194001
Micronesia (country),FSM,2010,1.4942
Micronesia (country),FSM,2011,1.5681001
Micronesia (country),FSM,2012,1.7778001
Micronesia (country),FSM,2013,1.7368001
Micronesia (country),FSM,2014,1.7402
Micronesia (country),FSM,2015,1.7726
Micronesia (country),FSM,2016,1.8097
Micronesia (country),FSM,2017,1.8408002
Micronesia (country),FSM,2018,1.8682001
Micronesia (country),FSM,2019,1.8855001
Micronesia (country),FSM,2020,1.8388002
Micronesia (country),FSM,2021,1.8404001
Micronesia (country),FSM,2022,1.8441001
Micronesia (country),FSM,2023,1.8347
Micronesia (country),FSM,2024,1.8340001
Middle Africa (FAO),,1961,0.88350004
Middle Africa (FAO),,1962,0.88640004
Middle Africa (FAO),,1963,0.95440006
Middle Africa (FAO),,1964,1.0348
Middle Africa (FAO),,1965,0.7498
Middle Africa (FAO),,1966,0.9922001
Middle Africa (FAO),,1967,1.0270001
Middle Africa (FAO),,1968,0.86600006
Middle Africa (FAO),,1969,0.85200006
Middle Africa (FAO),,1970,0.8026
Middle Africa (FAO),,1971,0.80670005
Middle Africa (FAO),,1972,0.77340007
Middle Africa (FAO),,1973,0.80140007
Middle Africa (FAO),,1974,0.82540005
Middle Africa (FAO),,1975,0.85800004
Middle Africa (FAO),,1976,0.9064001
Middle Africa (FAO),,1977,0.8849001
Middle Africa (FAO),,1978,0.8722001
Middle Africa (FAO),,1979,0.8543
Middle Africa (FAO),,1980,0.92920005
Middle Africa (FAO),,1981,0.9462001
Middle Africa (FAO),,1982,0.9355
Middle Africa (FAO),,1983,1.0168
Middle Africa (FAO),,1984,0.9707001
Middle Africa (FAO),,1985,1.0116
Middle Africa (FAO),,1986,0.97550005
Middle Africa (FAO),,1987,0.9309001
Middle Africa (FAO),,1988,1.0059
Middle Africa (FAO),,1989,1.0638001
Middle Africa (FAO),,1990,0.96620005
Middle Africa (FAO),,1991,1.0029001
Middle Africa (FAO),,1992,0.9081
Middle Africa (FAO),,1993,0.75220007
Middle Africa (FAO),,1994,0.85520005
Middle Africa (FAO),,1995,0.85240006
Middle Africa (FAO),,1996,0.9221
Middle Africa (FAO),,1997,0.9225
Middle Africa (FAO),,1998,0.92390007
Middle Africa (FAO),,1999,1.0169001
Middle Africa (FAO),,2000,0.90230006
Middle Africa (FAO),,2001,0.9474001
Middle Africa (FAO),,2002,0.9038
Middle Africa (FAO),,2003,0.9035
Middle Africa (FAO),,2004,0.8665
Middle Africa (FAO),,2005,0.9445
Middle Africa (FAO),,2006,0.8791
Middle Africa (FAO),,2007,0.8794001
Middle Africa (FAO),,2008,0.94570005
Middle Africa (FAO),,2009,0.9883
Middle Africa (FAO),,2010,0.8597
Middle Africa (FAO),,2011,0.8942
Middle Africa (FAO),,2012,0.9042001
Middle Africa (FAO),,2013,0.96080005
Middle Africa (FAO),,2014,0.8996
Middle Africa (FAO),,2015,0.89720005
Middle Africa (FAO),,2016,0.9858
Middle Africa (FAO),,2017,0.99850005
Middle Africa (FAO),,2018,1.0799
Middle Africa (FAO),,2019,1.1246
Middle Africa (FAO),,2020,1.2316
Middle Africa (FAO),,2021,1.2769
Middle Africa (FAO),,2022,1.1214001
Middle Africa (FAO),,2023,1.1525
Middle Africa (FAO),,2024,1.1797
Morocco,MAR,1961,3.0000002
Morocco,MAR,1962,3.4
Morocco,MAR,1963,5
Morocco,MAR,1964,5
Morocco,MAR,1965,4.2000003
Morocco,MAR,1966,4.5091004
Morocco,MAR,1967,5.0926003
Morocco,MAR,1968,5.2564
Morocco,MAR,1969,5.7955003
Morocco,MAR,1970,5
Morocco,MAR,1971,2.7
Morocco,MAR,1972,4.4839
Morocco,MAR,1973,3.8667002
Morocco,MAR,1974,3.2237
Morocco,MAR,1975,4.7097006
Morocco,MAR,1976,3.3887
Morocco,MAR,1977,3.8403003
Morocco,MAR,1978,2.4444
Morocco,MAR,1979,3.2203002
Morocco,MAR,1980,4.8712006
Morocco,MAR,1981,3.7192001
Morocco,MAR,1982,3.64
Morocco,MAR,1983,2.3412
Morocco,MAR,1984,2.5222
Morocco,MAR,1985,2.8833003
Morocco,MAR,1986,4.5511003
Morocco,MAR,1987,5.5000005
Morocco,MAR,1988,4.4507003
Morocco,MAR,1989,6.3
Morocco,MAR,1990,4.175
Morocco,MAR,1991,3.8406003
Morocco,MAR,1992,3.0694
Morocco,MAR,1993,5
Morocco,MAR,1994,6.5000005
Morocco,MAR,1995,4.9571004
Morocco,MAR,1996,5.8
Morocco,MAR,1997,3.7256002
Morocco,MAR,1998,5.4108
Morocco,MAR,1999,4.5
Morocco,MAR,2000,4.5
Morocco,MAR,2001,5.2773
Morocco,MAR,2002,4.1453
Morocco,MAR,2003,4.9706
Morocco,MAR,2004,6.7045
Morocco,MAR,2005,6.8
Morocco,MAR,2006,6.8
Morocco,MAR,2007,7.3667006
Morocco,MAR,2008,6.9563003
Morocco,MAR,2009,6.4154
Morocco,MAR,2010,6.827
Morocco,MAR,2011,7.0236006
Morocco,MAR,2012,7.6015005
Morocco,MAR,2013,7.5433
Morocco,MAR,2014,7.5000005
Morocco,MAR,2015,7.6173
Morocco,MAR,2016,7.0881004
Morocco,MAR,2017,7.2005005
Morocco,MAR,2018,7.7910004
Morocco,MAR,2019,8.1021
Morocco,MAR,2020,11.3511
Morocco,MAR,2021,6.7374
Morocco,MAR,2022,7.7706003
Morocco,MAR,2023,8.0009
Morocco,MAR,2024,6.5000005
Mozambique,MOZ,1961,1.4167
Mozambique,MOZ,1962,1.4167
Mozambique,MOZ,1963,1.5385001
Mozambique,MOZ,1964,1.6154001
Mozambique,MOZ,1965,1.5000001
Mozambique,MOZ,1966,1.0533001
Mozambique,MOZ,1967,1.1333001
Mozambique,MOZ,1968,1.0514001
Mozambique,MOZ,1969,1.2015
Mozambique,MOZ,1970,1.2843001
Mozambique,MOZ,1971,1.4198002
Mozambique,MOZ,1972,1.3158001
Mozambique,MOZ,1973,1.5867001
Mozambique,MOZ,1974,1.6
Mozambique,MOZ,1975,1.3467001
Mozambique,MOZ,1976,0.6
Mozambique,MOZ,1977,0.85
Mozambique,MOZ,1978,0.6118
Mozambique,MOZ,1979,0.7778
Mozambique,MOZ,1980,0.83330005
Mozambique,MOZ,1981,0.8211
Mozambique,MOZ,1982,0.8421
Mozambique,MOZ,1983,0.82000005
Mozambique,MOZ,1984,0.84000003
Mozambique,MOZ,1985,0.86
Mozambique,MOZ,1986,0.93000007
Mozambique,MOZ,1987,0.8571
Mozambique,MOZ,1988,0.88570005
Mozambique,MOZ,1989,0.8636
Mozambique,MOZ,1990,0.87470007
Mozambique,MOZ,1991,0.52900004
Mozambique,MOZ,1992,0.2988
Mozambique,MOZ,1993,0.6225
Mozambique,MOZ,1994,0.8345
Mozambique,MOZ,1995,0.87170005
Mozambique,MOZ,1996,0.9653
Mozambique,MOZ,1997,1.0904001
Mozambique,MOZ,1998,1.0552
Mozambique,MOZ,1999,1
Mozambique,MOZ,2000,0.98160005
Mozambique,MOZ,2001,0.95820004
Mozambique,MOZ,2002,0.4659
Mozambique,MOZ,2003,0.6006
Mozambique,MOZ,2004,0.53870004
Mozambique,MOZ,2005,0.3398
Mozambique,MOZ,2006,0.45570004
Mozambique,MOZ,2007,0.4749
Mozambique,MOZ,2008,0.47280002
Mozambique,MOZ,2009,0.55420005
Mozambique,MOZ,2010,0.5472
Mozambique,MOZ,2011,0.54440004
Mozambique,MOZ,2012,0.4045
Mozambique,MOZ,2013,0.53800005
Mozambique,MOZ,2014,0.69060004
Mozambique,MOZ,2015,0.55020005
Mozambique,MOZ,2016,0.49060002
Mozambique,MOZ,2017,0.5429
Mozambique,MOZ,2018,0.52750003
Mozambique,MOZ,2019,0.4864
Mozambique,MOZ,2020,0.6175
Mozambique,MOZ,2021,0.9175
Mozambique,MOZ,2022,0.9620001
Mozambique,MOZ,2023,0.44270003
Mozambique,MOZ,2024,0.62
Myanmar,MMR,1961,1.6066
Myanmar,MMR,1962,1.6469
Myanmar,MMR,1963,1.5957
Myanmar,MMR,1964,1.7097
Myanmar,MMR,1965,1.6614001
Myanmar,MMR,1966,1.4694
Myanmar,MMR,1967,1.651
Myanmar,MMR,1968,1.6843002
Myanmar,MMR,1969,1.7092
Myanmar,MMR,1970,1.6973001
Myanmar,MMR,1971,1.7161001
Myanmar,MMR,1972,1.6247001
Myanmar,MMR,1973,1.7629001
Myanmar,MMR,1974,1.7574002
Myanmar,MMR,1975,1.8307
Myanmar,MMR,1976,1.8974001
Myanmar,MMR,1977,1.9453001
Myanmar,MMR,1978,2.1012
Myanmar,MMR,1979,2.3521001
Myanmar,MMR,1980,2.7739
Myanmar,MMR,1981,2.9419
Myanmar,MMR,1982,3.1505
Myanmar,MMR,1983,3.0666003
Myanmar,MMR,1984,3.0981002
Myanmar,MMR,1985,3.0718002
Myanmar,MMR,1986,3.0279
Myanmar,MMR,1987,3.0424001
Myanmar,MMR,1988,2.9084
Myanmar,MMR,1989,2.9174001
Myanmar,MMR,1990,2.9353
Myanmar,MMR,1991,2.8857
Myanmar,MMR,1992,2.9341002
Myanmar,MMR,1993,3.0541003
Myanmar,MMR,1994,3.1682
Myanmar,MMR,1995,2.9759
Myanmar,MMR,1996,3.0642002
Myanmar,MMR,1997,3.0793002
Myanmar,MMR,1998,3.1284
Myanmar,MMR,1999,3.2403002
Myanmar,MMR,2000,3.3832002
Myanmar,MMR,2001,3.4179
Myanmar,MMR,2002,3.4194
Myanmar,MMR,2003,3.5440001
Myanmar,MMR,2004,3.6356003
Myanmar,MMR,2005,3.7496002
Myanmar,MMR,2006,3.8300002
Myanmar,MMR,2007,3.926
Myanmar,MMR,2008,4.0323005
Myanmar,MMR,2009,4.0558004
Myanmar,MMR,2010,4.0664
Myanmar,MMR,2011,3.8338003
Myanmar,MMR,2012,3.8115
Myanmar,MMR,2013,3.8538003
Myanmar,MMR,2014,3.9084
Myanmar,MMR,2015,3.9339
Myanmar,MMR,2016,3.8794
Myanmar,MMR,2017,3.8597002
Myanmar,MMR,2018,3.9187002
Myanmar,MMR,2019,3.8566003
Myanmar,MMR,2020,3.8652
Myanmar,MMR,2021,3.8957002
Myanmar,MMR,2022,3.9467
Myanmar,MMR,2023,3.9818003
Myanmar,MMR,2024,3.9409
Nepal,NPL,1961,1.9375001
Nepal,NPL,1962,1.9342
Nepal,NPL,1963,1.9349002
Nepal,NPL,1964,1.9991001
Nepal,NPL,1965,1.9865001
Nepal,NPL,1966,1.8248001
Nepal,NPL,1967,1.8361001
Nepal,NPL,1968,1.8745
Nepal,NPL,1969,1.9104002
Nepal,NPL,1970,1.9486
Nepal,NPL,1971,1.9520001
Nepal,NPL,1972,1.7633002
Nepal,NPL,1973,1.9690001
Nepal,NPL,1974,1.9779001
Nepal,NPL,1975,2.0742002
Nepal,NPL,1976,1.8914001
Nepal,NPL,1977,1.8056
Nepal,NPL,1978,1.8527
Nepal,NPL,1979,1.6424001
Nepal,NPL,1980,1.932
Nepal,NPL,1981,1.9746001
Nepal,NPL,1982,1.4489001
Nepal,NPL,1983,2.0664
Nepal,NPL,1984,1.9678001
Nepal,NPL,1985,2.0161002
Nepal,NPL,1986,1.779
Nepal,NPL,1987,2.095
Nepal,NPL,1988,2.2635002
Nepal,NPL,1989,2.3657
Nepal,NPL,1990,2.4067001
Nepal,NPL,1991,2.0481002
Nepal,NPL,1992,2.41
Nepal,NPL,1993,2.1237001
Nepal,NPL,1994,2.391
Nepal,NPL,1995,2.4554
Nepal,NPL,1996,2.417
Nepal,NPL,1997,2.4434
Nepal,NPL,1998,2.4722002
Nepal,NPL,1999,2.7028003
Nepal,NPL,2000,2.7454
Nepal,NPL,2001,2.6754
Nepal,NPL,2002,2.6753001
Nepal,NPL,2003,2.8573003
Nepal,NPL,2004,2.7825
Nepal,NPL,2005,2.7166002
Nepal,NPL,2006,2.5570002
Nepal,NPL,2007,2.775
Nepal,NPL,2008,2.9074001
Nepal,NPL,2009,2.7164001
Nepal,NPL,2010,2.9805002
Nepal,NPL,2011,3.3120003
Nepal,NPL,2012,3.1709
Nepal,NPL,2013,3.3942
Nepal,NPL,2014,3.3596003
Nepal,NPL,2015,3.1543002
Nepal,NPL,2016,3.3690002
Nepal,NPL,2017,3.5058002
Nepal,NPL,2018,3.7607002
Nepal,NPL,2019,3.8048003
Nepal,NPL,2020,3.8153002
Nepal,NPL,2021,3.4728003
Nepal,NPL,2022,3.7896004
Nepal,NPL,2023,3.9780002
Nepal,NPL,2024,4.1922
Net Food Importing Developing Countries (FAO),,1961,1.5877
Net Food Importing Developing Countries (FAO),,1962,1.5478001
Net Food Importing Developing Countries (FAO),,1963,1.6713002
Net Food Importing Developing Countries (FAO),,1964,1.6602
Net Food Importing Developing Countries (FAO),,1965,1.6086
Net Food Importing Developing Countries (FAO),,1966,1.5299001
Net Food Importing Developing Countries (FAO),,1967,1.6691
Net Food Importing Developing Countries (FAO),,1968,1.7594001
Net Food Importing Developing Countries (FAO),,1969,1.8031001
Net Food Importing Developing Countries (FAO),,1970,1.7908001
Net Food Importing Developing Countries (FAO),,1971,1.7514001
Net Food Importing Developing Countries (FAO),,1972,1.7117001
Net Food Importing Developing Countries (FAO),,1973,1.8599001
Net Food Importing Developing Countries (FAO),,1974,1.8192
Net Food Importing Developing Countries (FAO),,1975,1.894
Net Food Importing Developing Countries (FAO),,1976,1.8649001
Net Food Importing Developing Countries (FAO),,1977,1.9277
Net Food Importing Developing Countries (FAO),,1978,1.9778001
Net Food Importing Developing Countries (FAO),,1979,1.9799001
Net Food Importing Developing Countries (FAO),,1980,2.1441002
Net Food Importing Developing Countries (FAO),,1981,2.1662002
Net Food Importing Developing Countries (FAO),,1982,2.1927001
Net Food Importing Developing Countries (FAO),,1983,2.3227
Net Food Importing Developing Countries (FAO),,1984,2.3200002
Net Food Importing Developing Countries (FAO),,1985,2.3076003
Net Food Importing Developing Countries (FAO),,1986,2.315
Net Food Importing Developing Countries (FAO),,1987,2.3558002
Net Food Importing Developing Countries (FAO),,1988,2.3154001
Net Food Importing Developing Countries (FAO),,1989,2.4599
Net Food Importing Developing Countries (FAO),,1990,2.4811003
Net Food Importing Developing Countries (FAO),,1991,2.4803002
Net Food Importing Developing Countries (FAO),,1992,2.5627
Net Food Importing Developing Countries (FAO),,1993,2.6143003
Net Food Importing Developing Countries (FAO),,1994,2.6231003
Net Food Importing Developing Countries (FAO),,1995,2.6246002
Net Food Importing Developing Countries (FAO),,1996,2.7256002
Net Food Importing Developing Countries (FAO),,1997,2.7120001
Net Food Importing Developing Countries (FAO),,1998,2.7327
Net Food Importing Developing Countries (FAO),,1999,3.0319
Net Food Importing Developing Countries (FAO),,2000,3.1494
Net Food Importing Developing Countries (FAO),,2001,3.1426003
Net Food Importing Developing Countries (FAO),,2002,3.1499
Net Food Importing Developing Countries (FAO),,2003,3.2245002
Net Food Importing Developing Countries (FAO),,2004,3.2255
Net Food Importing Developing Countries (FAO),,2005,3.3753002
Net Food Importing Developing Countries (FAO),,2006,3.4342
Net Food Importing Developing Countries (FAO),,2007,3.5286002
Net Food Importing Developing Countries (FAO),,2008,3.7007
Net Food Importing Developing Countries (FAO),,2009,3.6874
Net Food Importing Developing Countries (FAO),,2010,3.6028001
Net Food Importing Developing Countries (FAO),,2011,3.6375003
Net Food Importing Developing Countries (FAO),,2012,3.6442
Net Food Importing Developing Countries (FAO),,2013,3.6895
Net Food Importing Developing Countries (FAO),,2014,3.6637
Net Food Importing Developing Countries (FAO),,2015,3.6799002
Net Food Importing Developing Countries (FAO),,2016,3.6698003
Net Food Importing Developing Countries (FAO),,2017,3.6310003
Net Food Importing Developing Countries (FAO),,2018,3.6497002
Net Food Importing Developing Countries (FAO),,2019,3.7414
Net Food Importing Developing Countries (FAO),,2020,3.7994
Net Food Importing Developing Countries (FAO),,2021,3.8053002
Net Food Importing Developing Countries (FAO),,2022,3.7792
Net Food Importing Developing Countries (FAO),,2023,3.8603003
Net Food Importing Developing Countries (FAO),,2024,3.8533003
Nicaragua,NIC,1961,1.6312001
Nicaragua,NIC,1962,1.6304001
Nicaragua,NIC,1963,2.1674001
Nicaragua,NIC,1964,2.1511002
Nicaragua,NIC,1965,2.1486
Nicaragua,NIC,1966,2.403
Nicaragua,NIC,1967,2.6667001
Nicaragua,NIC,1968,2.7382002
Nicaragua,NIC,1969,2.6859
Nicaragua,NIC,1970,3.1972
Nicaragua,NIC,1971,3.1269
Nicaragua,NIC,1972,2.8389
Nicaragua,NIC,1973,3.1341002
Nicaragua,NIC,1974,2.7069001
Nicaragua,NIC,1975,3.0129
Nicaragua,NIC,1976,2.6842
Nicaragua,NIC,1977,3.1103003
Nicaragua,NIC,1978,3.0369
Nicaragua,NIC,1979,3.1881003
Nicaragua,NIC,1980,3.4341002
Nicaragua,NIC,1981,3.9412003
Nicaragua,NIC,1982,4.1368
Nicaragua,NIC,1983,3.8907
Nicaragua,NIC,1984,3.3642
Nicaragua,NIC,1985,3.5284002
Nicaragua,NIC,1986,3.0530002
Nicaragua,NIC,1987,3.2883003
Nicaragua,NIC,1988,2.9005
Nicaragua,NIC,1989,2.6374
Nicaragua,NIC,1990,2.6326003
Nicaragua,NIC,1991,3.2527
Nicaragua,NIC,1992,2.9255002
Nicaragua,NIC,1993,3.545
Nicaragua,NIC,1994,3.2528002
Nicaragua,NIC,1995,3.7084
Nicaragua,NIC,1996,3.4195
Nicaragua,NIC,1997,3.4389
Nicaragua,NIC,1998,3.473
Nicaragua,NIC,1999,3.6568003
Nicaragua,NIC,2000,3.1201003
Nicaragua,NIC,2001,2.9281003
Nicaragua,NIC,2002,3.1853
Nicaragua,NIC,2003,3.2002
Nicaragua,NIC,2004,3.5103002
Nicaragua,NIC,2005,3.3106003
Nicaragua,NIC,2006,3.6392002
Nicaragua,NIC,2007,3.9482002
Nicaragua,NIC,2008,4.0055003
Nicaragua,NIC,2009,4.5355
Nicaragua,NIC,2010,5.1406
Nicaragua,NIC,2011,4.1177006
Nicaragua,NIC,2012,3.7753003
Nicaragua,NIC,2013,4.9680004
Nicaragua,NIC,2014,5.5764003
Nicaragua,NIC,2015,6.6964
Nicaragua,NIC,2016,6.2456
Nicaragua,NIC,2017,6.2241006
Nicaragua,NIC,2018,6.28
Nicaragua,NIC,2019,6.3364
Nicaragua,NIC,2020,6.4464
Nicaragua,NIC,2021,6.3477006
Nicaragua,NIC,2022,6.3736005
Nicaragua,NIC,2023,6.0233
Niger,NER,1961,1.0431
Niger,NER,1962,1.2283001
Niger,NER,1963,1.0722001
Niger,NER,1964,1.2596
Niger,NER,1965,1.3453001
Niger,NER,1966,2.2283
Niger,NER,1967,2.8263001
Niger,NER,1968,2.5527
Niger,NER,1969,2.4540002
Niger,NER,1970,2.2622
Niger,NER,1971,1.5956
Niger,NER,1972,1.8505001
Niger,NER,1973,2.6053002
Niger,NER,1974,2.0375001
Niger,NER,1975,1.7047
Niger,NER,1976,1.3226
Niger,NER,1977,1.1565001
Niger,NER,1978,1.2441001
Niger,NER,1979,1.2172
Niger,NER,1980,1.4876001
Niger,NER,1981,1.8792
Niger,NER,1982,2.0396001
Niger,NER,1983,2.0180001
Niger,NER,1984,2.5233002
Niger,NER,1985,2.7524
Niger,NER,1986,2.7283
Niger,NER,1987,2.4498003
Niger,NER,1988,3.0057
Niger,NER,1989,3.4147
Niger,NER,1990,3.1432002
Niger,NER,1991,3.5605001
Niger,NER,1992,3.2828002
Niger,NER,1993,2.6233
Niger,NER,1994,2.2143002
Niger,NER,1995,2.4286003
Niger,NER,1996,1.6254001
Niger,NER,1997,2.2501001
Niger,NER,1998,2.91
Niger,NER,1999,4.1112003
Niger,NER,2000,2.7479
Niger,NER,2001,2.7565002
Niger,NER,2002,3.1638002
Niger,NER,2003,3.1042001
Niger,NER,2004,3.0949001
Niger,NER,2005,3.8290002
Niger,NER,2006,3.6637
Niger,NER,2007,3.5900002
Niger,NER,2008,3.811
Niger,NER,2009,4.3571005
Niger,NER,2010,3.0742002
Niger,NER,2011,3.3285003
Niger,NER,2012,4.2439003
Niger,NER,2013,4.0379
Niger,NER,2014,4.0479
Niger,NER,2015,4.3427005
Niger,NER,2016,4.4407005
Niger,NER,2017,4.7318
Niger,NER,2018,3.3917
Niger,NER,2019,4.5537004
Niger,NER,2020,4.1756005
Niger,NER,2021,4.0634003
Niger,NER,2022,3.7996004
Niger,NER,2023,3.6363003
Niger,NER,2024,3.3824
Nigeria,NGA,1961,0.8926
Nigeria,NGA,1962,1.1789001
Nigeria,NGA,1963,1.2037001
Nigeria,NGA,1964,1.2291
Nigeria,NGA,1965,1.2287
Nigeria,NGA,1966,1.2438002
Nigeria,NGA,1967,1.4695001
Nigeria,NGA,1968,1.5021
Nigeria,NGA,1969,1.2597001
Nigeria,NGA,1970,1.3451
Nigeria,NGA,1971,1.2763001
Nigeria,NGA,1972,1.8861
Nigeria,NGA,1973,1.3056
Nigeria,NGA,1974,1.9517001
Nigeria,NGA,1975,1.9310001
Nigeria,NGA,1976,1.2674
Nigeria,NGA,1977,1.6585001
Nigeria,NGA,1978,1.7637
Nigeria,NGA,1979,1.8750001
Nigeria,NGA,1980,1.9818002
Nigeria,NGA,1981,2.0683002
Nigeria,NGA,1982,2.0833
Nigeria,NGA,1983,2.0317001
Nigeria,NGA,1984,2
Nigeria,NGA,1985,2.1343002
Nigeria,NGA,1986,2.0233002
Nigeria,NGA,1987,2.3893
Nigeria,NGA,1988,1.9990001
Nigeria,NGA,1989,1.9994001
Nigeria,NGA,1990,2.0695002
Nigeria,NGA,1991,1.9528002
Nigeria,NGA,1992,1.9591001
Nigeria,NGA,1993,1.9597
Nigeria,NGA,1994,1.416
Nigeria,NGA,1995,1.6258001
Nigeria,NGA,1996,1.7498001
Nigeria,NGA,1997,1.5957
Nigeria,NGA,1998,1.6023002
Nigeria,NGA,1999,1.4957
Nigeria,NGA,2000,1.4998001
Nigeria,NGA,2001,1.3000001
Nigeria,NGA,2002,1.34
Nigeria,NGA,2003,1.4100001
Nigeria,NGA,2004,1.4199001
Nigeria,NGA,2005,1.4302
Nigeria,NGA,2006,1.4833001
Nigeria,NGA,2007,1.2999
Nigeria,NGA,2008,1.7544001
Nigeria,NGA,2009,1.9306
Nigeria,NGA,2010,1.8386
Nigeria,NGA,2011,2.0325
Nigeria,NGA,2012,1.8971001
Nigeria,NGA,2013,1.9845
Nigeria,NGA,2014,2.1609
Nigeria,NGA,2015,2.0742002
Nigeria,NGA,2016,2.0037
Nigeria,NGA,2017,2.081
Nigeria,NGA,2018,2.0670002
Nigeria,NGA,2019,2.0441
Nigeria,NGA,2020,1.9479002
Nigeria,NGA,2021,1.9310001
Nigeria,NGA,2022,1.8563001
Nigeria,NGA,2023,1.9740001
Nigeria,NGA,2024,1.9965001
North America,OWID_NAM,1961,2.7745283
North America,OWID_NAM,1962,3.0082247
North America,OWID_NAM,1963,3.2297688
North America,OWID_NAM,1964,3.366486
North America,OWID_NAM,1965,3.5588129
North America,OWID_NAM,1966,3.6530719
North America,OWID_NAM,1967,3.7424917
North America,OWID_NAM,1968,3.7823768
North America,OWID_NAM,1969,3.6373029
North America,OWID_NAM,1970,3.7501767
North America,OWID_NAM,1971,3.8874884
North America,OWID_NAM,1972,3.8464785
North America,OWID_NAM,1973,3.622681
North America,OWID_NAM,1974,3.865355
North America,OWID_NAM,1975,3.954865
North America,OWID_NAM,1976,4.0018005
North America,OWID_NAM,1977,3.8976798
North America,OWID_NAM,1978,4.2190447
North America,OWID_NAM,1979,4.2645507
North America,OWID_NAM,1980,4.3326488
North America,OWID_NAM,1981,4.665911
North America,OWID_NAM,1982,4.49451
North America,OWID_NAM,1983,4.335889
North America,OWID_NAM,1984,4.681086
North America,OWID_NAM,1985,4.860327
North America,OWID_NAM,1986,5.031482
North America,OWID_NAM,1987,4.970265
North America,OWID_NAM,1988,5.12175
North America,OWID_NAM,1989,5.190167
North America,OWID_NAM,1990,5.123703
North America,OWID_NAM,1991,5.2779436
North America,OWID_NAM,1992,5.4321704
North America,OWID_NAM,1993,5.2409663
North America,OWID_NAM,1994,5.54699
North America,OWID_NAM,1995,5.321672
North America,OWID_NAM,1996,5.441578
North America,OWID_NAM,1997,5.4055157
North America,OWID_NAM,1998,5.2424235
North America,OWID_NAM,1999,5.63731
North America,OWID_NAM,2000,5.654936
North America,OWID_NAM,2001,5.988088
North America,OWID_NAM,2002,6.0045958
North America,OWID_NAM,2003,5.9750113
North America,OWID_NAM,2004,6.327224
North America,OWID_NAM,2005,6.131392
North America,OWID_NAM,2006,6.18509
North America,OWID_NAM,2007,6.465432
North America,OWID_NAM,2008,6.2490325
North America,OWID_NAM,2009,6.262152
North America,OWID_NAM,2010,6.214209
North America,OWID_NAM,2011,6.103794
North America,OWID_NAM,2012,6.4246197
North America,OWID_NAM,2013,6.6118193
North America,OWID_NAM,2014,6.956138
North America,OWID_NAM,2015,6.9129663
North America,OWID_NAM,2016,6.85093
North America,OWID_NAM,2017,6.8559484
North America,OWID_NAM,2018,6.787106
North America,OWID_NAM,2019,6.90478
North America,OWID_NAM,2020,7.2171555
North America,OWID_NAM,2021,7.1874294
North America,OWID_NAM,2022,6.857752
North America,OWID_NAM,2023,7.3598857
North America,OWID_NAM,2024,7.5103374
North Korea,PRK,1961,4.3071003
North Korea,PRK,1962,4.3116
North Korea,PRK,1963,4.6056004
North Korea,PRK,1964,4.5335
North Korea,PRK,1965,3.9688003
North Korea,PRK,1966,4.2566004
North Korea,PRK,1967,3.9536002
North Korea,PRK,1968,3.8260002
North Korea,PRK,1969,4.4215
North Korea,PRK,1970,4.3915
North Korea,PRK,1971,4.5419
North Korea,PRK,1972,4.3613
North Korea,PRK,1973,4.5588
North Korea,PRK,1974,4.5167003
North Korea,PRK,1975,4.5019
North Korea,PRK,1976,4.5295
North Korea,PRK,1977,4.7091002
North Korea,PRK,1978,4.5011005
North Korea,PRK,1979,4.6365004
North Korea,PRK,1980,4.0714
North Korea,PRK,1981,4.5446005
North Korea,PRK,1982,3.1406002
North Korea,PRK,1983,3.2
North Korea,PRK,1984,3.4
North Korea,PRK,1985,3.2760003
North Korea,PRK,1986,3.7008002
North Korea,PRK,1987,3.4403002
North Korea,PRK,1988,3.3008003
North Korea,PRK,1989,3.4
North Korea,PRK,1990,3.0000002
North Korea,PRK,1991,7.0068
North Korea,PRK,1992,7.6014004
North Korea,PRK,1993,8.1273
North Korea,PRK,1994,5.4494
North Korea,PRK,1995,3.4639
North Korea,PRK,1996,2.4586003
North Korea,PRK,1997,2.4992
North Korea,PRK,1998,3.9776003
North Korea,PRK,1999,4.0397
North Korea,PRK,2000,3.1589
North Korea,PRK,2001,3.6017
North Korea,PRK,2002,3.7505002
North Korea,PRK,2003,3.8425002
North Korea,PRK,2004,4.0652003
North Korea,PRK,2005,4.4282002
North Korea,PRK,2006,4.2484
North Korea,PRK,2007,3.2045002
North Korea,PRK,2008,5.0176005
North Korea,PRK,2009,4.1054
North Korea,PRK,2010,4.2561
North Korea,PRK,2011,4.3415003
North Korea,PRK,2012,5.0817003
North Korea,PRK,2013,5.3035
North Korea,PRK,2014,5.0019
North Korea,PRK,2015,4.1831
North Korea,PRK,2016,5.4119
North Korea,PRK,2017,5.0158
North Korea,PRK,2018,4.4277005
North Korea,PRK,2019,6.0186005
North Korea,PRK,2020,4.493
North Korea,PRK,2021,4.4553
North Korea,PRK,2022,4.5053
North Korea,PRK,2023,4.433
North Korea,PRK,2024,4.6392
North Macedonia,MKD,1992,5.0441003
North Macedonia,MKD,1993,1.8341
North Macedonia,MKD,1994,5.0335
North Macedonia,MKD,1995,5.1371
North Macedonia,MKD,1996,5.3595004
North Macedonia,MKD,1997,4.6759
North Macedonia,MKD,1998,5.0723
North Macedonia,MKD,1999,4.1540003
North Macedonia,MKD,2000,4.7729
North Macedonia,MKD,2001,5.2667003
North Macedonia,MKD,2002,4.7380004
North Macedonia,MKD,2003,4.2551003
North Macedonia,MKD,2004,5.1676
North Macedonia,MKD,2005,5.2704
North Macedonia,MKD,2006,5.5265
North Macedonia,MKD,2007,6.1322007
North Macedonia,MKD,2008,6.2413
North Macedonia,MKD,2009,6.3686004
North Macedonia,MKD,2010,6.2303
North Macedonia,MKD,2011,5.992
North Macedonia,MKD,2012,5.2322006
North Macedonia,MKD,2013,5.9916005
North Macedonia,MKD,2014,5.8949003
North Macedonia,MKD,2015,6.1238003
North Macedonia,MKD,2016,4.919
North Macedonia,MKD,2017,5.2169003
North Macedonia,MKD,2018,6.1241
North Macedonia,MKD,2019,6.1126003
North Macedonia,MKD,2020,6.1435003
North Macedonia,MKD,2021,6.0951004
North Macedonia,MKD,2022,6.0954003
North Macedonia,MKD,2023,6.3242006
North Macedonia,MKD,2024,5.9641004
Northern Africa (FAO),,1961,4.9835
Northern Africa (FAO),,1962,5.7889004
Northern Africa (FAO),,1963,5.4861
Northern Africa (FAO),,1964,5.0145
Northern Africa (FAO),,1965,4.9881005
Northern Africa (FAO),,1966,4.7087007
Northern Africa (FAO),,1967,5.01
Northern Africa (FAO),,1968,5.0912004
Northern Africa (FAO),,1969,5.0798
Northern Africa (FAO),,1970,5.3636003
Northern Africa (FAO),,1971,5.2524
Northern Africa (FAO),,1972,5.1529
Northern Africa (FAO),,1973,5.3570004
Northern Africa (FAO),,1974,4.9933
Northern Africa (FAO),,1975,5.3951
Northern Africa (FAO),,1976,4.9783
Northern Africa (FAO),,1977,5.076
Northern Africa (FAO),,1978,5.261
Northern Africa (FAO),,1979,5.5779
Northern Africa (FAO),,1980,5.6636004
Northern Africa (FAO),,1981,5.4305
Northern Africa (FAO),,1982,5.5645003
Northern Africa (FAO),,1983,5.728
Northern Africa (FAO),,1984,5.3681
Northern Africa (FAO),,1985,5.9168
Northern Africa (FAO),,1986,5.7421002
Northern Africa (FAO),,1987,5.8024
Northern Africa (FAO),,1988,6.0085
Northern Africa (FAO),,1989,6.4709
Northern Africa (FAO),,1990,7.2440004
Northern Africa (FAO),,1991,7.3868003
Northern Africa (FAO),,1992,7.5691004
Northern Africa (FAO),,1993,7.6480002
Northern Africa (FAO),,1994,7.871701
Northern Africa (FAO),,1995,8.1015005
Northern Africa (FAO),,1996,8.209901
Northern Africa (FAO),,1997,8.310901
Northern Africa (FAO),,1998,8.551901
Northern Africa (FAO),,1999,8.7191
Northern Africa (FAO),,2000,8.997401
Northern Africa (FAO),,2001,9.133
Northern Africa (FAO),,2002,9.2668
Northern Africa (FAO),,2003,9.657801
Northern Africa (FAO),,2004,9.750501
Northern Africa (FAO),,2005,9.889501
Northern Africa (FAO),,2006,9.9835005
Northern Africa (FAO),,2007,9.6936
Northern Africa (FAO),,2008,9.6702
Northern Africa (FAO),,2009,9.484401
Northern Africa (FAO),,2010,9.3023
Northern Africa (FAO),,2011,9.492401
Northern Africa (FAO),,2012,9.443201
Northern Africa (FAO),,2013,9.5101
Northern Africa (FAO),,2014,9.3046
Northern Africa (FAO),,2015,9.3561
Northern Africa (FAO),,2016,9.2618
Northern Africa (FAO),,2017,8.8946
Northern Africa (FAO),,2018,8.4897
Northern Africa (FAO),,2019,8.653501
Northern Africa (FAO),,2020,9.5181
Northern Africa (FAO),,2021,9.019401
Northern Africa (FAO),,2022,8.830701
Northern Africa (FAO),,2023,9.105901
Northern Africa (FAO),,2024,9.0851
Northern America (FAO),,1961,3.8227
Northern America (FAO),,1962,4.1785
Northern America (FAO),,1963,4.4449
Northern America (FAO),,1964,4.5906005
Northern America (FAO),,1965,4.7693
Northern America (FAO),,1966,4.8442006
Northern America (FAO),,1967,5.0851
Northern America (FAO),,1968,4.96
Northern America (FAO),,1969,4.8399
Northern America (FAO),,1970,5.1763
Northern America (FAO),,1971,5.2882004
Northern America (FAO),,1972,5.2679
Northern America (FAO),,1973,4.7911005
Northern America (FAO),,1974,4.977
Northern America (FAO),,1975,5.1086
Northern America (FAO),,1976,5.2268
Northern America (FAO),,1977,4.945
Northern America (FAO),,1978,5.0257006
Northern America (FAO),,1979,5.1548
Northern America (FAO),,1980,4.9461
Northern America (FAO),,1981,5.4015
Northern America (FAO),,1982,5.2791004
Northern America (FAO),,1983,5.1532006
Northern America (FAO),,1984,5.5523
Northern America (FAO),,1985,6.0704
Northern America (FAO),,1986,6.334
Northern America (FAO),,1987,6.2271004
Northern America (FAO),,1988,6.1801004
Northern America (FAO),,1989,6.4466004
Northern America (FAO),,1990,6.1975
Northern America (FAO),,1991,6.4231005
Northern America (FAO),,1992,6.4294004
Northern America (FAO),,1993,6.1763
Northern America (FAO),,1994,6.6851006
Northern America (FAO),,1995,6.3007007
Northern America (FAO),,1996,6.8593
Northern America (FAO),,1997,6.6099
Northern America (FAO),,1998,6.3473
Northern America (FAO),,1999,6.5753
Northern America (FAO),,2000,7.0397005
Northern America (FAO),,2001,7.2807007
Northern America (FAO),,2002,7.373
Northern America (FAO),,2003,7.4759
Northern America (FAO),,2004,7.8328004
Northern America (FAO),,2005,7.4245005
Northern America (FAO),,2006,7.7313004
Northern America (FAO),,2007,8.091701
Northern America (FAO),,2008,7.6731005
Northern America (FAO),,2009,7.9413004
Northern America (FAO),,2010,7.5375004
Northern America (FAO),,2011,7.9209003
Northern America (FAO),,2012,8.3651
Northern America (FAO),,2013,8.6232
Northern America (FAO),,2014,8.4919
Northern America (FAO),,2015,8.372201
Northern America (FAO),,2016,8.112101
Northern America (FAO),,2017,8.4147005
Northern America (FAO),,2018,8.6213
Northern America (FAO),,2019,8.375901
Northern America (FAO),,2020,8.5401
Northern America (FAO),,2021,8.6416
Northern America (FAO),,2022,8.277801
Northern America (FAO),,2023,8.572801
Northern America (FAO),,2024,8.6841
Oceania,OWID_OCE,1961,4.253618
Oceania,OWID_OCE,1962,4.848408
Oceania,OWID_OCE,1963,4.680431
Oceania,OWID_OCE,1964,4.7648125
Oceania,OWID_OCE,1965,5.1735654
Oceania,OWID_OCE,1966,5.792489
Oceania,OWID_OCE,1967,6.049258
Oceania,OWID_OCE,1968,6.0659184
Oceania,OWID_OCE,1969,6.381107
Oceania,OWID_OCE,1970,5.2477307
Oceania,OWID_OCE,1971,6.2755713
Oceania,OWID_OCE,1972,5.332485
Oceania,OWID_OCE,1973,6.0726223
Oceania,OWID_OCE,1974,5.552181
Oceania,OWID_OCE,1975,4.748709
Oceania,OWID_OCE,1976,5.162096
Oceania,OWID_OCE,1977,5.355076
Oceania,OWID_OCE,1978,4.9816403
Oceania,OWID_OCE,1979,5.875716
Oceania,OWID_OCE,1980,4.9900475
Oceania,OWID_OCE,1981,6.6857963
Oceania,OWID_OCE,1982,6.3486867
Oceania,OWID_OCE,1983,6.154759
Oceania,OWID_OCE,1984,5.022716
Oceania,OWID_OCE,1985,6.6076236
Oceania,OWID_OCE,1986,5.9759817
Oceania,OWID_OCE,1987,5.28391
Oceania,OWID_OCE,1988,6.662808
Oceania,OWID_OCE,1989,7.5807886
Oceania,OWID_OCE,1990,8.083591
Oceania,OWID_OCE,1991,8.013759
Oceania,OWID_OCE,1992,8.296132
Oceania,OWID_OCE,1993,7.24319
Oceania,OWID_OCE,1994,7.796815
Oceania,OWID_OCE,1995,8.4465885
Oceania,OWID_OCE,1996,6.1078215
Oceania,OWID_OCE,1997,8.016826
Oceania,OWID_OCE,1998,8.923487
Oceania,OWID_OCE,1999,8.86841
Oceania,OWID_OCE,2000,7.9942346
Oceania,OWID_OCE,2001,9.05127
Oceania,OWID_OCE,2002,8.019248
Oceania,OWID_OCE,2003,8.540213
Oceania,OWID_OCE,2004,7.7355733
Oceania,OWID_OCE,2005,6.0555744
Oceania,OWID_OCE,2006,9.345395
Oceania,OWID_OCE,2007,6.7931085
Oceania,OWID_OCE,2008,3.663616
Oceania,OWID_OCE,2009,5.9135
Oceania,OWID_OCE,2010,8.953376
Oceania,OWID_OCE,2011,9.153143
Oceania,OWID_OCE,2012,8.681269
Oceania,OWID_OCE,2013,9.960173
Oceania,OWID_OCE,2014,10.388642
Oceania,OWID_OCE,2015,9.499635
Oceania,OWID_OCE,2016,9.110798
Oceania,OWID_OCE,2017,9.40517
Oceania,OWID_OCE,2018,9.869066
Oceania,OWID_OCE,2019,6.7258697
Oceania,OWID_OCE,2020,6.710116
Oceania,OWID_OCE,2021,8.810433
Oceania,OWID_OCE,2022,10.452191
Oceania,OWID_OCE,2023,9.052198
Oceania,OWID_OCE,2024,11.115767
Oceania (FAO),,1961,4.2536
Oceania (FAO),,1962,4.8484
Oceania (FAO),,1963,4.6804
Oceania (FAO),,1964,4.7648
Oceania (FAO),,1965,5.1736
Oceania (FAO),,1966,5.7925005
Oceania (FAO),,1967,6.0493
Oceania (FAO),,1968,6.0659003
Oceania (FAO),,1969,6.3811
Oceania (FAO),,1970,5.2477
Oceania (FAO),,1971,6.2756004
Oceania (FAO),,1972,5.3325005
Oceania (FAO),,1973,6.0726004
Oceania (FAO),,1974,5.5522003
Oceania (FAO),,1975,4.7487006
Oceania (FAO),,1976,5.1621003
Oceania (FAO),,1977,5.3551
Oceania (FAO),,1978,4.9816003
Oceania (FAO),,1979,5.8757005
Oceania (FAO),,1980,4.9900002
Oceania (FAO),,1981,6.6858
Oceania (FAO),,1982,6.3487005
Oceania (FAO),,1983,6.1548
Oceania (FAO),,1984,5.0227003
Oceania (FAO),,1985,6.6076
Oceania (FAO),,1986,5.9760003
Oceania (FAO),,1987,5.2839003
Oceania (FAO),,1988,6.6628003
Oceania (FAO),,1989,7.5808
Oceania (FAO),,1990,8.0836
Oceania (FAO),,1991,8.013801
Oceania (FAO),,1992,8.2961
Oceania (FAO),,1993,7.2432003
Oceania (FAO),,1994,7.7968
Oceania (FAO),,1995,8.4466
Oceania (FAO),,1996,6.1078
Oceania (FAO),,1997,8.0168
Oceania (FAO),,1998,8.9235
Oceania (FAO),,1999,8.868401
Oceania (FAO),,2000,7.9942007
Oceania (FAO),,2001,9.0513
Oceania (FAO),,2002,8.0193
Oceania (FAO),,2003,8.5403
Oceania (FAO),,2004,7.7355003
Oceania (FAO),,2005,6.0555005
Oceania (FAO),,2006,9.3455
Oceania (FAO),,2007,6.7931004
Oceania (FAO),,2008,3.6636002
Oceania (FAO),,2009,5.9136004
Oceania (FAO),,2010,8.953
Oceania (FAO),,2011,9.153201
Oceania (FAO),,2012,8.681201
Oceania (FAO),,2013,9.9601
Oceania (FAO),,2014,10.3887005
Oceania (FAO),,2015,9.499701
Oceania (FAO),,2016,9.1106
Oceania (FAO),,2017,9.4051
Oceania (FAO),,2018,9.869
Oceania (FAO),,2019,6.7255
Oceania (FAO),,2020,6.7100005
Oceania (FAO),,2021,8.8105
Oceania (FAO),,2022,10.4521
Oceania (FAO),,2023,9.0522
Oceania (FAO),,2024,11.115901
Pakistan,PAK,1961,1.3915001
Pakistan,PAK,1962,1.3856001
Pakistan,PAK,1963,1.3902
Pakistan,PAK,1964,1.4937
Pakistan,PAK,1965,1.4174001
Pakistan,PAK,1966,1.4523001
Pakistan,PAK,1967,1.5835
Pakistan,PAK,1968,1.9604001
Pakistan,PAK,1969,2.2201002
Pakistan,PAK,1970,2.1939
Pakistan,PAK,1971,2.3293002
Pakistan,PAK,1972,2.3624
Pakistan,PAK,1973,2.4353
Pakistan,PAK,1974,2.1632001
Pakistan,PAK,1975,2.2964
Pakistan,PAK,1976,2.3472002
Pakistan,PAK,1977,2.3297
Pakistan,PAK,1978,2.423
Pakistan,PAK,1979,2.371
Pakistan,PAK,1980,2.4235
Pakistan,PAK,1981,2.6035001
Pakistan,PAK,1982,2.6121001
Pakistan,PAK,1983,2.5065
Pakistan,PAK,1984,2.4883
Pakistan,PAK,1985,2.3499
Pakistan,PAK,1986,2.532
Pakistan,PAK,1987,2.4765
Pakistan,PAK,1988,2.3511002
Pakistan,PAK,1989,2.2925
Pakistan,PAK,1990,2.3151002
Pakistan,PAK,1991,2.3199
Pakistan,PAK,1992,2.3686001
Pakistan,PAK,1993,2.7397
Pakistan,PAK,1994,2.4333003
Pakistan,PAK,1995,2.7522001
Pakistan,PAK,1996,2.8685002
Pakistan,PAK,1997,2.8048003
Pakistan,PAK,1998,2.8930001
Pakistan,PAK,1999,3.0744
Pakistan,PAK,2000,3.0312002
Pakistan,PAK,2001,2.7542
Pakistan,PAK,2002,3.0192
Pakistan,PAK,2003,2.9551003
Pakistan,PAK,2004,2.9914
Pakistan,PAK,2005,3.1742
Pakistan,PAK,2006,3.1604002
Pakistan,PAK,2007,3.3176003
Pakistan,PAK,2008,3.5199
Pakistan,PAK,2009,3.5809
Pakistan,PAK,2010,3.0588002
Pakistan,PAK,2011,3.5939
Pakistan,PAK,2012,3.5966003
Pakistan,PAK,2013,3.7528002
Pakistan,PAK,2014,3.6339002
Pakistan,PAK,2015,3.7240002
Pakistan,PAK,2016,3.7716002
Pakistan,PAK,2017,3.8526003
Pakistan,PAK,2018,3.8427002
Pakistan,PAK,2019,3.6653001
Pakistan,PAK,2020,3.7863002
Pakistan,PAK,2021,3.9532
Pakistan,PAK,2022,3.6903002
Pakistan,PAK,2023,4.0662003
Pakistan,PAK,2024,3.7406003
Panama,PAN,1961,1.0847
Panama,PAN,1962,1.1014
Panama,PAN,1963,1.0760001
Panama,PAN,1964,1.0575
Panama,PAN,1965,1.138
Panama,PAN,1966,1.0654001
Panama,PAN,1967,1.1655
Panama,PAN,1968,1.2678001
Panama,PAN,1969,1.3146
Panama,PAN,1970,1.4086001
Panama,PAN,1971,1.4244001
Panama,PAN,1972,1.1903001
Panama,PAN,1973,1.5389001
Panama,PAN,1974,1.5894
Panama,PAN,1975,1.6018001
Panama,PAN,1976,1.1805
Panama,PAN,1977,1.6929001
Panama,PAN,1978,1.6384001
Panama,PAN,1979,1.7036
Panama,PAN,1980,1.8354001
Panama,PAN,1981,1.9545001
Panama,PAN,1982,1.8553002
Panama,PAN,1983,2.0386
Panama,PAN,1984,1.8766
Panama,PAN,1985,2.0648003
Panama,PAN,1986,2.0925002
Panama,PAN,1987,2.1712
Panama,PAN,1988,2.1820002
Panama,PAN,1989,2.3565001
Panama,PAN,1990,2.26
Panama,PAN,1991,2.094
Panama,PAN,1992,2.1316001
Panama,PAN,1993,2.246
Panama,PAN,1994,2.2921002
Panama,PAN,1995,2.2413
Panama,PAN,1996,2.4683
Panama,PAN,1997,2.2046
Panama,PAN,1998,2.6337001
Panama,PAN,1999,2.8776002
Panama,PAN,2000,2.66
Panama,PAN,2001,3.1699
Panama,PAN,2002,3.0832002
Panama,PAN,2003,3.2678
Panama,PAN,2004,2.46
Panama,PAN,2005,3.0229
Panama,PAN,2006,2.6414
Panama,PAN,2007,2.9451003
Panama,PAN,2008,3.1209002
Panama,PAN,2009,2.9846003
Panama,PAN,2010,2.6130002
Panama,PAN,2011,2.9504
Panama,PAN,2012,2.8751001
Panama,PAN,2013,3.0886002
Panama,PAN,2014,3.2618003
Panama,PAN,2015,3.0524
Panama,PAN,2016,3.5227
Panama,PAN,2017,3.3949
Panama,PAN,2018,3.7077
Panama,PAN,2019,3.8320003
Panama,PAN,2020,3.9211004
Panama,PAN,2021,4.1985
Panama,PAN,2022,4.4257
Panama,PAN,2023,4.4909
Panama,PAN,2024,4.2783
Papua New Guinea,PNG,1961,3.5556002
Papua New Guinea,PNG,1962,3.2
Papua New Guinea,PNG,1963,3.2
Papua New Guinea,PNG,1964,3.0000002
Papua New Guinea,PNG,1965,3.0000002
Papua New Guinea,PNG,1966,3.0000002
Papua New Guinea,PNG,1967,3.0000002
Papua New Guinea,PNG,1968,2.9420002
Papua New Guinea,PNG,1969,2.8919
Papua New Guinea,PNG,1970,2.8879
Papua New Guinea,PNG,1971,2.9143002
Papua New Guinea,PNG,1972,2.9189
Papua New Guinea,PNG,1973,2.9333003
Papua New Guinea,PNG,1974,2.8650002
Papua New Guinea,PNG,1975,2.9
Papua New Guinea,PNG,1976,2.8986003
Papua New Guinea,PNG,1977,2.8341002
Papua New Guinea,PNG,1978,2.8543003
Papua New Guinea,PNG,1979,2.9120002
Papua New Guinea,PNG,1980,2.8444
Papua New Guinea,PNG,1981,2.6583002
Papua New Guinea,PNG,1982,2.7778
Papua New Guinea,PNG,1983,2.3077002
Papua New Guinea,PNG,1984,2.2222002
Papua New Guinea,PNG,1985,2
Papua New Guinea,PNG,1986,1.8182
Papua New Guinea,PNG,1987,1.8182
Papua New Guinea,PNG,1988,1.8182
Papua New Guinea,PNG,1989,1.8750001
Papua New Guinea,PNG,1990,1.8235
Papua New Guinea,PNG,1991,1.7439001
Papua New Guinea,PNG,1992,1.7682
Papua New Guinea,PNG,1993,1.8000001
Papua New Guinea,PNG,1994,1.7836001
Papua New Guinea,PNG,1995,1.7865001
Papua New Guinea,PNG,1996,1.7910001
Papua New Guinea,PNG,1997,1.7143002
Papua New Guinea,PNG,1998,1.8269001
Papua New Guinea,PNG,1999,1.8584001
Papua New Guinea,PNG,2000,1.8915001
Papua New Guinea,PNG,2001,2
Papua New Guinea,PNG,2002,1.9290001
Papua New Guinea,PNG,2003,1.9237001
Papua New Guinea,PNG,2004,1.9272001
Papua New Guinea,PNG,2005,1.9402001
Papua New Guinea,PNG,2006,1.9533001
Papua New Guinea,PNG,2007,1.9664001
Papua New Guinea,PNG,2008,1.9794002
Papua New Guinea,PNG,2009,1.9925001
Papua New Guinea,PNG,2010,2.0056
Papua New Guinea,PNG,2011,2.0186
Papua New Guinea,PNG,2012,2.0317001
Papua New Guinea,PNG,2013,2.0448
Papua New Guinea,PNG,2014,2.0536003
Papua New Guinea,PNG,2015,2.0670002
Papua New Guinea,PNG,2016,2.0777001
Papua New Guinea,PNG,2017,2.0906003
Papua New Guinea,PNG,2018,2.1019
Papua New Guinea,PNG,2019,2.1142
Papua New Guinea,PNG,2020,2.1263
Papua New Guinea,PNG,2021,2.1393
Papua New Guinea,PNG,2022,2.1415
Papua New Guinea,PNG,2023,2.1503003
Papua New Guinea,PNG,2024,2.1590002
Paraguay,PRY,1961,2.2
Paraguay,PRY,1962,2.4
Paraguay,PRY,1963,2.2857
Paraguay,PRY,1964,2.5
Paraguay,PRY,1965,2.7
Paraguay,PRY,1966,2.1957002
Paraguay,PRY,1967,2.4959
Paraguay,PRY,1968,2.2286003
Paraguay,PRY,1969,2.6557
Paraguay,PRY,1970,1.9661001
Paraguay,PRY,1971,2.0793002
Paraguay,PRY,1972,1.7963002
Paraguay,PRY,1973,1.9413002
Paraguay,PRY,1974,2.2134001
Paraguay,PRY,1975,2.2711003
Paraguay,PRY,1976,2.0195
Paraguay,PRY,1977,2.0440001
Paraguay,PRY,1978,1.8312
Paraguay,PRY,1979,1.8902
Paraguay,PRY,1980,1.7
Paraguay,PRY,1981,1.9064001
Paraguay,PRY,1982,2.0096002
Paraguay,PRY,1983,2.1428
Paraguay,PRY,1984,2.1836002
Paraguay,PRY,1985,2.4925
Paraguay,PRY,1986,2.0066001
Paraguay,PRY,1987,2.5731003
Paraguay,PRY,1988,2.4369
Paraguay,PRY,1989,2.6996002
Paraguay,PRY,1990,2.5206003
Paraguay,PRY,1991,3.1698003
Paraguay,PRY,1992,3.8317
Paraguay,PRY,1993,3.7715
Paraguay,PRY,1994,3.9785001
Paraguay,PRY,1995,4.1143
Paraguay,PRY,1996,3.6692002
Paraguay,PRY,1997,3.6988003
Paraguay,PRY,1998,3.8792002
Paraguay,PRY,1999,4.6126003
Paraguay,PRY,2000,3.8492002
Paraguay,PRY,2001,3.9797
Paraguay,PRY,2002,3.8841002
Paraguay,PRY,2003,3.6383002
Paraguay,PRY,2004,4.0323005
Paraguay,PRY,2005,3.0448003
Paraguay,PRY,2006,3.0000002
Paraguay,PRY,2007,3.0952
Paraguay,PRY,2008,4.2720003
Paraguay,PRY,2009,4.3
Paraguay,PRY,2010,5.2998
Paraguay,PRY,2011,5.1936
Paraguay,PRY,2012,4.9500003
Paraguay,PRY,2013,6.3
Paraguay,PRY,2014,6.7000003
Paraguay,PRY,2015,6.7013
Paraguay,PRY,2016,6.6000004
Paraguay,PRY,2017,6.6000004
Paraguay,PRY,2018,6.3
Paraguay,PRY,2019,6.6000004
Paraguay,PRY,2020,6.5987005
Paraguay,PRY,2021,6.6326003
Paraguay,PRY,2022,4.7392006
Paraguay,PRY,2023,5.7522006
Paraguay,PRY,2024,5.6390004
Peru,PER,1961,4.0929003
Peru,PER,1962,4.3106003
Peru,PER,1963,3.7074
Peru,PER,1964,4.2759
Peru,PER,1965,3.8777
Peru,PER,1966,3.9012
Peru,PER,1967,4.3249
Peru,PER,1968,3.7670002
Peru,PER,1969,4.0456004
Peru,PER,1970,4.1791005
Peru,PER,1971,4.0119
Peru,PER,1972,4.0856004
Peru,PER,1973,4.104
Peru,PER,1974,4.2697005
Peru,PER,1975,4.3830004
Peru,PER,1976,4.2835
Peru,PER,1977,4.4212003
Peru,PER,1978,4.0933003
Peru,PER,1979,4.2634
Peru,PER,1980,4.3034
Peru,PER,1981,4.7253
Peru,PER,1982,4.564
Peru,PER,1983,4.1944003
Peru,PER,1984,4.8426003
Peru,PER,1985,4.5575004
Peru,PER,1986,4.5045004
Peru,PER,1987,5.0927005
Peru,PER,1988,5.1505003
Peru,PER,1989,5.1166005
Peru,PER,1990,5.229
Peru,PER,1991,5.1416
Peru,PER,1992,4.9812
Peru,PER,1993,5.4506
Peru,PER,1994,5.8525004
Peru,PER,1995,5.618
Peru,PER,1996,5.7198
Peru,PER,1997,6.1154003
Peru,PER,1998,5.7558002
Peru,PER,1999,6.2514
Peru,PER,2000,6.5901003
Peru,PER,2001,6.6941004
Peru,PER,2002,6.6876006
Peru,PER,2003,6.7942004
Peru,PER,2004,6.4401
Peru,PER,2005,6.8971004
Peru,PER,2006,6.8732004
Peru,PER,2007,6.6817007
Peru,PER,2008,7.3089004
Peru,PER,2009,7.3926005
Peru,PER,2010,7.2850003
Peru,PER,2011,7.2980003
Peru,PER,2012,7.7851005
Peru,PER,2013,7.7112007
Peru,PER,2014,7.5953
Peru,PER,2015,7.8884
Peru,PER,2016,7.7002006
Peru,PER,2017,7.3091006
Peru,PER,2018,8.124201
Peru,PER,2019,7.7002006
Peru,PER,2020,8.2373
Peru,PER,2021,8.3236
Peru,PER,2022,8.243701
Peru,PER,2023,8.0957
Peru,PER,2024,8.3072
Philippines,PHL,1961,1.2299001
Philippines,PHL,1962,1.2548001
Philippines,PHL,1963,1.2447
Philippines,PHL,1964,1.2478001
Philippines,PHL,1965,1.3099
Philippines,PHL,1966,1.3223001
Philippines,PHL,1967,1.3804001
Philippines,PHL,1968,1.3339001
Philippines,PHL,1969,1.7098001
Philippines,PHL,1970,1.746
Philippines,PHL,1971,1.598
Philippines,PHL,1972,1.4431001
Philippines,PHL,1973,1.4624001
Philippines,PHL,1974,1.5458001
Philippines,PHL,1975,1.6636001
Philippines,PHL,1976,1.7967
Philippines,PHL,1977,2.0142
Philippines,PHL,1978,2.0253
Philippines,PHL,1979,2.1131003
Philippines,PHL,1980,2.2105
Philippines,PHL,1981,2.2977002
Philippines,PHL,1982,2.6342
Philippines,PHL,1983,2.3227
Philippines,PHL,1984,2.43
Philippines,PHL,1985,2.5879
Philippines,PHL,1986,2.7173002
Philippines,PHL,1987,2.6229
Philippines,PHL,1988,2.6442
Philippines,PHL,1989,2.7046003
Philippines,PHL,1990,2.9786003
Philippines,PHL,1991,2.8243003
Philippines,PHL,1992,2.8545
Philippines,PHL,1993,2.8742
Philippines,PHL,1994,2.8859
Philippines,PHL,1995,2.8043
Philippines,PHL,1996,2.8558002
Philippines,PHL,1997,2.9329
Philippines,PHL,1998,2.6986003
Philippines,PHL,1999,2.9468002
Philippines,PHL,2000,3.0681002
Philippines,PHL,2001,3.1866002
Philippines,PHL,2002,3.2797
Philippines,PHL,2003,3.3696003
Philippines,PHL,2004,3.5130002
Philippines,PHL,2005,3.5876002
Philippines,PHL,2006,3.6844
Philippines,PHL,2007,3.8008003
Philippines,PHL,2008,3.7703001
Philippines,PHL,2009,3.5890002
Philippines,PHL,2010,3.6224
Philippines,PHL,2011,3.6776004
Philippines,PHL,2012,3.8448002
Philippines,PHL,2013,3.8852
Philippines,PHL,2014,4.0019
Philippines,PHL,2015,3.8980002
Philippines,PHL,2016,3.8690002
Philippines,PHL,2017,4.0061
Philippines,PHL,2018,3.9718003
Philippines,PHL,2019,4.0449
Philippines,PHL,2020,4.0888004
Philippines,PHL,2021,4.1540003
Philippines,PHL,2022,4.112
Philippines,PHL,2023,4.1654
Philippines,PHL,2024,4.1084
Portugal,PRT,1961,4.6781
Portugal,PRT,1962,4.7346005
Portugal,PRT,1963,4.5518003
Portugal,PRT,1964,4.7991004
Portugal,PRT,1965,3.8688002
Portugal,PRT,1966,4.4351
Portugal,PRT,1967,4.5257006
Portugal,PRT,1968,4.5256004
Portugal,PRT,1969,4.6808
Portugal,PRT,1970,4.6662006
Portugal,PRT,1971,3.8284001
Portugal,PRT,1972,3.7689002
Portugal,PRT,1973,4.2764
Portugal,PRT,1974,3.9242
Portugal,PRT,1975,4.3916
Portugal,PRT,1976,4.3634
Portugal,PRT,1977,2.7694001
Portugal,PRT,1978,4.0964003
Portugal,PRT,1979,4.1878
Portugal,PRT,1980,4.4613
Portugal,PRT,1981,4.4382005
Portugal,PRT,1982,4.2572002
Portugal,PRT,1983,4.1181
Portugal,PRT,1984,4.4830003
Portugal,PRT,1985,4.8355002
Portugal,PRT,1986,4.4630003
Portugal,PRT,1987,4.3215003
Portugal,PRT,1988,4.2665
Portugal,PRT,1989,4.2899003
Portugal,PRT,1990,4.6142006
Portugal,PRT,1991,5.0940003
Portugal,PRT,1992,5.1948
Portugal,PRT,1993,5.2273
Portugal,PRT,1994,5.4776006
Portugal,PRT,1995,5.7329
Portugal,PRT,1996,6.0906005
Portugal,PRT,1997,5.7529
Portugal,PRT,1998,5.9872003
Portugal,PRT,1999,5.9924
Portugal,PRT,2000,5.9772005
Portugal,PRT,2001,5.8523
Portugal,PRT,2002,5.7862005
Portugal,PRT,2003,5.7607007
Portugal,PRT,2004,5.8527007
Portugal,PRT,2005,5.5044003
Portugal,PRT,2006,5.8551
Portugal,PRT,2007,5.8062005
Portugal,PRT,2008,5.7219
Portugal,PRT,2009,5.6818
Portugal,PRT,2010,5.8453
Portugal,PRT,2011,5.8855004
Portugal,PRT,2012,5.9995003
Portugal,PRT,2013,5.9699
Portugal,PRT,2014,5.8191004
Portugal,PRT,2015,6.3454003
Portugal,PRT,2016,5.8077006
Portugal,PRT,2017,6.2112007
Portugal,PRT,2018,5.4784
Portugal,PRT,2019,5.6018
Portugal,PRT,2020,5.1191006
Portugal,PRT,2021,5.9911003
Portugal,PRT,2022,5.7069
Portugal,PRT,2023,6.4005003
Portugal,PRT,2024,6.2092004
Puerto Rico,PRI,1961,6.4444003
Puerto Rico,PRI,1962,6.4444003
Puerto Rico,PRI,1963,6.6667004
Puerto Rico,PRI,1964,6.6000004
Puerto Rico,PRI,1965,6.2264004
Puerto Rico,PRI,1966,6.3636003
Puerto Rico,PRI,1967,6.6667004
Puerto Rico,PRI,1968,6.7692003
Puerto Rico,PRI,1969,6.6176004
Puerto Rico,PRI,1970,6.5714
Puerto Rico,PRI,1971,6.5714
Puerto Rico,PRI,1972,6.5714
Puerto Rico,PRI,1973,6.5714
Puerto Rico,PRI,1974,6.5714
Puerto Rico,PRI,1975,7.0588
Puerto Rico,PRI,1976,7.0588
Puerto Rico,PRI,1977,7.9412007
Puerto Rico,PRI,1978,7.9412007
Puerto Rico,PRI,1979,8.787901
Puerto Rico,PRI,1980,8.787901
Puerto Rico,PRI,1981,9.846201
Puerto Rico,PRI,1982,9.846201
Puerto Rico,PRI,1983,9.9413
Puerto Rico,PRI,1984,8.055
Puerto Rico,PRI,1985,3.0212002
Puerto Rico,PRI,1986,3.2582002
Puerto Rico,PRI,1987,3.0262
Puerto Rico,PRI,1988,3.0189002
Puerto Rico,PRI,1989,3.2
Puerto Rico,PRI,2014,1.9729002
Puerto Rico,PRI,2015,3.0004
Puerto Rico,PRI,2016,2.9118001
Puerto Rico,PRI,2017,3.0011003
Puerto Rico,PRI,2018,3.0826004
Puerto Rico,PRI,2019,3.1605
Puerto Rico,PRI,2020,3.2644
Puerto Rico,PRI,2021,3.3893
Puerto Rico,PRI,2022,3.5344
Puerto Rico,PRI,2023,3.6532001
Puerto Rico,PRI,2024,3.7646003
Reunion,REU,1986,1.8750001
Reunion,REU,1987,1.8750001
Reunion,REU,1988,1.8750001
Reunion,REU,1989,1.8750001
Reunion,REU,1990,2
Reunion,REU,1991,1.9750001
Reunion,REU,1992,2
Reunion,REU,1993,2
Reunion,REU,1994,2.1282
Reunion,REU,1995,2.2308002
Reunion,REU,1996,2.3590002
Reunion,REU,1997,2.4250002
Reunion,REU,1998,2.575
Reunion,REU,1999,2.7250001
Reunion,REU,2000,2.825
Reunion,REU,2001,2.9524
Reunion,REU,2002,3.0682
Reunion,REU,2003,3.2174
Reunion,REU,2004,3.3542001
Reunion,REU,2005,3.4600003
Reunion,REU,2006,3.6275
Romania,ROU,1961,2.9245002
Romania,ROU,1962,3.0923002
Romania,ROU,1963,3.7445002
Romania,ROU,1964,2.69
Romania,ROU,1965,2.4522002
Romania,ROU,1966,2.7073002
Romania,ROU,1967,3.0816002
Romania,ROU,1968,2.3929
Romania,ROU,1969,2.3602002
Romania,ROU,1970,2.3348002
Romania,ROU,1971,2.4182
Romania,ROU,1972,1.6729001
Romania,ROU,1973,2.1645
Romania,ROU,1974,2.2747002
Romania,ROU,1975,3.1293
Romania,ROU,1976,1.7895001
Romania,ROU,1977,2.3535001
Romania,ROU,1978,2.6682
Romania,ROU,1979,2.6593
Romania,ROU,1980,1.9545001
Romania,ROU,1981,2.3850002
Romania,ROU,1982,2.1762002
Romania,ROU,1983,3.0109
Romania,ROU,1984,3.3333
Romania,ROU,1985,3.6436002
Romania,ROU,1986,3.5324001
Romania,ROU,1987,2.5839
Romania,ROU,1988,2.6857002
Romania,ROU,1989,1.4239001
Romania,ROU,1990,1.6667
Romania,ROU,1991,1.4560001
Romania,ROU,1992,2.3742
Romania,ROU,1993,3.0351002
Romania,ROU,1994,3.2835002
Romania,ROU,1995,3.903
Romania,ROU,1996,2.7075002
Romania,ROU,1997,2.6766002
Romania,ROU,1998,2.9791002
Romania,ROU,1999,2.4427001
Romania,ROU,2000,2.6441002
Romania,ROU,2001,1.2632
Romania,ROU,2002,1.2839001
Romania,ROU,2003,2.4095001
Romania,ROU,2004,4.0056005
Romania,ROU,2005,4.1989
Romania,ROU,2006,3.2993002
Romania,ROU,2007,3.4023001
Romania,ROU,2008,4.9326005
Romania,ROU,2009,5.4262004
Romania,ROU,2010,4.9656005
Romania,ROU,2011,5.1504
Romania,ROU,2012,4.4995003
Romania,ROU,2013,4.7194
Romania,ROU,2014,3.5505002
Romania,ROU,2015,4.4974003
Romania,ROU,2016,4.6248
Romania,ROU,2017,4.7464004
Romania,ROU,2018,5.1952004
Romania,ROU,2019,5.3203
Romania,ROU,2020,4.1117005
Romania,ROU,2021,2.7537
Romania,ROU,2022,5.1524
Romania,ROU,2023,4.9671
Romania,ROU,2024,5.6917005
Russia,RUS,1992,2.8407001
Russia,RUS,1993,2.6382
Russia,RUS,1994,2.7125
Russia,RUS,1995,3.2062001
Russia,RUS,1996,2.4799001
Russia,RUS,1997,2.3367
Russia,RUS,1998,3.0329
Russia,RUS,1999,2.7319
Russia,RUS,2000,3.4863002
Russia,RUS,2001,3.4823003
Russia,RUS,2002,3.752
Russia,RUS,2003,3.1337001
Russia,RUS,2004,3.7584
Russia,RUS,2005,4.1757
Russia,RUS,2006,4.3573
Russia,RUS,2007,4.4875
Russia,RUS,2008,4.6029
Russia,RUS,2009,5.1447005
Russia,RUS,2010,5.2801003
Russia,RUS,2011,5.0939
Russia,RUS,2012,5.4900002
Russia,RUS,2013,4.9473
Russia,RUS,2014,5.3621
Russia,RUS,2015,5.5795
Russia,RUS,2016,5.3031006
Russia,RUS,2017,5.3144
Russia,RUS,2018,5.7622004
Russia,RUS,2019,5.7615004
Russia,RUS,2020,5.8275003
Russia,RUS,2021,5.7773
Russia,RUS,2022,5.4231005
Russia,RUS,2023,5.7844
Russia,RUS,2024,6.1052003
Rwanda,RWA,1967,1.8818002
Rwanda,RWA,1968,2.1016002
Rwanda,RWA,1969,2.6000001
Rwanda,RWA,1970,1.8994001
Rwanda,RWA,1971,2.1721003
Rwanda,RWA,1972,2.6000001
Rwanda,RWA,1973,3.4216003
Rwanda,RWA,1974,2.2885
Rwanda,RWA,1975,2.4789
Rwanda,RWA,1976,2.4935002
Rwanda,RWA,1977,2.6437001
Rwanda,RWA,1978,2.5080001
Rwanda,RWA,1979,2.7318
Rwanda,RWA,1980,3.3134
Rwanda,RWA,1981,3.4411004
Rwanda,RWA,1982,3.4934
Rwanda,RWA,1983,2.8612
Rwanda,RWA,1984,2.9549
Rwanda,RWA,1985,1.6
Rwanda,RWA,1986,2.3444
Rwanda,RWA,1987,2.1090002
Rwanda,RWA,1988,2.1051002
Rwanda,RWA,1989,2.6231003
Rwanda,RWA,1990,1.3652
Rwanda,RWA,1991,2.4118001
Rwanda,RWA,1992,2.403
Rwanda,RWA,1993,2.64
Rwanda,RWA,1994,2.6471002
Rwanda,RWA,1995,3.6508002
Rwanda,RWA,1996,3.298
Rwanda,RWA,1997,3.0328002
Rwanda,RWA,1998,1.9148002
Rwanda,RWA,1999,1.8132
Rwanda,RWA,2000,2.7318
Rwanda,RWA,2001,3.0668
Rwanda,RWA,2002,3.2658002
Rwanda,RWA,2003,3.6665
Rwanda,RWA,2004,3.7964
Rwanda,RWA,2005,4.4673
Rwanda,RWA,2006,4.4843
Rwanda,RWA,2007,4.132
Rwanda,RWA,2008,4.4432006
Rwanda,RWA,2009,5.6178
Rwanda,RWA,2010,5.1833
Rwanda,RWA,2011,5.5195003
Rwanda,RWA,2012,5.7193003
Rwanda,RWA,2013,5.3362
Rwanda,RWA,2014,3.0594
Rwanda,RWA,2015,3.2259002
Rwanda,RWA,2016,3.3067
Rwanda,RWA,2017,3.4499002
Rwanda,RWA,2018,3.4741004
Rwanda,RWA,2019,3.9998002
Rwanda,RWA,2020,3.9381003
Rwanda,RWA,2021,4.1596003
Rwanda,RWA,2022,4.1879
Rwanda,RWA,2023,4.0898004
Rwanda,RWA,2024,4.1079
Saint Vincent and the Grenadines,VCT,1988,2.8000002
Saint Vincent and the Grenadines,VCT,1989,2.4
Saint Vincent and the Grenadines,VCT,1990,2.7500002
Saudi Arabia,SAU,1961,2.8000002
Saudi Arabia,SAU,1962,2.65
Saudi Arabia,SAU,1963,2.8492
Saudi Arabia,SAU,1964,2.5
Saudi Arabia,SAU,1965,2.3333
Saudi Arabia,SAU,1966,3.0000002
Saudi Arabia,SAU,1967,3.8023002
Saudi Arabia,SAU,1968,3.8023002
Saudi Arabia,SAU,1969,3.0000002
Saudi Arabia,SAU,1970,3.0000002
Saudi Arabia,SAU,1971,2
Saudi Arabia,SAU,1972,1.4468001
Saudi Arabia,SAU,1973,1
Saudi Arabia,SAU,1974,1
Saudi Arabia,SAU,1975,1
Saudi Arabia,SAU,1976,1
Saudi Arabia,SAU,1977,1.5917001
Saudi Arabia,SAU,1978,2.4214
Saudi Arabia,SAU,1979,1.9852
Saudi Arabia,SAU,1980,1.4667001
Saudi Arabia,SAU,2018,0.1417
Saudi Arabia,SAU,2019,2
Saudi Arabia,SAU,2020,2.3353002
Saudi Arabia,SAU,2021,2.4012
Saudi Arabia,SAU,2022,2.3971002
Saudi Arabia,SAU,2023,2.3519
Saudi Arabia,SAU,2024,2.404
Senegal,SEN,1961,1.1462001
Senegal,SEN,1962,1.1667
Senegal,SEN,1963,1.4133002
Senegal,SEN,1964,1.2791001
Senegal,SEN,1965,1.4881
Senegal,SEN,1966,1.4247
Senegal,SEN,1967,1.3587
Senegal,SEN,1968,0.90250003
Senegal,SEN,1969,1.5195
Senegal,SEN,1970,1.0284001
Senegal,SEN,1971,1.2927
Senegal,SEN,1972,0.68340003
Senegal,SEN,1973,0.99660003
Senegal,SEN,1974,1.3926
Senegal,SEN,1975,1.3284001
Senegal,SEN,1976,1.4382
Senegal,SEN,1977,0.994
Senegal,SEN,1978,1.6073002
Senegal,SEN,1979,1.2267001
Senegal,SEN,1980,0.96250004
Senegal,SEN,1981,1.6748002
Senegal,SEN,1982,1.7669001
Senegal,SEN,1983,2.0871003
Senegal,SEN,1984,2.0552
Senegal,SEN,1985,1.881
Senegal,SEN,1986,1.9977001
Senegal,SEN,1987,1.8265
Senegal,SEN,1988,1.8577
Senegal,SEN,1989,2.1206002
Senegal,SEN,1990,2.4825
Senegal,SEN,1991,2.3497
Senegal,SEN,1992,2.4065
Senegal,SEN,1993,2.4809
Senegal,SEN,1994,2.0869
Senegal,SEN,1995,2.2497
Senegal,SEN,1996,2.0157
Senegal,SEN,1997,2.3254
Senegal,SEN,1998,2.7204
Senegal,SEN,1999,2.8000002
Senegal,SEN,2000,2.3454
Senegal,SEN,2001,2.3729
Senegal,SEN,2002,2.2676003
Senegal,SEN,2003,2.6397002
Senegal,SEN,2004,2.4758003
Senegal,SEN,2005,2.8542001
Senegal,SEN,2006,2.2401001
Senegal,SEN,2007,2.4078002
Senegal,SEN,2008,3.2572
Senegal,SEN,2009,3.6022
Senegal,SEN,2010,4.1033
Senegal,SEN,2011,3.7171004
Senegal,SEN,2012,3.9892
Senegal,SEN,2013,4.0181003
Senegal,SEN,2014,4.1417003
Senegal,SEN,2015,3.8194
Senegal,SEN,2016,3.3537002
Senegal,SEN,2017,3.3055003
Senegal,SEN,2018,3.7282002
Senegal,SEN,2019,3.3442001
Senegal,SEN,2020,3.3432002
Senegal,SEN,2021,3.6277
Senegal,SEN,2022,3.7838001
Senegal,SEN,2023,3.8165002
Senegal,SEN,2024,3.8511002
Sierra Leone,SLE,1961,0.9329001
Sierra Leone,SLE,1962,1.2347
Sierra Leone,SLE,1963,1.2541001
Sierra Leone,SLE,1964,1.4128001
Sierra Leone,SLE,1965,1.3256
Sierra Leone,SLE,1966,1.3272
Sierra Leone,SLE,1967,1.3371
Sierra Leone,SLE,1968,1.3316001
Sierra Leone,SLE,1969,1.6355001
Sierra Leone,SLE,1970,1.3769001
Sierra Leone,SLE,1971,1.3034
Sierra Leone,SLE,1972,1.3764001
Sierra Leone,SLE,1973,1.3647
Sierra Leone,SLE,1974,1.4019
Sierra Leone,SLE,1975,1.5016
Sierra Leone,SLE,1976,1.45
Sierra Leone,SLE,1977,1.4634001
Sierra Leone,SLE,1978,1.4588001
Sierra Leone,SLE,1979,1.25
Sierra Leone,SLE,1980,1.2512
Sierra Leone,SLE,1981,1.25
Sierra Leone,SLE,1982,1.3088001
Sierra Leone,SLE,1983,1.2438002
Sierra Leone,SLE,1984,1.5809001
Sierra Leone,SLE,1985,1.2652
Sierra Leone,SLE,1986,1.5447
Sierra Leone,SLE,1987,1.3030001
Sierra Leone,SLE,1988,1.2713001
Sierra Leone,SLE,1989,1.2842
Sierra Leone,SLE,1990,1.2830001
Sierra Leone,SLE,1991,1.3505001
Sierra Leone,SLE,1992,1.3505001
Sierra Leone,SLE,1993,1.273
Sierra Leone,SLE,1994,1.2342
Sierra Leone,SLE,1995,1.2951001
Sierra Leone,SLE,1996,1.3544
Sierra Leone,SLE,1997,1.2999
Sierra Leone,SLE,1998,1.1529001
Sierra Leone,SLE,1999,1.1604
Sierra Leone,SLE,2000,1.0869001
Sierra Leone,SLE,2001,1
Sierra Leone,SLE,2002,1.0049001
Sierra Leone,SLE,2003,1.0128
Sierra Leone,SLE,2004,1.0037
Sierra Leone,SLE,2005,1.1354
Sierra Leone,SLE,2006,1.4317
Sierra Leone,SLE,2007,1.36
Sierra Leone,SLE,2008,1.4300001
Sierra Leone,SLE,2009,1.7800001
Sierra Leone,SLE,2010,1.8700001
Sierra Leone,SLE,2011,1.8700001
Sierra Leone,SLE,2012,1.59
Sierra Leone,SLE,2013,1.8700001
Sierra Leone,SLE,2014,1.6234001
Sierra Leone,SLE,2015,1.4410001
Sierra Leone,SLE,2016,1.1437
Sierra Leone,SLE,2017,1.1492
Sierra Leone,SLE,2018,0.7856
Sierra Leone,SLE,2019,1.5745001
Sierra Leone,SLE,2020,1.7369001
Sierra Leone,SLE,2021,2.0953002
Sierra Leone,SLE,2022,2.1098
Sierra Leone,SLE,2023,1.5085001
Sierra Leone,SLE,2024,1.4086001
Small Island Developing States (FAO),,1961,1.6534001
Small Island Developing States (FAO),,1962,1.6863002
Small Island Developing States (FAO),,1963,1.7386
Small Island Developing States (FAO),,1964,1.7754002
Small Island Developing States (FAO),,1965,1.8773001
Small Island Developing States (FAO),,1966,2.0414002
Small Island Developing States (FAO),,1967,1.9856001
Small Island Developing States (FAO),,1968,1.8788002
Small Island Developing States (FAO),,1969,1.95
Small Island Developing States (FAO),,1970,2.1103
Small Island Developing States (FAO),,1971,2.1712
Small Island Developing States (FAO),,1972,2.1633
Small Island Developing States (FAO),,1973,2.0667
Small Island Developing States (FAO),,1974,2.4316003
Small Island Developing States (FAO),,1975,2.2835002
Small Island Developing States (FAO),,1976,2.3632
Small Island Developing States (FAO),,1977,2.5485
Small Island Developing States (FAO),,1978,2.7239
Small Island Developing States (FAO),,1979,2.7159
Small Island Developing States (FAO),,1980,2.9098003
Small Island Developing States (FAO),,1981,2.8491004
Small Island Developing States (FAO),,1982,2.8337002
Small Island Developing States (FAO),,1983,2.9616003
Small Island Developing States (FAO),,1984,3.0387
Small Island Developing States (FAO),,1985,3.2351003
Small Island Developing States (FAO),,1986,3.2999
Small Island Developing States (FAO),,1987,3.2075002
Small Island Developing States (FAO),,1988,3.1438003
Small Island Developing States (FAO),,1989,3.2231002
Small Island Developing States (FAO),,1990,3.1035001
Small Island Developing States (FAO),,1991,3.1141002
Small Island Developing States (FAO),,1992,3.3412
Small Island Developing States (FAO),,1993,2.9984
Small Island Developing States (FAO),,1994,2.9781003
Small Island Developing States (FAO),,1995,3.1984
Small Island Developing States (FAO),,1996,3.1323001
Small Island Developing States (FAO),,1997,3.2964
Small Island Developing States (FAO),,1998,2.9767
Small Island Developing States (FAO),,1999,3.3013003
Small Island Developing States (FAO),,2000,3.2136002
Small Island Developing States (FAO),,2001,3.3666003
Small Island Developing States (FAO),,2002,3.4387002
Small Island Developing States (FAO),,2003,3.3841002
Small Island Developing States (FAO),,2004,3.2707002
Small Island Developing States (FAO),,2005,3.1341002
Small Island Developing States (FAO),,2006,3.4050002
Small Island Developing States (FAO),,2007,3.5087001
Small Island Developing States (FAO),,2008,3.3701003
Small Island Developing States (FAO),,2009,3.3452
Small Island Developing States (FAO),,2010,3.4534001
Small Island Developing States (FAO),,2011,3.5197
Small Island Developing States (FAO),,2012,3.4044
Small Island Developing States (FAO),,2013,3.6656003
Small Island Developing States (FAO),,2014,4.0230002
Small Island Developing States (FAO),,2015,4.1679
Small Island Developing States (FAO),,2016,4.0197
Small Island Developing States (FAO),,2017,4.1767006
Small Island Developing States (FAO),,2018,3.6891003
Small Island Developing States (FAO),,2019,4.1432004
Small Island Developing States (FAO),,2020,4.1626005
Small Island Developing States (FAO),,2021,4.0525002
Small Island Developing States (FAO),,2022,3.9832
Small Island Developing States (FAO),,2023,3.9827
Small Island Developing States (FAO),,2024,4.0497003
Solomon Islands,SLB,1961,1.7391001
Solomon Islands,SLB,1962,1.8333001
Solomon Islands,SLB,1963,1.9200001
Solomon Islands,SLB,1964,2
Solomon Islands,SLB,1965,2.0741003
Solomon Islands,SLB,1966,2.2101002
Solomon Islands,SLB,1967,1.0857
Solomon Islands,SLB,1968,2.341
Solomon Islands,SLB,1969,1.3887
Solomon Islands,SLB,1970,2.726
Solomon Islands,SLB,1971,2.6266003
Solomon Islands,SLB,1972,3.3443003
Solomon Islands,SLB,1973,3.0939
Solomon Islands,SLB,1974,3.0964
Solomon Islands,SLB,1975,2.0651002
Solomon Islands,SLB,1976,2.9522002
Solomon Islands,SLB,1977,3.2314
Solomon Islands,SLB,1978,2.8757
Solomon Islands,SLB,1979,3.4114
Solomon Islands,SLB,1980,3.6847
Solomon Islands,SLB,1981,3.4415002
Solomon Islands,SLB,1982,3.3024
Solomon Islands,SLB,1983,3.6934001
Solomon Islands,SLB,1984,2.9178002
Solomon Islands,SLB,1985,2.7438002
Solomon Islands,SLB,1986,2.7601001
Solomon Islands,SLB,1990,4.9189
Solomon Islands,SLB,1991,4.8237004
Solomon Islands,SLB,1992,4.7284
Solomon Islands,SLB,1993,4.6331005
Solomon Islands,SLB,1994,4.5379
Solomon Islands,SLB,1995,4.4426003
Solomon Islands,SLB,1996,4.5337005
Solomon Islands,SLB,1997,3.8544002
Solomon Islands,SLB,1998,3.9394002
Solomon Islands,SLB,1999,4.5
Solomon Islands,SLB,2000,4.6495004
Solomon Islands,SLB,2001,4.6496005
Solomon Islands,SLB,2002,4.5984
Solomon Islands,SLB,2003,3.2076004
Solomon Islands,SLB,2004,3.1250002
Solomon Islands,SLB,2005,3.0000002
Solomon Islands,SLB,2006,3.3505
Solomon Islands,SLB,2007,3.0011003
Solomon Islands,SLB,2008,2.5455
Solomon Islands,SLB,2009,2.2727
Solomon Islands,SLB,2010,2.0915
Solomon Islands,SLB,2011,2.2485
Solomon Islands,SLB,2012,2.1517
Solomon Islands,SLB,2013,2.039
Solomon Islands,SLB,2014,1.914
Solomon Islands,SLB,2015,1.8797001
Solomon Islands,SLB,2016,1.9362
Solomon Islands,SLB,2017,1.8733002
Solomon Islands,SLB,2018,1.9050001
Solomon Islands,SLB,2019,1.9123001
Solomon Islands,SLB,2020,1.8217001
Solomon Islands,SLB,2021,1.8792
Solomon Islands,SLB,2022,1.8616
Solomon Islands,SLB,2023,1.8509
Solomon Islands,SLB,2024,1.8663001
Somalia,SOM,1970,2.8571002
Somalia,SOM,1971,2.8000002
Somalia,SOM,1972,2.9885
Somalia,SOM,1973,2.9091003
Somalia,SOM,1974,2.9825
Somalia,SOM,1975,2.0625
Somalia,SOM,1976,2
Somalia,SOM,1977,1.8182
Somalia,SOM,1978,1.1633002
Somalia,SOM,1979,2.5833
Somalia,SOM,1980,2.7288003
Somalia,SOM,1981,3.4211004
Somalia,SOM,1982,3.1667001
Somalia,SOM,1983,3.9
Somalia,SOM,1984,3.2308002
Somalia,SOM,1985,4.0769
Somalia,SOM,1986,3.7188003
Somalia,SOM,1987,3.3333
Somalia,SOM,1988,2.4
Somalia,SOM,1989,3.0308
Somalia,SOM,1990,3.0000002
Somalia,SOM,1991,2.5
Somalia,SOM,1992,2.6458
Somalia,SOM,1993,2.5
Somalia,SOM,1994,1.5000001
Somalia,SOM,1995,1.6667
Somalia,SOM,1996,3.1771002
Somalia,SOM,1997,3.713
Somalia,SOM,1998,4.4461
Somalia,SOM,1999,5.7143
Somalia,SOM,2000,2
Somalia,SOM,2001,5.9701004
Somalia,SOM,2002,6.0000005
Somalia,SOM,2003,6.0000005
Somalia,SOM,2004,6.0000005
Somalia,SOM,2005,5.4363003
Somalia,SOM,2006,5.4751005
Somalia,SOM,2007,6.1538
Somalia,SOM,2008,5.0807004
Somalia,SOM,2009,4.7273
Somalia,SOM,2010,5.2000003
Somalia,SOM,2011,3.5583003
Somalia,SOM,2012,4.8691
Somalia,SOM,2013,1.4723002
Somalia,SOM,2014,2
Somalia,SOM,2015,1.7500001
Somalia,SOM,2016,1.8333001
Somalia,SOM,2017,1.7274001
Somalia,SOM,2018,1.7644001
Somalia,SOM,2019,2.0063002
Somalia,SOM,2020,2.049
Somalia,SOM,2021,2
Somalia,SOM,2022,2
Somalia,SOM,2023,2
Somalia,SOM,2024,2
South Africa,ZAF,1961,1.5875001
South Africa,ZAF,1962,1.4513001
South Africa,ZAF,1963,1.3954
South Africa,ZAF,1964,1.4615
South Africa,ZAF,1965,1.5385001
South Africa,ZAF,1966,1.5385001
South Africa,ZAF,1967,1.5385001
South Africa,ZAF,1968,1.5385001
South Africa,ZAF,1969,1.5385001
South Africa,ZAF,1970,1.5385001
South Africa,ZAF,1971,1.5385001
South Africa,ZAF,1972,2.3077002
South Africa,ZAF,1973,2.3077002
South Africa,ZAF,1974,2.3077002
South Africa,ZAF,1975,2.3077002
South Africa,ZAF,1976,2.3077002
South Africa,ZAF,1977,2.3077002
South Africa,ZAF,1978,2.3077002
South Africa,ZAF,1979,2.3077002
South Africa,ZAF,1980,2.3077002
South Africa,ZAF,1981,2.3077002
South Africa,ZAF,1982,2.3077002
South Africa,ZAF,1983,2.3077002
South Africa,ZAF,1984,2.3077002
South Africa,ZAF,1985,2.3077002
South Africa,ZAF,1986,2.3077002
South Africa,ZAF,1987,2.3077002
South Africa,ZAF,1988,2.3077002
South Africa,ZAF,1989,2.3077002
South Africa,ZAF,1990,1.8976
South Africa,ZAF,1991,2.1154
South Africa,ZAF,1992,2.138
South Africa,ZAF,1993,2.1606002
South Africa,ZAF,1994,2.1832001
South Africa,ZAF,1995,2.2058
South Africa,ZAF,1996,2.2284
South Africa,ZAF,1997,2.2510002
South Africa,ZAF,1998,2.2736
South Africa,ZAF,1999,2.296
South Africa,ZAF,2000,2.2988002
South Africa,ZAF,2001,2.2857
South Africa,ZAF,2002,2.3563
South Africa,ZAF,2003,2.3873003
South Africa,ZAF,2004,2.4180002
South Africa,ZAF,2005,2.4486003
South Africa,ZAF,2006,2.4781003
South Africa,ZAF,2007,2.5067
South Africa,ZAF,2008,2.5346003
South Africa,ZAF,2009,2.5617
South Africa,ZAF,2010,2.5882
South Africa,ZAF,2011,2.6141002
South Africa,ZAF,2012,2.7273002
South Africa,ZAF,2013,2.6087
South Africa,ZAF,2014,2.6664
South Africa,ZAF,2015,2.7210002
South Africa,ZAF,2016,2.7414
South Africa,ZAF,2017,2.7657
South Africa,ZAF,2018,2.7914
South Africa,ZAF,2019,2.8163002
South Africa,ZAF,2020,2.8408003
South Africa,ZAF,2021,2.8561003
South Africa,ZAF,2022,2.8682
South Africa,ZAF,2023,2.8902001
South Africa,ZAF,2024,2.9123
South America,OWID_SAM,1961,1.8245558
South America,OWID_SAM,1962,1.8007404
South America,OWID_SAM,1963,1.6803188
South America,OWID_SAM,1964,1.664915
South America,OWID_SAM,1965,1.7638161
South America,OWID_SAM,1966,1.6220927
South America,OWID_SAM,1967,1.7600605
South America,OWID_SAM,1968,1.6722959
South America,OWID_SAM,1969,1.6214947
South America,OWID_SAM,1970,1.7520995
South America,OWID_SAM,1971,1.6474689
South America,OWID_SAM,1972,1.7656695
South America,OWID_SAM,1973,1.7884747
South America,OWID_SAM,1974,1.8239876
South America,OWID_SAM,1975,1.8383123
South America,OWID_SAM,1976,1.7406778
South America,OWID_SAM,1977,1.8353001
South America,OWID_SAM,1978,1.7008096
South America,OWID_SAM,1979,1.814223
South America,OWID_SAM,1980,1.9028268
South America,OWID_SAM,1981,1.7873795
South America,OWID_SAM,1982,2.037899
South America,OWID_SAM,1983,1.9526091
South America,OWID_SAM,1984,2.1358633
South America,OWID_SAM,1985,2.3150957
South America,OWID_SAM,1986,2.2029445
South America,OWID_SAM,1987,2.1727045
South America,OWID_SAM,1988,2.370885
South America,OWID_SAM,1989,2.551075
South America,OWID_SAM,1990,2.4332244
South America,OWID_SAM,1991,2.68871
South America,OWID_SAM,1992,2.6089585
South America,OWID_SAM,1993,2.7764792
South America,OWID_SAM,1994,2.9002476
South America,OWID_SAM,1995,3.052529
South America,OWID_SAM,1996,3.292456
South America,OWID_SAM,1997,3.452393
South America,OWID_SAM,1998,3.218624
South America,OWID_SAM,1999,3.6633322
South America,OWID_SAM,2000,3.6192644
South America,OWID_SAM,2001,3.830816
South America,OWID_SAM,2002,3.8874865
South America,OWID_SAM,2003,3.8766768
South America,OWID_SAM,2004,4.0648327
South America,OWID_SAM,2005,3.9206429
South America,OWID_SAM,2006,4.4127436
South America,OWID_SAM,2007,4.3713846
South America,OWID_SAM,2008,4.7121344
South America,OWID_SAM,2009,4.778352
South America,OWID_SAM,2010,4.4632998
South America,OWID_SAM,2011,5.032551
South America,OWID_SAM,2012,5.0062213
South America,OWID_SAM,2013,5.0725355
South America,OWID_SAM,2014,5.231738
South America,OWID_SAM,2015,5.6043715
South America,OWID_SAM,2016,5.3711557
South America,OWID_SAM,2017,5.646766
South America,OWID_SAM,2018,5.824894
South America,OWID_SAM,2019,5.696735
South America,OWID_SAM,2020,5.9504905
South America,OWID_SAM,2021,6.0751104
South America,OWID_SAM,2022,5.9581504
South America,OWID_SAM,2023,6.081294
South America,OWID_SAM,2024,5.9779415
South America (FAO),,1961,1.8246001
South America (FAO),,1962,1.8007001
South America (FAO),,1963,1.6803001
South America (FAO),,1964,1.6649001
South America (FAO),,1965,1.7638001
South America (FAO),,1966,1.6221
South America (FAO),,1967,1.7601
South America (FAO),,1968,1.6723001
South America (FAO),,1969,1.6215001
South America (FAO),,1970,1.7521001
South America (FAO),,1971,1.6475
South America (FAO),,1972,1.7657
South America (FAO),,1973,1.7885001
South America (FAO),,1974,1.8240001
South America (FAO),,1975,1.8383001
South America (FAO),,1976,1.7407
South America (FAO),,1977,1.8353001
South America (FAO),,1978,1.7008002
South America (FAO),,1979,1.8142
South America (FAO),,1980,1.9028001
South America (FAO),,1981,1.7874001
South America (FAO),,1982,2.0379002
South America (FAO),,1983,1.9526001
South America (FAO),,1984,2.1359
South America (FAO),,1985,2.3151002
South America (FAO),,1986,2.2029
South America (FAO),,1987,2.1727002
South America (FAO),,1988,2.3709
South America (FAO),,1989,2.5511003
South America (FAO),,1990,2.4332001
South America (FAO),,1991,2.6887
South America (FAO),,1992,2.6090002
South America (FAO),,1993,2.7765002
South America (FAO),,1994,2.9002001
South America (FAO),,1995,3.0525002
South America (FAO),,1996,3.2925003
South America (FAO),,1997,3.4524
South America (FAO),,1998,3.2186003
South America (FAO),,1999,3.6633003
South America (FAO),,2000,3.6193001
South America (FAO),,2001,3.8308003
South America (FAO),,2002,3.8875003
South America (FAO),,2003,3.8767002
South America (FAO),,2004,4.0648003
South America (FAO),,2005,3.9206002
South America (FAO),,2006,4.4127
South America (FAO),,2007,4.3714
South America (FAO),,2008,4.7121005
South America (FAO),,2009,4.7784
South America (FAO),,2010,4.4633
South America (FAO),,2011,5.0326004
South America (FAO),,2012,5.0062003
South America (FAO),,2013,5.0725
South America (FAO),,2014,5.2317004
South America (FAO),,2015,5.6044
South America (FAO),,2016,5.3712006
South America (FAO),,2017,5.6468
South America (FAO),,2018,5.8249
South America (FAO),,2019,5.6967006
South America (FAO),,2020,5.9505005
South America (FAO),,2021,6.0751004
South America (FAO),,2022,5.9582005
South America (FAO),,2023,6.0813003
South America (FAO),,2024,5.9779
South Korea,KOR,1961,4.1480002
South Korea,KOR,1962,3.5768
South Korea,KOR,1963,4.3974
South Korea,KOR,1964,4.472
South Korea,KOR,1965,3.9634001
South Korea,KOR,1966,4.4257
South Korea,KOR,1967,4.0551004
South Korea,KOR,1968,3.8593001
South Korea,KOR,1969,4.6623
South Korea,KOR,1970,4.552
South Korea,KOR,1971,4.6697006
South Korea,KOR,1972,4.6146
South Korea,KOR,1973,4.9504004
South Korea,KOR,1974,5.1257005
South Korea,KOR,1975,5.3243003
South Korea,KOR,1976,5.9667006
South Korea,KOR,1977,6.7868
South Korea,KOR,1978,6.938
South Korea,KOR,1979,6.3905
South Korea,KOR,1980,4.3076005
South Korea,KOR,1981,5.841
South Korea,KOR,1982,6.1510005
South Korea,KOR,1983,6.1926003
South Korea,KOR,1984,6.4754004
South Korea,KOR,1985,6.3514004
South Korea,KOR,1986,6.3688
South Korea,KOR,1987,6.0173
South Korea,KOR,1988,6.5550003
South Korea,KOR,1989,6.4456005
South Korea,KOR,1990,6.2057004
South Korea,KOR,1991,6.0346003
South Korea,KOR,1992,6.2728
South Korea,KOR,1993,5.6381
South Korea,KOR,1994,6.1909003
South Korea,KOR,1995,6.0507007
South Korea,KOR,1996,6.7866006
South Korea,KOR,1997,6.9507008
South Korea,KOR,1998,6.4123
South Korea,KOR,1999,6.6272006
South Korea,KOR,2000,6.7110004
South Korea,KOR,2001,6.8381004
South Korea,KOR,2002,6.3495
South Korea,KOR,2003,6.0542006
South Korea,KOR,2004,6.7291
South Korea,KOR,2005,6.5682006
South Korea,KOR,2006,6.6010003
South Korea,KOR,2007,6.2736006
South Korea,KOR,2008,6.9123
South Korea,KOR,2009,7.0335
South Korea,KOR,2010,6.5138
South Korea,KOR,2011,6.5774
South Korea,KOR,2012,6.3652005
South Korea,KOR,2013,6.7638
South Korea,KOR,2014,6.9131002
South Korea,KOR,2015,7.2197003
South Korea,KOR,2016,7.2228003
South Korea,KOR,2017,7.0034003
South Korea,KOR,2018,7.043
South Korea,KOR,2019,6.8731003
South Korea,KOR,2020,6.4881005
South Korea,KOR,2021,7.1143003
South Korea,KOR,2022,6.8746004
South Korea,KOR,2023,6.9177003
South Korea,KOR,2024,6.8554
South Sudan,SSD,2015,0.90730006
South Sudan,SSD,2016,0.8791
South Sudan,SSD,2017,0.8852001
South Sudan,SSD,2018,0.85200006
South Sudan,SSD,2019,0.8805
South Sudan,SSD,2020,0.88500005
South Sudan,SSD,2021,0.84720004
South Sudan,SSD,2022,1.1887
South Sudan,SSD,2023,1.0896001
South Sudan,SSD,2024,0.98820007
South-eastern Asia (FAO),,1961,1.6153002
South-eastern Asia (FAO),,1962,1.6465001
South-eastern Asia (FAO),,1963,1.6969001
South-eastern Asia (FAO),,1964,1.6733001
South-eastern Asia (FAO),,1965,1.6587
South-eastern Asia (FAO),,1966,1.6343001
South-eastern Asia (FAO),,1967,1.6638001
South-eastern Asia (FAO),,1968,1.7684001
South-eastern Asia (FAO),,1969,1.8711001
South-eastern Asia (FAO),,1970,2.0165
South-eastern Asia (FAO),,1971,2.0083
South-eastern Asia (FAO),,1972,1.9615
South-eastern Asia (FAO),,1973,2.0492
South-eastern Asia (FAO),,1974,2.0578
South-eastern Asia (FAO),,1975,2.0537
South-eastern Asia (FAO),,1976,2.1386
South-eastern Asia (FAO),,1977,2.0454001
South-eastern Asia (FAO),,1978,2.1724
South-eastern Asia (FAO),,1979,2.2585
South-eastern Asia (FAO),,1980,2.4157
South-eastern Asia (FAO),,1981,2.5502
South-eastern Asia (FAO),,1982,2.6880002
South-eastern Asia (FAO),,1983,2.732
South-eastern Asia (FAO),,1984,2.8384001
South-eastern Asia (FAO),,1985,2.8449001
South-eastern Asia (FAO),,1986,2.8858001
South-eastern Asia (FAO),,1987,2.8706002
South-eastern Asia (FAO),,1988,2.9206002
South-eastern Asia (FAO),,1989,3.0102
South-eastern Asia (FAO),,1990,3.0415
South-eastern Asia (FAO),,1991,3.0848002
South-eastern Asia (FAO),,1992,3.1526003
South-eastern Asia (FAO),,1993,3.2065
South-eastern Asia (FAO),,1994,3.2618003
South-eastern Asia (FAO),,1995,3.2714
South-eastern Asia (FAO),,1996,3.3382
South-eastern Asia (FAO),,1997,3.3413002
South-eastern Asia (FAO),,1998,3.3222
South-eastern Asia (FAO),,1999,3.3811002
South-eastern Asia (FAO),,2000,3.5354002
South-eastern Asia (FAO),,2001,3.5856004
South-eastern Asia (FAO),,2002,3.7059002
South-eastern Asia (FAO),,2003,3.7507002
South-eastern Asia (FAO),,2004,3.8162
South-eastern Asia (FAO),,2005,3.8842
South-eastern Asia (FAO),,2006,3.9103003
South-eastern Asia (FAO),,2007,3.9705002
South-eastern Asia (FAO),,2008,4.1009
South-eastern Asia (FAO),,2009,4.1113
South-eastern Asia (FAO),,2010,4.0942
South-eastern Asia (FAO),,2011,4.1411004
South-eastern Asia (FAO),,2012,4.2327003
South-eastern Asia (FAO),,2013,4.2544003
South-eastern Asia (FAO),,2014,4.2779
South-eastern Asia (FAO),,2015,4.3255
South-eastern Asia (FAO),,2016,4.2050004
South-eastern Asia (FAO),,2017,4.2233
South-eastern Asia (FAO),,2018,4.3114
South-eastern Asia (FAO),,2019,4.2671003
South-eastern Asia (FAO),,2020,4.2382
South-eastern Asia (FAO),,2021,4.3047004
South-eastern Asia (FAO),,2022,4.3126
South-eastern Asia (FAO),,2023,4.3442006
South-eastern Asia (FAO),,2024,4.3341002
Southern Africa (FAO),,1961,1.8974001
Southern Africa (FAO),,1962,2.0348
Southern Africa (FAO),,1963,2.2961001
Southern Africa (FAO),,1964,2.24
Southern Africa (FAO),,1965,2.2691002
Southern Africa (FAO),,1966,2.4355001
Southern Africa (FAO),,1967,2.3226001
Southern Africa (FAO),,1968,2.0908
Southern Africa (FAO),,1969,2.4178002
Southern Africa (FAO),,1970,2.5224001
Southern Africa (FAO),,1971,2.4819
Southern Africa (FAO),,1972,2.8806002
Southern Africa (FAO),,1973,2.868
Southern Africa (FAO),,1974,2.749
Southern Africa (FAO),,1975,2.5465002
Southern Africa (FAO),,1976,2.5515
Southern Africa (FAO),,1977,2.5
Southern Africa (FAO),,1978,2.5
Southern Africa (FAO),,1979,2.5
Southern Africa (FAO),,1980,2.5
Southern Africa (FAO),,1981,2.4
Southern Africa (FAO),,1982,2.5591002
Southern Africa (FAO),,1983,2.6111002
Southern Africa (FAO),,1984,3.4947002
Southern Africa (FAO),,1985,3.5294
Southern Africa (FAO),,1986,3.5294
Southern Africa (FAO),,1987,3.5294
Southern Africa (FAO),,1988,3.5294
Southern Africa (FAO),,1989,3.5294
Southern Africa (FAO),,1990,3.5879002
Southern Africa (FAO),,1991,3.2847002
Southern Africa (FAO),,1992,2.8338
Southern Africa (FAO),,1993,2.5127
Southern Africa (FAO),,1994,2.536
Southern Africa (FAO),,1995,2.5776002
Southern Africa (FAO),,1996,2.325
Southern Africa (FAO),,1997,2.4115002
Southern Africa (FAO),,1998,2.3262
Southern Africa (FAO),,1999,2.3201003
Southern Africa (FAO),,2000,2.3394
Southern Africa (FAO),,2001,2.3504
Southern Africa (FAO),,2002,2.4471002
Southern Africa (FAO),,2003,2.4885
Southern Africa (FAO),,2004,2.5294
Southern Africa (FAO),,2005,2.5648003
Southern Africa (FAO),,2006,2.6018002
Southern Africa (FAO),,2007,2.6298
Southern Africa (FAO),,2008,2.6804001
Southern Africa (FAO),,2009,2.6964
Southern Africa (FAO),,2010,2.723
Southern Africa (FAO),,2011,2.7474
Southern Africa (FAO),,2012,2.8484
Southern Africa (FAO),,2013,2.7433002
Southern Africa (FAO),,2014,2.7873
Southern Africa (FAO),,2015,2.8449001
Southern Africa (FAO),,2016,2.8428001
Southern Africa (FAO),,2017,2.8363001
Southern Africa (FAO),,2018,2.9073002
Southern Africa (FAO),,2019,2.9993002
Southern Africa (FAO),,2020,2.8486001
Southern Africa (FAO),,2021,2.8491004
Southern Africa (FAO),,2022,2.8585002
Southern Africa (FAO),,2023,2.8603003
Southern Africa (FAO),,2024,2.8612
Southern Asia (FAO),,1961,1.5833001
Southern Asia (FAO),,1962,1.4484001
Southern Asia (FAO),,1963,1.6079001
Southern Asia (FAO),,1964,1.6520001
Southern Asia (FAO),,1965,1.4064001
Southern Asia (FAO),,1966,1.3849001
Southern Asia (FAO),,1967,1.6015
Southern Asia (FAO),,1968,1.674
Southern Asia (FAO),,1969,1.6823001
Southern Asia (FAO),,1970,1.7227
Southern Asia (FAO),,1971,1.7278001
Southern Asia (FAO),,1972,1.6432
Southern Asia (FAO),,1973,1.7831
Southern Asia (FAO),,1974,1.6519
Southern Asia (FAO),,1975,1.8884001
Southern Asia (FAO),,1976,1.7175001
Southern Asia (FAO),,1977,1.9800001
Southern Asia (FAO),,1978,2.0121
Southern Asia (FAO),,1979,1.7161001
Southern Asia (FAO),,1980,2.0335002
Southern Asia (FAO),,1981,2.0079002
Southern Asia (FAO),,1982,1.9299002
Southern Asia (FAO),,1983,2.2203002
Southern Asia (FAO),,1984,2.1589
Southern Asia (FAO),,1985,2.3154001
Southern Asia (FAO),,1986,2.2281003
Southern Asia (FAO),,1987,2.2371001
Southern Asia (FAO),,1988,2.4947
Southern Asia (FAO),,1989,2.5976002
Southern Asia (FAO),,1990,2.6028001
Southern Asia (FAO),,1991,2.6143003
Southern Asia (FAO),,1992,2.6483002
Southern Asia (FAO),,1993,2.7783003
Southern Asia (FAO),,1994,2.8111002
Southern Asia (FAO),,1995,2.6955001
Southern Asia (FAO),,1996,2.5989
Southern Asia (FAO),,1997,2.8078003
Southern Asia (FAO),,1998,2.8273
Southern Asia (FAO),,1999,3.0471003
Southern Asia (FAO),,2000,2.9543002
Southern Asia (FAO),,2001,3.1595001
Southern Asia (FAO),,2002,2.8776002
Southern Asia (FAO),,2003,3.1903002
Southern Asia (FAO),,2004,3.0732
Southern Asia (FAO),,2005,3.2448
Southern Asia (FAO),,2006,3.3039
Southern Asia (FAO),,2007,3.3907
Southern Asia (FAO),,2008,3.4578001
Southern Asia (FAO),,2009,3.4078002
Southern Asia (FAO),,2010,3.5181003
Southern Asia (FAO),,2011,3.7432
Southern Asia (FAO),,2012,3.8071003
Southern Asia (FAO),,2013,3.7969
Southern Asia (FAO),,2014,3.7749002
Southern Asia (FAO),,2015,3.795
Southern Asia (FAO),,2016,3.9173002
Southern Asia (FAO),,2017,3.9656003
Southern Asia (FAO),,2018,4.1103
Southern Asia (FAO),,2019,4.1904
Southern Asia (FAO),,2020,4.2050004
Southern Asia (FAO),,2021,4.3035
Southern Asia (FAO),,2022,4.3222003
Southern Asia (FAO),,2023,4.4423
Southern Asia (FAO),,2024,4.441
Southern Europe (FAO),,1961,5.4224
Southern Europe (FAO),,1962,5.3978
Southern Europe (FAO),,1963,5.0935
Southern Europe (FAO),,1964,5.2439003
Southern Europe (FAO),,1965,4.4618
Southern Europe (FAO),,1966,5.0139003
Southern Europe (FAO),,1967,5.2724004
Southern Europe (FAO),,1968,4.6312003
Southern Europe (FAO),,1969,5.2591004
Southern Europe (FAO),,1970,4.9467006
Southern Europe (FAO),,1971,5.0307
Southern Europe (FAO),,1972,4.4157004
Southern Europe (FAO),,1973,5.3631005
Southern Europe (FAO),,1974,5.3215003
Southern Europe (FAO),,1975,5.5456004
Southern Europe (FAO),,1976,4.9817004
Southern Europe (FAO),,1977,4.0851
Southern Europe (FAO),,1978,5.0373
Southern Europe (FAO),,1979,5.7198
Southern Europe (FAO),,1980,5.4628
Southern Europe (FAO),,1981,5.4529
Southern Europe (FAO),,1982,5.5197005
Southern Europe (FAO),,1983,5.3814
Southern Europe (FAO),,1984,5.5542006
Southern Europe (FAO),,1985,5.8986006
Southern Europe (FAO),,1986,5.8802004
Southern Europe (FAO),,1987,5.6849003
Southern Europe (FAO),,1988,5.5315003
Southern Europe (FAO),,1989,5.8009
Southern Europe (FAO),,1990,5.8675003
Southern Europe (FAO),,1991,5.9146004
Southern Europe (FAO),,1992,6.0160003
Southern Europe (FAO),,1993,5.8223
Southern Europe (FAO),,1994,5.9638
Southern Europe (FAO),,1995,5.813
Southern Europe (FAO),,1996,6.2616005
Southern Europe (FAO),,1997,6.4116006
Southern Europe (FAO),,1998,6.5212007
Southern Europe (FAO),,1999,6.7707005
Southern Europe (FAO),,2000,6.123
Southern Europe (FAO),,2001,6.4427004
Southern Europe (FAO),,2002,6.5768003
Southern Europe (FAO),,2003,6.6475005
Southern Europe (FAO),,2004,6.7702007
Southern Europe (FAO),,2005,6.5025005
Southern Europe (FAO),,2006,6.4762006
Southern Europe (FAO),,2007,6.7609
Southern Europe (FAO),,2008,6.4277005
Southern Europe (FAO),,2009,7.0210004
Southern Europe (FAO),,2010,6.5754004
Southern Europe (FAO),,2011,6.6106005
Southern Europe (FAO),,2012,7.1007004
Southern Europe (FAO),,2013,7.0331006
Southern Europe (FAO),,2014,6.8409004
Southern Europe (FAO),,2015,7.1146007
Southern Europe (FAO),,2016,7.0637007
Southern Europe (FAO),,2017,7.1272006
Southern Europe (FAO),,2018,6.9385004
Southern Europe (FAO),,2019,6.938
Southern Europe (FAO),,2020,6.8082004
Southern Europe (FAO),,2021,6.6389003
Southern Europe (FAO),,2022,5.9251003
Southern Europe (FAO),,2023,6.4864
Southern Europe (FAO),,2024,6.6636004
Spain,ESP,1961,6.3570004
Spain,ESP,1962,6.2246003
Spain,ESP,1963,6.3573003
Spain,ESP,1964,6.2111006
Spain,ESP,1965,5.9262004
Spain,ESP,1966,6.3519
Spain,ESP,1967,6.1173
Spain,ESP,1968,5.9889
Spain,ESP,1969,6.4544
Spain,ESP,1970,5.9487004
Spain,ESP,1971,5.9067006
Spain,ESP,1972,5.8511004
Spain,ESP,1973,6.2948003
Spain,ESP,1974,5.9951005
Spain,ESP,1975,6.0982003
Spain,ESP,1976,6.3469
Spain,ESP,1977,5.5847006
Spain,ESP,1978,5.8754
Spain,ESP,1979,6.2245
Spain,ESP,1980,6.3333
Spain,ESP,1981,6.4348
Spain,ESP,1982,5.9453
Spain,ESP,1983,5.4902005
Spain,ESP,1984,6.0329003
Spain,ESP,1985,6.1980004
Spain,ESP,1986,6.3245
Spain,ESP,1987,6.3284
Spain,ESP,1988,6.3404
Spain,ESP,1989,5.841
Spain,ESP,1990,6.3209004
Spain,ESP,1991,6.2082005
Spain,ESP,1992,6.4481006
Spain,ESP,1993,6.6694
Spain,ESP,1994,6.1109004
Spain,ESP,1995,6.0459003
Spain,ESP,1996,6.9838
Spain,ESP,1997,6.8295
Spain,ESP,1998,7.0657005
Spain,ESP,1999,7.5388002
Spain,ESP,2000,7.0661006
Spain,ESP,2001,7.5795
Spain,ESP,2002,7.2172008
Spain,ESP,2003,7.2766004
Spain,ESP,2004,7.2015004
Spain,ESP,2005,6.9166
Spain,ESP,2006,6.7992005
Spain,ESP,2007,7.1228004
Spain,ESP,2008,6.9220004
Spain,ESP,2009,7.6593003
Spain,ESP,2010,7.5936003
Spain,ESP,2011,7.5800004
Spain,ESP,2012,7.9739003
Spain,ESP,2013,7.7902007
Spain,ESP,2014,7.7985005
Spain,ESP,2015,7.7503004
Spain,ESP,2016,7.6451006
Spain,ESP,2017,7.7616005
Spain,ESP,2018,7.6077003
Spain,ESP,2019,7.5339003
Spain,ESP,2020,7.2431006
Spain,ESP,2021,7.2884
Spain,ESP,2022,6.2530003
Spain,ESP,2023,6.0613003
Spain,ESP,2024,7.0493
Sri Lanka,LKA,1961,1.8626001
Sri Lanka,LKA,1962,1.9539001
Sri Lanka,LKA,1963,1.9547
Sri Lanka,LKA,1964,1.9962001
Sri Lanka,LKA,1965,1.7696
Sri Lanka,LKA,1966,1.8365
Sri Lanka,LKA,1967,2.1259
Sri Lanka,LKA,1968,2.3968003
Sri Lanka,LKA,1969,2.5654001
Sri Lanka,LKA,1970,2.2485
Sri Lanka,LKA,1971,2.0119002
Sri Lanka,LKA,1972,2.0540001
Sri Lanka,LKA,1973,1.9539001
Sri Lanka,LKA,1974,2.0104
Sri Lanka,LKA,1975,1.9325001
Sri Lanka,LKA,1976,1.9712
Sri Lanka,LKA,1977,2.1441002
Sri Lanka,LKA,1978,2.2521002
Sri Lanka,LKA,1979,2.4282
Sri Lanka,LKA,1980,2.5897
Sri Lanka,LKA,1981,2.6462002
Sri Lanka,LKA,1982,2.8896003
Sri Lanka,LKA,1983,3.1977
Sri Lanka,LKA,1984,2.7316003
Sri Lanka,LKA,1985,3.0777001
Sri Lanka,LKA,1986,3.0944002
Sri Lanka,LKA,1987,3.1318002
Sri Lanka,LKA,1988,3.0367
Sri Lanka,LKA,1989,2.9916003
Sri Lanka,LKA,1990,3.0643003
Sri Lanka,LKA,1991,3.0215
Sri Lanka,LKA,1992,3.0544
Sri Lanka,LKA,1993,3.1350002
Sri Lanka,LKA,1994,2.9933002
Sri Lanka,LKA,1995,3.1586003
Sri Lanka,LKA,1996,3.1231003
Sri Lanka,LKA,1997,3.2451003
Sri Lanka,LKA,1998,3.5102
Sri Lanka,LKA,1999,3.2810001
Sri Lanka,LKA,2000,3.4374
Sri Lanka,LKA,2001,3.5228002
Sri Lanka,LKA,2002,3.4889002
Sri Lanka,LKA,2003,3.3696003
Sri Lanka,LKA,2004,3.6516004
Sri Lanka,LKA,2005,3.5465002
Sri Lanka,LKA,2006,3.6705003
Sri Lanka,LKA,2007,3.8337002
Sri Lanka,LKA,2008,3.68
Sri Lanka,LKA,2009,3.8748002
Sri Lanka,LKA,2010,4.0558004
Sri Lanka,LKA,2011,3.5699
Sri Lanka,LKA,2012,3.6057
Sri Lanka,LKA,2013,3.8897002
Sri Lanka,LKA,2014,3.8377001
Sri Lanka,LKA,2015,3.9794002
Sri Lanka,LKA,2016,3.8728004
Sri Lanka,LKA,2017,3.0103002
Sri Lanka,LKA,2018,3.7752001
Sri Lanka,LKA,2019,4.7954
Sri Lanka,LKA,2020,4.8021
Sri Lanka,LKA,2021,4.5709
Sri Lanka,LKA,2022,3.045
Sri Lanka,LKA,2023,3.8815002
Sri Lanka,LKA,2024,4.1511
Sudan,SDN,2012,4.7619
Sudan,SDN,2013,4.959
Sudan,SDN,2014,1.6199001
Sudan,SDN,2015,6.3492007
Sudan,SDN,2016,5.8824
Sudan,SDN,2017,4.0816
Sudan,SDN,2018,3.9578001
Sudan,SDN,2019,4.1594
Sudan,SDN,2020,4.3714
Sudan,SDN,2021,4.4205003
Sudan,SDN,2022,4.4233
Sudan,SDN,2023,4.4357004
Sudan,SDN,2024,4.4411
Sudan (former),OWID_SDN,1961,1.4095001
Sudan (former),OWID_SDN,1962,1.7738001
Sudan (former),OWID_SDN,1963,1.0566
Sudan (former),OWID_SDN,1964,0.5095
Sudan (former),OWID_SDN,1965,0.86490005
Sudan (former),OWID_SDN,1966,0.8401
Sudan (former),OWID_SDN,1967,0.7631
Sudan (former),OWID_SDN,1968,0.60370004
Sudan (former),OWID_SDN,1969,0.8766
Sudan (former),OWID_SDN,1970,1.1903001
Sudan (former),OWID_SDN,1971,1.1902
Sudan (former),OWID_SDN,1972,0.9919001
Sudan (former),OWID_SDN,1973,1.0987
Sudan (former),OWID_SDN,1974,1.1652
Sudan (former),OWID_SDN,1975,0.99170005
Sudan (former),OWID_SDN,1976,1.2696
Sudan (former),OWID_SDN,1977,1.1053001
Sudan (former),OWID_SDN,1978,0.9524001
Sudan (former),OWID_SDN,1979,0.8
Sudan (former),OWID_SDN,1980,0.63490003
Sudan (former),OWID_SDN,1981,1.1429001
Sudan (former),OWID_SDN,1982,0.5
Sudan (former),OWID_SDN,1983,0.9921
Sudan (former),OWID_SDN,1984,0.9524001
Sudan (former),OWID_SDN,1985,1.0556
Sudan (former),OWID_SDN,1986,1.0667
Sudan (former),OWID_SDN,1987,1
Sudan (former),OWID_SDN,1988,1
Sudan (former),OWID_SDN,1989,1
Sudan (former),OWID_SDN,1990,1.25
Sudan (former),OWID_SDN,1991,1
Sudan (former),OWID_SDN,1992,1
Sudan (former),OWID_SDN,1993,1
Sudan (former),OWID_SDN,1994,2
Sudan (former),OWID_SDN,1995,1
Sudan (former),OWID_SDN,1996,0.68970007
Sudan (former),OWID_SDN,1997,0.57140005
Sudan (former),OWID_SDN,1998,0.625
Sudan (former),OWID_SDN,1999,1.1957
Sudan (former),OWID_SDN,2000,1.4545001
Sudan (former),OWID_SDN,2001,2.5
Sudan (former),OWID_SDN,2002,3.7500002
Sudan (former),OWID_SDN,2003,4.8250003
Sudan (former),OWID_SDN,2004,4.0282
Sudan (former),OWID_SDN,2005,4.8816004
Sudan (former),OWID_SDN,2006,4.3289003
Sudan (former),OWID_SDN,2007,4.5132003
Sudan (former),OWID_SDN,2008,5.0952005
Sudan (former),OWID_SDN,2009,4.5733
Sudan (former),OWID_SDN,2010,4.6987004
Sudan (former),OWID_SDN,2011,4.6987004
Suriname,SUR,1961,2.7922
Suriname,SUR,1962,2.9242
Suriname,SUR,1963,2.7203002
Suriname,SUR,1964,2.9053001
Suriname,SUR,1965,2.9982002
Suriname,SUR,1966,3.3478003
Suriname,SUR,1967,3.5485
Suriname,SUR,1968,3.278
Suriname,SUR,1969,3.4913
Suriname,SUR,1970,3.7156003
Suriname,SUR,1971,3.3943002
Suriname,SUR,1972,3.2871003
Suriname,SUR,1973,3.6471002
Suriname,SUR,1974,3.6619
Suriname,SUR,1975,3.6809
Suriname,SUR,1976,3.5640001
Suriname,SUR,1977,4.0818005
Suriname,SUR,1978,4.057
Suriname,SUR,1979,4.006
Suriname,SUR,1980,3.9662
Suriname,SUR,1981,3.9638002
Suriname,SUR,1982,4.1495004
Suriname,SUR,1983,3.6535
Suriname,SUR,1984,4.0387
Suriname,SUR,1985,3.9950001
Suriname,SUR,1986,3.9921002
Suriname,SUR,1987,3.8170002
Suriname,SUR,1988,3.8154001
Suriname,SUR,1989,3.7345002
Suriname,SUR,1990,3.7691002
Suriname,SUR,1991,3.8156004
Suriname,SUR,1992,3.7975001
Suriname,SUR,1993,3.6987002
Suriname,SUR,1994,3.6325002
Suriname,SUR,1995,3.5186002
Suriname,SUR,1996,3.7025
Suriname,SUR,1997,3.9827
Suriname,SUR,1998,3.7581003
Suriname,SUR,1999,3.7205002
Suriname,SUR,2000,3.897
Suriname,SUR,2001,3.7671003
Suriname,SUR,2002,3.9227002
Suriname,SUR,2003,3.6945002
Suriname,SUR,2004,3.5596004
Suriname,SUR,2005,3.5984
Suriname,SUR,2006,4.1296005
Suriname,SUR,2007,4.2534003
Suriname,SUR,2008,4.1892004
Suriname,SUR,2009,4.2092004
Suriname,SUR,2010,4.2329
Suriname,SUR,2011,4.1331005
Suriname,SUR,2012,4.3622003
Suriname,SUR,2013,4.4965
Suriname,SUR,2014,4.4341
Suriname,SUR,2015,4.5309
Suriname,SUR,2016,4.4341
Suriname,SUR,2017,4.8805003
Suriname,SUR,2018,4.8698
Suriname,SUR,2019,4.557
Suriname,SUR,2020,4.3196
Suriname,SUR,2021,4.6385
Suriname,SUR,2022,3.7630002
Suriname,SUR,2023,4.4107003
Suriname,SUR,2024,4.4477005
Syria,SYR,1961,2.5
Syria,SYR,1962,2.6100001
Syria,SYR,1963,2.4473002
Syria,SYR,1964,2
Syria,SYR,1965,1.9091
Syria,SYR,1966,2.3203
Syria,SYR,1967,2.3293002
Syria,SYR,1968,1.9493002
Syria,SYR,1969,2.2694001
Syria,SYR,1970,1.8171
Syria,SYR,1971,1.5345001
Syria,SYR,1972,2.6038
Syria,SYR,1973,0.66670007
Syria,SYR,1974,4.4389
Syria,SYR,1975,4.9838
Syria,SYR,1976,3.6881003
Syria,SYR,1977,3.0000002
Syria,SYR,1978,2
Syria,SYR,1979,2
Syria,SYR,1980,4.5
Syria,SYR,1981,5
Syria,SYR,1982,5
Syria,SYR,1983,5
Syria,SYR,1984,5
Syria,SYR,1985,5
Syria,SYR,1986,5
Syria,SYR,1987,5
Syria,SYR,1988,5
Syria,SYR,1989,5
Syria,SYR,1990,5.5714
Syria,SYR,1991,7.4118004
Syria,SYR,1992,7.4211006
Syria,SYR,1993,7.6000004
Syria,SYR,1994,10.1765
Syria,SYR,1995,9.7222
Syria,SYR,1996,5
Taiwan,TWN,1961,3.2663002
Taiwan,TWN,1962,3.3723001
Taiwan,TWN,1963,3.3583002
Taiwan,TWN,1964,3.7244
Taiwan,TWN,1965,3.8454
Taiwan,TWN,1966,3.8086002
Taiwan,TWN,1967,3.8647
Taiwan,TWN,1968,4.0166
Taiwan,TWN,1969,3.7126002
Taiwan,TWN,1970,3.9944
Taiwan,TWN,1971,3.8744001
Taiwan,TWN,1972,4.1429
Taiwan,TWN,1973,3.9310002
Taiwan,TWN,1974,3.9931004
Taiwan,TWN,1975,4.0085
Taiwan,TWN,1976,4.3536005
Taiwan,TWN,1977,4.3095
Taiwan,TWN,1978,4.112
Taiwan,TWN,1979,4.2964
Taiwan,TWN,1980,4.6537004
Taiwan,TWN,1981,4.5044003
Taiwan,TWN,1982,4.7641006
Taiwan,TWN,1983,4.8706
Taiwan,TWN,1984,4.8419003
Taiwan,TWN,1985,4.8784003
Taiwan,TWN,1986,4.6966004
Taiwan,TWN,1987,4.7907004
Taiwan,TWN,1988,4.9503
Taiwan,TWN,1989,4.9537005
Taiwan,TWN,1990,5.0272
Taiwan,TWN,1991,5.3909
Taiwan,TWN,1992,5.2118
Taiwan,TWN,1993,5.7119
Taiwan,TWN,1994,5.6348
Taiwan,TWN,1995,5.7004004
Taiwan,TWN,1996,5.5524
Taiwan,TWN,1997,5.6064
Taiwan,TWN,1998,5.1975
Taiwan,TWN,1999,5.4271
Taiwan,TWN,2000,5.6127005
Taiwan,TWN,2001,5.1984
Taiwan,TWN,2002,5.8774004
Taiwan,TWN,2003,6.0571003
Taiwan,TWN,2004,6.0486
Taiwan,TWN,2005,5.4540005
Taiwan,TWN,2006,5.9199004
Taiwan,TWN,2007,5.2417006
Taiwan,TWN,2008,5.7757006
Taiwan,TWN,2009,6.1989
Taiwan,TWN,2010,5.9501004
Taiwan,TWN,2011,6.5536003
Taiwan,TWN,2012,6.5202007
Taiwan,TWN,2013,5.8835
Taiwan,TWN,2014,6.3907003
Taiwan,TWN,2015,6.2802005
Taiwan,TWN,2016,5.7983003
Taiwan,TWN,2017,6.3859
Taiwan,TWN,2018,7.1814003
Taiwan,TWN,2019,6.6325
Taiwan,TWN,2020,6.6877007
Taiwan,TWN,2021,6.9675
Taiwan,TWN,2022,6.6015005
Taiwan,TWN,2023,6.5660005
Taiwan,TWN,2024,6.5720005
Tajikistan,TJK,1992,2.0184002
Tajikistan,TJK,1993,1.8306
Tajikistan,TJK,1994,1.5385001
Tajikistan,TJK,1995,1.8000001
Tajikistan,TJK,1996,1.7268001
Tajikistan,TJK,1997,2.7093003
Tajikistan,TJK,1998,2.4566002
Tajikistan,TJK,1999,2.4908001
Tajikistan,TJK,2000,3.7900002
Tajikistan,TJK,2001,2.6100001
Tajikistan,TJK,2002,2.8523002
Tajikistan,TJK,2003,3.4604
Tajikistan,TJK,2004,3.6408002
Tajikistan,TJK,2005,3.2844
Tajikistan,TJK,2006,3.1415002
Tajikistan,TJK,2007,3.0707002
Tajikistan,TJK,2008,5.2616005
Tajikistan,TJK,2009,4.3558
Tajikistan,TJK,2010,5.1740003
Tajikistan,TJK,2011,5.8186
Tajikistan,TJK,2012,6.2517004
Tajikistan,TJK,2013,6.6592007
Tajikistan,TJK,2014,7.1960006
Tajikistan,TJK,2015,7.2909
Tajikistan,TJK,2016,7.0534
Tajikistan,TJK,2017,7.8042006
Tajikistan,TJK,2018,7.649
Tajikistan,TJK,2019,8.588201
Tajikistan,TJK,2020,10.3411
Tajikistan,TJK,2021,10.900001
Tajikistan,TJK,2022,11.3836
Tajikistan,TJK,2023,12.948201
Tajikistan,TJK,2024,13.3858
Tanzania,TZA,1961,1.1463001
Tanzania,TZA,1962,1.253
Tanzania,TZA,1963,1.5913001
Tanzania,TZA,1964,1.3393002
Tanzania,TZA,1965,1.3028
Tanzania,TZA,1966,1.0479001
Tanzania,TZA,1967,0.9972001
Tanzania,TZA,1968,0.81250006
Tanzania,TZA,1969,0.97670007
Tanzania,TZA,1970,0.87420005
Tanzania,TZA,1971,1.1176001
Tanzania,TZA,1972,1.2065
Tanzania,TZA,1973,2.3008
Tanzania,TZA,1974,1.3681
Tanzania,TZA,1975,1.299
Tanzania,TZA,1976,1.2959001
Tanzania,TZA,1977,1.2922
Tanzania,TZA,1978,1.5000001
Tanzania,TZA,1979,1.0077001
Tanzania,TZA,1980,1.1878
Tanzania,TZA,1981,0.71430004
Tanzania,TZA,1982,1.0667
Tanzania,TZA,1983,1.5583001
Tanzania,TZA,1984,1.3104001
Tanzania,TZA,1985,1.8081001
Tanzania,TZA,1986,2.0006
Tanzania,TZA,1987,1.8355001
Tanzania,TZA,1988,1.7837
Tanzania,TZA,1989,1.8646001
Tanzania,TZA,1990,1.9246001
Tanzania,TZA,1991,1.6941
Tanzania,TZA,1992,1.2794001
Tanzania,TZA,1993,1.8123001
Tanzania,TZA,1994,1.7422
Tanzania,TZA,1995,1.5802001
Tanzania,TZA,1996,1.5715001
Tanzania,TZA,1997,1.2513001
Tanzania,TZA,1998,1.2973001
Tanzania,TZA,1999,1.9219002
Tanzania,TZA,2000,1.8805001
Tanzania,TZA,2001,2.1379
Tanzania,TZA,2002,1.7408001
Tanzania,TZA,2003,1.7670001
Tanzania,TZA,2004,1.7263001
Tanzania,TZA,2005,1.6634
Tanzania,TZA,2006,1.9031
Tanzania,TZA,2007,2.4048002
Tanzania,TZA,2008,1.6004001
Tanzania,TZA,2009,1.6568002
Tanzania,TZA,2010,2.3323002
Tanzania,TZA,2011,2.0086
Tanzania,TZA,2012,2.2525
Tanzania,TZA,2013,2.3643003
Tanzania,TZA,2014,2.7381003
Tanzania,TZA,2015,2.5812001
Tanzania,TZA,2016,2.7698002
Tanzania,TZA,2017,2.2343001
Tanzania,TZA,2018,3.3060002
Tanzania,TZA,2019,3.3013003
Tanzania,TZA,2020,3.3047001
Tanzania,TZA,2021,2.9939
Tanzania,TZA,2022,2.9123
Tanzania,TZA,2023,2.9900002
Tanzania,TZA,2024,3.1056004
Thailand,THA,1961,1.6585001
Thailand,THA,1962,1.7202001
Thailand,THA,1963,1.8725001
Thailand,THA,1964,1.8384001
Thailand,THA,1965,1.7805
Thailand,THA,1966,1.8360001
Thailand,THA,1967,1.7497001
Thailand,THA,1968,1.7882
Thailand,THA,1969,1.8474001
Thailand,THA,1970,2.0207
Thailand,THA,1971,1.9369001
Thailand,THA,1972,1.8308002
Thailand,THA,1973,1.9242
Thailand,THA,1974,1.8254001
Thailand,THA,1975,1.8308002
Thailand,THA,1976,1.845
Thailand,THA,1977,1.5910001
Thailand,THA,1978,1.9552001
Thailand,THA,1979,1.8209001
Thailand,THA,1980,1.8878001
Thailand,THA,1981,1.9521
Thailand,THA,1982,1.8880001
Thailand,THA,1983,2.0351
Thailand,THA,1984,2.0670002
Thailand,THA,1985,2.0608
Thailand,THA,1986,2.0522
Thailand,THA,1987,2.0147
Thailand,THA,1988,2.1465
Thailand,THA,1989,2.0853002
Thailand,THA,1990,1.9556
Thailand,THA,1991,2.217
Thailand,THA,1992,2.1908002
Thailand,THA,1993,2.2084
Thailand,THA,1994,2.2929
Thailand,THA,1995,2.3371003
Thailand,THA,1996,2.3996003
Thailand,THA,1997,2.3827
Thailand,THA,1998,2.4365
Thailand,THA,1999,2.3891003
Thailand,THA,2000,2.5675
Thailand,THA,2001,2.7963002
Thailand,THA,2002,2.9041002
Thailand,THA,2003,2.9354
Thailand,THA,2004,2.9073002
Thailand,THA,2005,2.9649
Thailand,THA,2006,2.9528003
Thailand,THA,2007,2.9786003
Thailand,THA,2008,3.0149
Thailand,THA,2009,2.9743001
Thailand,THA,2010,2.9089
Thailand,THA,2011,3.1013002
Thailand,THA,2012,3.2144
Thailand,THA,2013,3.1931002
Thailand,THA,2014,3.0714002
Thailand,THA,2015,2.9189
Thailand,THA,2016,2.8749
Thailand,THA,2017,3.0172
Thailand,THA,2018,3.0614
Thailand,THA,2019,3.0019
Thailand,THA,2020,2.8762002
Thailand,THA,2021,2.9275002
Thailand,THA,2022,2.9781003
Thailand,THA,2023,2.9854
Thailand,THA,2024,2.9827
Togo,TGO,1961,1.269
Togo,TGO,1962,0.7126
Togo,TGO,1963,1.1498001
Togo,TGO,1964,1.0148001
Togo,TGO,1965,0.5783
Togo,TGO,1966,0.5858
Togo,TGO,1967,1.0011001
Togo,TGO,1968,0.63040006
Togo,TGO,1969,0.625
Togo,TGO,1970,0.58290005
Togo,TGO,1971,0.9049001
Togo,TGO,1972,0.81250006
Togo,TGO,1973,1.3116001
Togo,TGO,1974,1.3599001
Togo,TGO,1975,1.4026
Togo,TGO,1976,1.3147
Togo,TGO,1977,0.998
Togo,TGO,1978,1.0628
Togo,TGO,1979,0.8001
Togo,TGO,1980,0.79890007
Togo,TGO,1981,0.8018
Togo,TGO,1982,0.5741
Togo,TGO,1983,0.46240002
Togo,TGO,1984,0.8417001
Togo,TGO,1985,0.6998
Togo,TGO,1986,1.1508001
Togo,TGO,1987,1.4963001
Togo,TGO,1988,1.1382
Togo,TGO,1989,1.3931
Togo,TGO,1990,1.3098001
Togo,TGO,1991,1.5665001
Togo,TGO,1992,1.8509
Togo,TGO,1993,1.1975001
Togo,TGO,1994,0.9498
Togo,TGO,1995,1.2221
Togo,TGO,1996,1.332
Togo,TGO,1997,2.6977
Togo,TGO,1998,2.0441
Togo,TGO,1999,2.1254
Togo,TGO,2000,1.9223001
Togo,TGO,2001,1.9324001
Togo,TGO,2002,2.1627
Togo,TGO,2003,2.17
Togo,TGO,2004,2.1228
Togo,TGO,2005,2.209
Togo,TGO,2006,2.483
Togo,TGO,2007,2.2836
Togo,TGO,2008,2.3441002
Togo,TGO,2009,2.654
Togo,TGO,2010,2.3228002
Togo,TGO,2011,2.5101001
Togo,TGO,2012,1.6724001
Togo,TGO,2013,1.817
Togo,TGO,2014,1.7633002
Togo,TGO,2015,1.7273002
Togo,TGO,2016,1.6536001
Togo,TGO,2017,1.6650001
Togo,TGO,2018,1.6760001
Togo,TGO,2019,1.6398001
Togo,TGO,2020,1.6845001
Togo,TGO,2021,1.6869001
Togo,TGO,2022,1.6968001
Togo,TGO,2023,1.8093002
Togo,TGO,2024,1.7394001
Trinidad and Tobago,TTO,1961,2.2379
Trinidad and Tobago,TTO,1962,2.2363002
Trinidad and Tobago,TTO,1963,2.2366002
Trinidad and Tobago,TTO,1964,2.2440002
Trinidad and Tobago,TTO,1965,2.2517002
Trinidad and Tobago,TTO,1966,2.2472
Trinidad and Tobago,TTO,1967,2.4706001
Trinidad and Tobago,TTO,1968,2.4646003
Trinidad and Tobago,TTO,1969,2.5753002
Trinidad and Tobago,TTO,1970,2.7521002
Trinidad and Tobago,TTO,1971,2.8018003
Trinidad and Tobago,TTO,1972,2.8023002
Trinidad and Tobago,TTO,1973,2.8023002
Trinidad and Tobago,TTO,1974,2.8042002
Trinidad and Tobago,TTO,1975,2.5078
Trinidad and Tobago,TTO,1976,2.8023002
Trinidad and Tobago,TTO,1977,2.8082001
Trinidad and Tobago,TTO,1978,2.8023002
Trinidad and Tobago,TTO,1979,3.3623002
Trinidad and Tobago,TTO,1980,3.3595002
Trinidad and Tobago,TTO,1981,3.3591003
Trinidad and Tobago,TTO,1982,3.3584
Trinidad and Tobago,TTO,1983,3.3574002
Trinidad and Tobago,TTO,1984,2.2395
Trinidad and Tobago,TTO,1985,2.0831
Trinidad and Tobago,TTO,1986,2.1768003
Trinidad and Tobago,TTO,1987,2.4478002
Trinidad and Tobago,TTO,1988,2.6711001
Trinidad and Tobago,TTO,1989,2.5017002
Trinidad and Tobago,TTO,1990,3.1397002
Trinidad and Tobago,TTO,1991,3.0769
Trinidad and Tobago,TTO,1992,3.6703002
Trinidad and Tobago,TTO,1993,3.2408001
Trinidad and Tobago,TTO,1994,3.7264001
Trinidad and Tobago,TTO,1995,3.9204001
Trinidad and Tobago,TTO,1996,3.5716002
Trinidad and Tobago,TTO,1997,2.2653003
Trinidad and Tobago,TTO,1998,2.3457
Trinidad and Tobago,TTO,1999,1.5548002
Trinidad and Tobago,TTO,2000,2.2343001
Trinidad and Tobago,TTO,2001,1.1650001
Trinidad and Tobago,TTO,2002,1.294
Trinidad and Tobago,TTO,2003,0.90520006
Trinidad and Tobago,TTO,2004,0.9556
Trinidad and Tobago,TTO,2005,1.041
Trinidad and Tobago,TTO,2006,0.82670003
Trinidad and Tobago,TTO,2007,1.1059
Trinidad and Tobago,TTO,2008,1.2269001
Trinidad and Tobago,TTO,2009,1.1398001
Trinidad and Tobago,TTO,2010,1.1398001
Trinidad and Tobago,TTO,2011,1.1404
Trinidad and Tobago,TTO,2012,0.8768
Trinidad and Tobago,TTO,2013,1.1404
Trinidad and Tobago,TTO,2014,0.8771
Trinidad and Tobago,TTO,2015,0.5721
Trinidad and Tobago,TTO,2016,0.8769001
Trinidad and Tobago,TTO,2017,1.1408001
Trinidad and Tobago,TTO,2018,1.0856
Trinidad and Tobago,TTO,2019,0.97880006
Trinidad and Tobago,TTO,2020,0.8924001
Trinidad and Tobago,TTO,2021,0.93500006
Trinidad and Tobago,TTO,2022,0.97510004
Trinidad and Tobago,TTO,2023,0.97650003
Trinidad and Tobago,TTO,2024,0.9757001
Turkey,TUR,1961,3.9542
Turkey,TUR,1962,3.3951004
Turkey,TUR,1963,3.9400003
Turkey,TUR,1964,4.7629004
Turkey,TUR,1965,4.334
Turkey,TUR,1966,3.8462002
Turkey,TUR,1967,3.8883002
Turkey,TUR,1968,4.5556
Turkey,TUR,1969,3.7398002
Turkey,TUR,1970,4.0409
Turkey,TUR,1971,4.4877005
Turkey,TUR,1972,3.9863002
Turkey,TUR,1973,4.4538
Turkey,TUR,1974,4.3103
Turkey,TUR,1975,4.5662003
Turkey,TUR,1976,4.8759003
Turkey,TUR,1977,4.7455
Turkey,TUR,1978,4.5243
Turkey,TUR,1979,5
Turkey,TUR,1980,4.5827003
Turkey,TUR,1981,4.5361004
Turkey,TUR,1982,4.5249
Turkey,TUR,1983,4.5
Turkey,TUR,1984,4.3786
Turkey,TUR,1985,4.5166
Turkey,TUR,1986,5
Turkey,TUR,1987,5.1887007
Turkey,TUR,1988,5.1497006
Turkey,TUR,1989,5
Turkey,TUR,1990,4.9625
Turkey,TUR,1991,4.9505
Turkey,TUR,1992,5.0026
Turkey,TUR,1993,5.0176005
Turkey,TUR,1994,5.0554004
Turkey,TUR,1995,5.0045004
Turkey,TUR,1996,5.1114
Turkey,TUR,1997,5.0005
Turkey,TUR,1998,5.2601004
Turkey,TUR,1999,5.2321005
Turkey,TUR,2000,6.0492005
Turkey,TUR,2001,6.1017003
Turkey,TUR,2002,6.0192003
Turkey,TUR,2003,5.7231
Turkey,TUR,2004,7.0010004
Turkey,TUR,2005,7.0664
Turkey,TUR,2006,7.0273004
Turkey,TUR,2007,6.9084
Turkey,TUR,2008,7.5716004
Turkey,TUR,2009,7.7765
Turkey,TUR,2010,8.6899
Turkey,TUR,2011,9.055901
Turkey,TUR,2012,7.3539004
Turkey,TUR,2013,8.1380005
Turkey,TUR,2014,7.6393003
Turkey,TUR,2015,7.9409003
Turkey,TUR,2016,7.927201
Turkey,TUR,2017,8.218801
Turkey,TUR,2018,7.8244004
Turkey,TUR,2019,7.9102006
Turkey,TUR,2020,7.8151007
Turkey,TUR,2021,7.7235003
Turkey,TUR,2022,7.8831005
Turkey,TUR,2023,8.027101
Turkey,TUR,2024,7.9051003
Turkmenistan,TKM,1992,2.2794
Turkmenistan,TKM,1993,2.2746003
Turkmenistan,TKM,1994,2.4865
Turkmenistan,TKM,1995,2.7103002
Turkmenistan,TKM,1996,1.2750001
Turkmenistan,TKM,1997,0.8406
Turkmenistan,TKM,1998,0.68500006
Turkmenistan,TKM,1999,1.11
Turkmenistan,TKM,2000,0.39000002
Turkmenistan,TKM,2001,1.1143001
Turkmenistan,TKM,2002,1.9048002
Turkmenistan,TKM,2003,2.6071002
Turkmenistan,TKM,2004,2.2
Turkmenistan,TKM,2005,2.1818001
Turkmenistan,TKM,2006,2.4107
Turkmenistan,TKM,2007,1.3000001
Turkmenistan,TKM,2008,1.1
Turkmenistan,TKM,2009,1.6
Turkmenistan,TKM,2010,1.7
Turkmenistan,TKM,2011,1.5000001
Turkmenistan,TKM,2012,4.3575
Turkmenistan,TKM,2013,4.2778
Turkmenistan,TKM,2014,4.2077003
Turkmenistan,TKM,2015,4.4809003
Turkmenistan,TKM,2016,4.3454003
Turkmenistan,TKM,2017,4.1201005
Turkmenistan,TKM,2018,4.1148
Turkmenistan,TKM,2019,4.0298004
Turkmenistan,TKM,2020,4.2309003
Turkmenistan,TKM,2021,4.4275002
Turkmenistan,TKM,2022,4.4525003
Turkmenistan,TKM,2023,4.4259
Turkmenistan,TKM,2024,4.5415
USSR,OWID_USS,1961,1.9449002
USSR,OWID_USS,1962,2.1261003
USSR,OWID_USS,1963,2.381
USSR,OWID_USS,1964,2.2932
USSR,OWID_USS,1965,2.5
USSR,OWID_USS,1966,2.6694
USSR,OWID_USS,1967,2.9644
USSR,OWID_USS,1968,3.1699
USSR,OWID_USS,1969,3.1372
USSR,OWID_USS,1970,3.4
USSR,OWID_USS,1971,3.4077
USSR,OWID_USS,1972,3.6390002
USSR,OWID_USS,1973,3.5498002
USSR,OWID_USS,1974,3.5939
USSR,OWID_USS,1975,3.7400002
USSR,OWID_USS,1976,3.5496004
USSR,OWID_USS,1977,3.7729
USSR,OWID_USS,1978,3.3862002
USSR,OWID_USS,1979,3.6574001
USSR,OWID_USS,1980,3.8949
USSR,OWID_USS,1981,3.6498003
USSR,OWID_USS,1982,3.5586002
USSR,OWID_USS,1983,3.7321002
USSR,OWID_USS,1984,3.6915002
USSR,OWID_USS,1985,3.5757
USSR,OWID_USS,1986,3.8747
USSR,OWID_USS,1987,3.6956003
USSR,OWID_USS,1988,3.8703003
USSR,OWID_USS,1989,3.4329
USSR,OWID_USS,1990,3.5283003
USSR,OWID_USS,1991,3.3136003
Uganda,UGA,1961,1.2167
Uganda,UGA,1962,1.2512
Uganda,UGA,1963,1.1991
Uganda,UGA,1964,1.1599001
Uganda,UGA,1965,1.1875
Uganda,UGA,1966,2.066
Uganda,UGA,1967,1.304
Uganda,UGA,1968,0.5736
Uganda,UGA,1969,0.68100005
Uganda,UGA,1970,0.73230004
Uganda,UGA,1971,0.91670007
Uganda,UGA,1972,0.8771
Uganda,UGA,1973,0.88780004
Uganda,UGA,1974,0.8671
Uganda,UGA,1975,0.8939001
Uganda,UGA,1976,1.1881
Uganda,UGA,1977,1.0714
Uganda,UGA,1978,1.0533001
Uganda,UGA,1979,1.25
Uganda,UGA,1980,1.5455
Uganda,UGA,1981,1.25
Uganda,UGA,1982,1.2667
Uganda,UGA,1983,1.2941
Uganda,UGA,1984,1.1765001
Uganda,UGA,1985,1.3571
Uganda,UGA,1986,1.1053001
Uganda,UGA,1987,1.25
Uganda,UGA,1988,1.3529001
Uganda,UGA,1989,1.4063001
Uganda,UGA,1990,1.3846
Uganda,UGA,1991,1.3556
Uganda,UGA,1992,1.36
Uganda,UGA,1993,1.3962001
Uganda,UGA,1994,1.4000001
Uganda,UGA,1995,1.4000001
Uganda,UGA,1996,1.4138001
Uganda,UGA,1997,1.3333001
Uganda,UGA,1998,1.4063001
Uganda,UGA,1999,1.3971001
Uganda,UGA,2000,1.5139
Uganda,UGA,2001,1.5000001
Uganda,UGA,2002,1.5000001
Uganda,UGA,2003,1.5349001
Uganda,UGA,2004,1.3011
Uganda,UGA,2005,1.5000001
Uganda,UGA,2006,1.3628001
Uganda,UGA,2007,1.3613001
Uganda,UGA,2008,1.3895
Uganda,UGA,2009,2.3926003
Uganda,UGA,2010,2.5070002
Uganda,UGA,2011,2.5889
Uganda,UGA,2012,2.3043
Uganda,UGA,2013,2.3011003
Uganda,UGA,2014,2.4948
Uganda,UGA,2015,2.5
Uganda,UGA,2016,2.0098002
Uganda,UGA,2017,1.5808002
Uganda,UGA,2018,0.99630004
Uganda,UGA,2019,0.94350004
Uganda,UGA,2020,1.2443001
Uganda,UGA,2021,1.4973001
Uganda,UGA,2022,1.5022
Uganda,UGA,2023,1.5870001
Uganda,UGA,2024,1.3043001
Ukraine,UKR,1992,3.7722
Ukraine,UKR,1993,2.9565
Ukraine,UKR,1994,3.5909002
Ukraine,UKR,1995,3.6409001
Ukraine,UKR,1996,3.5518003
Ukraine,UKR,1997,2.8889
Ukraine,UKR,1998,3.0286002
Ukraine,UKR,1999,2.9041002
Ukraine,UKR,2000,3.5595002
Ukraine,UKR,2001,3.6548002
Ukraine,UKR,2002,3.9894001
Ukraine,UKR,2003,3.7500002
Ukraine,UKR,2004,3.7746003
Ukraine,UKR,2005,4.3458
Ukraine,UKR,2006,4.6065
Ukraine,UKR,2007,5.1185
Ukraine,UKR,2008,5.0859003
Ukraine,UKR,2009,5.8327003
Ukraine,UKR,2010,5.0512004
Ukraine,UKR,2011,5.7399
Ukraine,UKR,2012,6.1938
Ukraine,UKR,2013,5.9938
Ukraine,UKR,2014,4.9882007
Ukraine,UKR,2015,5.3427005
Ukraine,UKR,2016,5.3917003
Ukraine,UKR,2017,5.0346003
Ukraine,UKR,2018,5.4929004
Ukraine,UKR,2019,5.1971
Ukraine,UKR,2020,5.4179
Ukraine,UKR,2021,4.899
Ukraine,UKR,2022,4.4143
Ukraine,UKR,2023,5.0364003
Ukraine,UKR,2024,5
United States,USA,1961,3.8227
United States,USA,1962,4.1785
United States,USA,1963,4.4449
United States,USA,1964,4.5906005
United States,USA,1965,4.7693
United States,USA,1966,4.8442006
United States,USA,1967,5.0851
United States,USA,1968,4.96
United States,USA,1969,4.8399
United States,USA,1970,5.1763
United States,USA,1971,5.2882004
United States,USA,1972,5.2679
United States,USA,1973,4.7911005
United States,USA,1974,4.977
United States,USA,1975,5.1086
United States,USA,1976,5.2268
United States,USA,1977,4.945
United States,USA,1978,5.0257006
United States,USA,1979,5.1548
United States,USA,1980,4.9461
United States,USA,1981,5.4015
United States,USA,1982,5.2791004
United States,USA,1983,5.1532006
United States,USA,1984,5.5523
United States,USA,1985,6.0704
United States,USA,1986,6.334
United States,USA,1987,6.2271004
United States,USA,1988,6.1801004
United States,USA,1989,6.4466004
United States,USA,1990,6.1975
United States,USA,1991,6.4231005
United States,USA,1992,6.4294004
United States,USA,1993,6.1763
United States,USA,1994,6.6851006
United States,USA,1995,6.3007007
United States,USA,1996,6.8593
United States,USA,1997,6.6099
United States,USA,1998,6.3473
United States,USA,1999,6.5753
United States,USA,2000,7.0397005
United States,USA,2001,7.2807007
United States,USA,2002,7.373
United States,USA,2003,7.4759
United States,USA,2004,7.8328004
United States,USA,2005,7.4245005
United States,USA,2006,7.7313004
United States,USA,2007,8.091701
United States,USA,2008,7.6731005
United States,USA,2009,7.9413004
United States,USA,2010,7.5375004
United States,USA,2011,7.9209003
United States,USA,2012,8.3651
United States,USA,2013,8.6232
United States,USA,2014,8.4919
United States,USA,2015,8.372201
United States,USA,2016,8.112101
United States,USA,2017,8.4147005
United States,USA,2018,8.6213
United States,USA,2019,8.375901
United States,USA,2020,8.5401
United States,USA,2021,8.6416
United States,USA,2022,8.277801
United States,USA,2023,8.572801
United States,USA,2024,8.6841
Upper-middle-income countries,OWID_UMC,1961,1.9291509
Upper-middle-income countries,OWID_UMC,1962,2.113863
Upper-middle-income countries,OWID_UMC,1963,2.315657
Upper-middle-income countries,OWID_UMC,1964,2.4054134
Upper-middle-income countries,OWID_UMC,1965,2.4862258
Upper-middle-income countries,OWID_UMC,1966,2.5834646
Upper-middle-income countries,OWID_UMC,1967,2.568339
Upper-middle-income countries,OWID_UMC,1968,2.6512651
Upper-middle-income countries,OWID_UMC,1969,2.6467855
Upper-middle-income countries,OWID_UMC,1970,2.8787105
Upper-middle-income countries,OWID_UMC,1971,2.8329172
Upper-middle-income countries,OWID_UMC,1972,2.8057196
Upper-middle-income countries,OWID_UMC,1973,2.9568465
Upper-middle-income countries,OWID_UMC,1974,2.9869773
Upper-middle-income countries,OWID_UMC,1975,2.9704692
Upper-middle-income countries,OWID_UMC,1976,2.9484897
Upper-middle-income countries,OWID_UMC,1977,3.0022292
Upper-middle-income countries,OWID_UMC,1978,3.2461247
Upper-middle-income countries,OWID_UMC,1979,3.4071805
Upper-middle-income countries,OWID_UMC,1980,3.3767219
Upper-middle-income countries,OWID_UMC,1981,3.5053046
Upper-middle-income countries,OWID_UMC,1982,3.8656147
Upper-middle-income countries,OWID_UMC,1983,4.021845
Upper-middle-income countries,OWID_UMC,1984,4.1970353
Upper-middle-income countries,OWID_UMC,1985,4.149226
Upper-middle-income countries,OWID_UMC,1986,4.191193
Upper-middle-income countries,OWID_UMC,1987,4.206329
Upper-middle-income countries,OWID_UMC,1988,4.1662774
Upper-middle-income countries,OWID_UMC,1989,4.344539
Upper-middle-income countries,OWID_UMC,1990,4.5406938
Upper-middle-income countries,OWID_UMC,1991,4.547276
Upper-middle-income countries,OWID_UMC,1992,4.588361
Upper-middle-income countries,OWID_UMC,1993,4.6293983
Upper-middle-income countries,OWID_UMC,1994,4.625957
Upper-middle-income countries,OWID_UMC,1995,4.7555604
Upper-middle-income countries,OWID_UMC,1996,4.929835
Upper-middle-income countries,OWID_UMC,1997,4.988457
Upper-middle-income countries,OWID_UMC,1998,4.952653
Upper-middle-income countries,OWID_UMC,1999,4.9487624
Upper-middle-income countries,OWID_UMC,2000,4.938828
Upper-middle-income countries,OWID_UMC,2001,4.9197645
Upper-middle-income countries,OWID_UMC,2002,5.0013595
Upper-middle-income countries,OWID_UMC,2003,4.895742
Upper-middle-income countries,OWID_UMC,2004,5.0481157
Upper-middle-income countries,OWID_UMC,2005,5.0407577
Upper-middle-income countries,OWID_UMC,2006,5.113539
Upper-middle-income countries,OWID_UMC,2007,5.2033806
Upper-middle-income countries,OWID_UMC,2008,5.3442984
Upper-middle-income countries,OWID_UMC,2009,5.380477
Upper-middle-income countries,OWID_UMC,2010,5.300384
Upper-middle-income countries,OWID_UMC,2011,5.451329
Upper-middle-income countries,OWID_UMC,2012,5.5306425
Upper-middle-income countries,OWID_UMC,2013,5.5318046
Upper-middle-income countries,OWID_UMC,2014,5.5859323
Upper-middle-income countries,OWID_UMC,2015,5.733289
Upper-middle-income countries,OWID_UMC,2016,5.6711526
Upper-middle-income countries,OWID_UMC,2017,5.70824
Upper-middle-income countries,OWID_UMC,2018,5.7738547
Upper-middle-income countries,OWID_UMC,2019,5.763747
Upper-middle-income countries,OWID_UMC,2020,5.7560115
Upper-middle-income countries,OWID_UMC,2021,5.8120136
Upper-middle-income countries,OWID_UMC,2022,5.7779856
Upper-middle-income countries,OWID_UMC,2023,5.797688
Upper-middle-income countries,OWID_UMC,2024,5.814888
Uruguay,URY,1961,3.5408003
Uruguay,URY,1962,3.4126003
Uruguay,URY,1963,3.6687002
Uruguay,URY,1964,2.2930002
Uruguay,URY,1965,3.2708
Uruguay,URY,1966,2.7459
Uruguay,URY,1967,3.4029
Uruguay,URY,1968,3.3973002
Uruguay,URY,1969,3.9166002
Uruguay,URY,1970,3.8836002
Uruguay,URY,1971,3.8894
Uruguay,URY,1972,4.1095004
Uruguay,URY,1973,3.9640002
Uruguay,URY,1974,3.7023003
Uruguay,URY,1975,3.9540002
Uruguay,URY,1976,4.1378
Uruguay,URY,1977,4.0161004
Uruguay,URY,1978,3.8651004
Uruguay,URY,1979,4.1322002
Uruguay,URY,1980,4.2696004
Uruguay,URY,1981,5.3058
Uruguay,URY,1982,6.0315003
Uruguay,URY,1983,4.6057005
Uruguay,URY,1984,4.3133
Uruguay,URY,1985,4.9535003
Uruguay,URY,1986,4.7842
Uruguay,URY,1987,4.2253
Uruguay,URY,1988,4.7077003
Uruguay,URY,1989,5.6445003
Uruguay,URY,1990,4.4474
Uruguay,URY,1991,4.7767005
Uruguay,URY,1992,4.7557006
Uruguay,URY,1993,5.1717005
Uruguay,URY,1994,4.9158
Uruguay,URY,1995,5.5099
Uruguay,URY,1996,6.4684
Uruguay,URY,1997,6.5839005
Uruguay,URY,1998,5.0862
Uruguay,URY,1999,6.3830004
Uruguay,URY,2000,6.3840003
Uruguay,URY,2001,6.7037005
Uruguay,URY,2002,5.8632007
Uruguay,URY,2003,5.9042006
Uruguay,URY,2004,6.7712007
Uruguay,URY,2005,6.6005
Uruguay,URY,2006,7.2893
Uruguay,URY,2007,7.8796005
Uruguay,URY,2008,7.8989005
Uruguay,URY,2009,8.01
Uruguay,URY,2010,7.0954003
Uruguay,URY,2011,8.382701
Uruguay,URY,2012,7.8513002
Uruguay,URY,2013,7.881201
Uruguay,URY,2014,8.0544
Uruguay,URY,2015,8.6876
Uruguay,URY,2016,8.093801
Uruguay,URY,2017,8.5711
Uruguay,URY,2018,7.6786003
Uruguay,URY,2019,8.275901
Uruguay,URY,2020,8.617201
Uruguay,URY,2021,9.397
Uruguay,URY,2022,9.190701
Uruguay,URY,2023,9.3381
Uruguay,URY,2024,9.3516
Uzbekistan,UZB,1992,3.2029002
Uzbekistan,UZB,1993,3.2191002
Uzbekistan,UZB,1994,3.1622002
Uzbekistan,UZB,1995,1.9747001
Uzbekistan,UZB,1996,1.9249002
Uzbekistan,UZB,1997,2.1347
Uzbekistan,UZB,1998,2.5121002
Uzbekistan,UZB,1999,2.6973002
Uzbekistan,UZB,2000,3.5224001
Uzbekistan,UZB,2001,2.3256001
Uzbekistan,UZB,2002,2.8820002
Uzbekistan,UZB,2003,2.8992002
Uzbekistan,UZB,2004,2.8453002
Uzbekistan,UZB,2005,3.2717001
Uzbekistan,UZB,2006,3.6927001
Uzbekistan,UZB,2007,4.1208
Uzbekistan,UZB,2008,3.3639
Uzbekistan,UZB,2009,4.4656005
Uzbekistan,UZB,2010,3.6098003
Uzbekistan,UZB,2011,5.1843
Uzbekistan,UZB,2012,4.2689
Uzbekistan,UZB,2013,7.5773
Uzbekistan,UZB,2014,7.2971005
Uzbekistan,UZB,2015,6.0389004
Uzbekistan,UZB,2016,6.2956004
Uzbekistan,UZB,2017,5.5467005
Uzbekistan,UZB,2018,5.2464004
Uzbekistan,UZB,2019,4.8466005
Uzbekistan,UZB,2020,6.1877003
Uzbekistan,UZB,2021,6.8373003
Uzbekistan,UZB,2022,7.7533
Uzbekistan,UZB,2023,8.418301
Uzbekistan,UZB,2024,8.385401
Venezuela,VEN,1961,1.3799001
Venezuela,VEN,1962,1.4947001
Venezuela,VEN,1963,1.7791001
Venezuela,VEN,1964,1.8271
Venezuela,VEN,1965,1.9020001
Venezuela,VEN,1966,1.7723001
Venezuela,VEN,1967,1.9512
Venezuela,VEN,1968,2.1232
Venezuela,VEN,1969,2.0563002
Venezuela,VEN,1970,1.7369001
Venezuela,VEN,1971,1.3588002
Venezuela,VEN,1972,2.5207
Venezuela,VEN,1973,2.6709
Venezuela,VEN,1974,2.528
Venezuela,VEN,1975,3.1962001
Venezuela,VEN,1976,3.085
Venezuela,VEN,1977,2.9910002
Venezuela,VEN,1978,3.019
Venezuela,VEN,1979,3.1192
Venezuela,VEN,1980,3.0759
Venezuela,VEN,1981,2.8005002
Venezuela,VEN,1982,2.6756003
Venezuela,VEN,1983,2.7339
Venezuela,VEN,1984,2.6998003
Venezuela,VEN,1985,2.6095002
Venezuela,VEN,1986,2.5900002
Venezuela,VEN,1987,2.7350001
Venezuela,VEN,1988,2.8352
Venezuela,VEN,1989,4.4507003
Venezuela,VEN,1990,4.3135004
Venezuela,VEN,1991,4.0227003
Venezuela,VEN,1992,3.92
Venezuela,VEN,1993,4.6582003
Venezuela,VEN,1994,4.4085
Venezuela,VEN,1995,4.2662005
Venezuela,VEN,1996,4.5
Venezuela,VEN,1997,4.5807004
Venezuela,VEN,1998,4.6167006
Venezuela,VEN,1999,4.8345003
Venezuela,VEN,2000,4.8970003
Venezuela,VEN,2001,4.9355
Venezuela,VEN,2002,4.9754
Venezuela,VEN,2003,4.9408
Venezuela,VEN,2004,4.9003
Venezuela,VEN,2005,4.651
Venezuela,VEN,2006,4.9503
Venezuela,VEN,2007,5.0514
Venezuela,VEN,2008,5.0466003
Venezuela,VEN,2009,4.7928
Venezuela,VEN,2010,4.9851003
Venezuela,VEN,2011,5.3722005
Venezuela,VEN,2012,4.9924
Venezuela,VEN,2013,5.0436006
Venezuela,VEN,2014,5.1106005
Venezuela,VEN,2015,4.7398
Venezuela,VEN,2016,3.9534001
Venezuela,VEN,2017,3.4898002
Venezuela,VEN,2018,2.8747
Venezuela,VEN,2019,3.4393003
Venezuela,VEN,2020,4.0643
Venezuela,VEN,2021,3.1928003
Venezuela,VEN,2022,4.7373
Venezuela,VEN,2023,4.5620003
Venezuela,VEN,2024,4.4845004
Vietnam,VNM,1961,1.8966
Vietnam,VNM,1962,1.9937
Vietnam,VNM,1963,2.14
Vietnam,VNM,1964,1.9441
Vietnam,VNM,1965,1.9414002
Vietnam,VNM,1966,1.8079001
Vietnam,VNM,1967,1.9159001
Vietnam,VNM,1968,1.7095001
Vietnam,VNM,1969,1.7880001
Vietnam,VNM,1970,2.1534
Vietnam,VNM,1971,2.2265
Vietnam,VNM,1972,2.1935
Vietnam,VNM,1973,2.2117
Vietnam,VNM,1974,2.1564
Vietnam,VNM,1975,2.1198
Vietnam,VNM,1976,2.2327
Vietnam,VNM,1977,1.9378002
Vietnam,VNM,1978,1.7922001
Vietnam,VNM,1979,2.0716002
Vietnam,VNM,1980,2.0798001
Vietnam,VNM,1981,2.1966002
Vietnam,VNM,1982,2.5194001
Vietnam,VNM,1983,2.6272001
Vietnam,VNM,1984,2.7323003
Vietnam,VNM,1985,2.7761002
Vietnam,VNM,1986,2.8060002
Vietnam,VNM,1987,2.6954
Vietnam,VNM,1988,2.9613001
Vietnam,VNM,1989,3.2136002
Vietnam,VNM,1990,3.1815002
Vietnam,VNM,1991,3.1133
Vietnam,VNM,1992,3.3342001
Vietnam,VNM,1993,3.4815001
Vietnam,VNM,1994,3.5657
Vietnam,VNM,1995,3.6898003
Vietnam,VNM,1996,3.7689002
Vietnam,VNM,1997,3.8768003
Vietnam,VNM,1998,4.0007
Vietnam,VNM,1999,4.1018
Vietnam,VNM,2000,4.2432003
Vietnam,VNM,2001,4.2853
Vietnam,VNM,2002,4.5903
Vietnam,VNM,2003,4.6387005
Vietnam,VNM,2004,4.8553
Vietnam,VNM,2005,4.8891006
Vietnam,VNM,2006,4.8943
Vietnam,VNM,2007,4.9869003
Vietnam,VNM,2008,5.2336
Vietnam,VNM,2009,5.2372003
Vietnam,VNM,2010,5.3416004
Vietnam,VNM,2011,5.5383
Vietnam,VNM,2012,5.6353
Vietnam,VNM,2013,5.5726004
Vietnam,VNM,2014,5.7538
Vietnam,VNM,2015,5.7597003
Vietnam,VNM,2016,5.5738
Vietnam,VNM,2017,5.5476003
Vietnam,VNM,2018,5.8180003
Vietnam,VNM,2019,5.8371005
Vietnam,VNM,2020,5.9212003
Vietnam,VNM,2021,6.0740004
Vietnam,VNM,2022,6.018
Vietnam,VNM,2023,6.1135
Vietnam,VNM,2024,6.1517005
Western Africa (FAO),,1961,0.93420005
Western Africa (FAO),,1962,1.0229001
Western Africa (FAO),,1963,1.0793
Western Africa (FAO),,1964,1.0638001
Western Africa (FAO),,1965,1.0778002
Western Africa (FAO),,1966,1.2089001
Western Africa (FAO),,1967,1.2755
Western Africa (FAO),,1968,1.2749001
Western Africa (FAO),,1969,1.3282
Western Africa (FAO),,1970,1.2528001
Western Africa (FAO),,1971,1.2785001
Western Africa (FAO),,1972,1.3005
Western Africa (FAO),,1973,1.2392
Western Africa (FAO),,1974,1.4154001
Western Africa (FAO),,1975,1.4075
Western Africa (FAO),,1976,1.3005
Western Africa (FAO),,1977,1.3094001
Western Africa (FAO),,1978,1.3874
Western Africa (FAO),,1979,1.3404001
Western Africa (FAO),,1980,1.4156001
Western Africa (FAO),,1981,1.4846001
Western Africa (FAO),,1982,1.4820001
Western Africa (FAO),,1983,1.4562
Western Africa (FAO),,1984,1.5500001
Western Africa (FAO),,1985,1.5887
Western Africa (FAO),,1986,1.5778002
Western Africa (FAO),,1987,1.6840001
Western Africa (FAO),,1988,1.621
Western Africa (FAO),,1989,1.6839001
Western Africa (FAO),,1990,1.6884001
Western Africa (FAO),,1991,1.6783001
Western Africa (FAO),,1992,1.6753001
Western Africa (FAO),,1993,1.7536
Western Africa (FAO),,1994,1.4463001
Western Africa (FAO),,1995,1.5463002
Western Africa (FAO),,1996,1.7062
Western Africa (FAO),,1997,1.5877
Western Africa (FAO),,1998,1.6547
Western Africa (FAO),,1999,1.6687
Western Africa (FAO),,2000,1.6528001
Western Africa (FAO),,2001,1.5306001
Western Africa (FAO),,2002,1.5242001
Western Africa (FAO),,2003,1.5958002
Western Africa (FAO),,2004,1.5725001
Western Africa (FAO),,2005,1.6215001
Western Africa (FAO),,2006,1.6793001
Western Africa (FAO),,2007,1.5973002
Western Africa (FAO),,2008,1.9857
Western Africa (FAO),,2009,2.0382001
Western Africa (FAO),,2010,1.8518001
Western Africa (FAO),,2011,1.9433001
Western Africa (FAO),,2012,1.9366001
Western Africa (FAO),,2013,2.0035
Western Africa (FAO),,2014,2.0614
Western Africa (FAO),,2015,2.0478
Western Africa (FAO),,2016,2.0318
Western Africa (FAO),,2017,2.059
Western Africa (FAO),,2018,2.0218
Western Africa (FAO),,2019,2.1573002
Western Africa (FAO),,2020,2.1455002
Western Africa (FAO),,2021,2.1251001
Western Africa (FAO),,2022,2.1188002
Western Africa (FAO),,2023,2.1436002
Western Africa (FAO),,2024,2.1619
Western Asia (FAO),,1961,3.5804
Western Asia (FAO),,1962,3.2017002
Western Asia (FAO),,1963,3.2655
Western Asia (FAO),,1964,3.4916003
Western Asia (FAO),,1965,3.4049
Western Asia (FAO),,1966,3.3143003
Western Asia (FAO),,1967,3.3597002
Western Asia (FAO),,1968,3.5862002
Western Asia (FAO),,1969,3.2493002
Western Asia (FAO),,1970,3.1621003
Western Asia (FAO),,1971,3.4282
Western Asia (FAO),,1972,3.2491002
Western Asia (FAO),,1973,3.4109
Western Asia (FAO),,1974,3.5709
Western Asia (FAO),,1975,3.6792002
Western Asia (FAO),,1976,4.0031004
Western Asia (FAO),,1977,3.8994
Western Asia (FAO),,1978,3.9158003
Western Asia (FAO),,1979,3.9803002
Western Asia (FAO),,1980,3.7699
Western Asia (FAO),,1981,3.8682
Western Asia (FAO),,1982,3.8038003
Western Asia (FAO),,1983,3.5789
Western Asia (FAO),,1984,3.7704
Western Asia (FAO),,1985,3.7302
Western Asia (FAO),,1986,3.9565003
Western Asia (FAO),,1987,3.8286002
Western Asia (FAO),,1988,3.9736004
Western Asia (FAO),,1989,4.0491004
Western Asia (FAO),,1990,3.6547
Western Asia (FAO),,1991,3.0808003
Western Asia (FAO),,1992,2.8503
Western Asia (FAO),,1993,2.7701
Western Asia (FAO),,1994,2.8693001
Western Asia (FAO),,1995,2.5078
Western Asia (FAO),,1996,3.1538002
Western Asia (FAO),,1997,2.9707
Western Asia (FAO),,1998,3.2927
Western Asia (FAO),,1999,2.6988
Western Asia (FAO),,2000,2.6637
Western Asia (FAO),,2001,3.1106002
Western Asia (FAO),,2002,3.8354
Western Asia (FAO),,2003,4.8826003
Western Asia (FAO),,2004,4.6726003
Western Asia (FAO),,2005,4.723
Western Asia (FAO),,2006,4.7085004
Western Asia (FAO),,2007,4.7675004
Western Asia (FAO),,2008,5.4167004
Western Asia (FAO),,2009,6.058
Western Asia (FAO),,2010,6.8634005
Western Asia (FAO),,2011,6.8237004
Western Asia (FAO),,2012,6.2000003
Western Asia (FAO),,2013,6.5063
Western Asia (FAO),,2014,6.5491004
Western Asia (FAO),,2015,7.2966003
Western Asia (FAO),,2016,7.0809
Western Asia (FAO),,2017,6.9972005
Western Asia (FAO),,2018,7.4791
Western Asia (FAO),,2019,6.1408
Western Asia (FAO),,2020,6.3142004
Western Asia (FAO),,2021,6.2577004
Western Asia (FAO),,2022,7.6136003
Western Asia (FAO),,2023,7.7952003
Western Asia (FAO),,2024,6.8418
Western Europe (FAO),,1961,4.0512
Western Europe (FAO),,1962,4.1875
Western Europe (FAO),,1963,3.9753003
Western Europe (FAO),,1964,4.0610003
Western Europe (FAO),,1965,3.2935002
Western Europe (FAO),,1966,3.6562002
Western Europe (FAO),,1967,4.3027005
Western Europe (FAO),,1968,3.4635003
Western Europe (FAO),,1969,4.1631002
Western Europe (FAO),,1970,4.2177005
Western Europe (FAO),,1971,3.7876003
Western Europe (FAO),,1972,2.3156002
Western Europe (FAO),,1973,4.3604
Western Europe (FAO),,1974,3.3966002
Western Europe (FAO),,1975,4.1569
Western Europe (FAO),,1976,3.8974001
Western Europe (FAO),,1977,2.1721003
Western Europe (FAO),,1978,3.2558002
Western Europe (FAO),,1979,4.3478
Western Europe (FAO),,1980,3.8333
Western Europe (FAO),,1981,3.7925003
Western Europe (FAO),,1982,5.0185003
Western Europe (FAO),,1983,5.4286003
Western Europe (FAO),,1984,3.8696003
Western Europe (FAO),,1985,5.4964004
Western Europe (FAO),,1986,5.1299
Western Europe (FAO),,1987,4.9782004
Western Europe (FAO),,1988,5.2243
Western Europe (FAO),,1989,6.0368
Western Europe (FAO),,1990,5.9461
Western Europe (FAO),,1991,5.3273
Western Europe (FAO),,1992,5.2448
Western Europe (FAO),,1993,4.9628
Western Europe (FAO),,1994,4.57
Western Europe (FAO),,1995,4.8627005
Western Europe (FAO),,1996,5.2455
Western Europe (FAO),,1997,5.8919
Western Europe (FAO),,1998,5.8281
Western Europe (FAO),,1999,6.0915003
Western Europe (FAO),,2000,5.8358
Western Europe (FAO),,2001,5.3603
Western Europe (FAO),,2002,5.6910005
Western Europe (FAO),,2003,5.6052003
Western Europe (FAO),,2004,5.7098002
Western Europe (FAO),,2005,5.7314
Western Europe (FAO),,2006,5.4756002
Western Europe (FAO),,2007,4.6354003
Western Europe (FAO),,2008,5.7599
Western Europe (FAO),,2009,5.7406006
Western Europe (FAO),,2010,5.0432005
Western Europe (FAO),,2011,5.6263
Western Europe (FAO),,2012,5.5947003
Western Europe (FAO),,2013,3.9400003
Western Europe (FAO),,2014,4.9784
Western Europe (FAO),,2015,5.0014
Western Europe (FAO),,2016,4.8045
Western Europe (FAO),,2017,5.3971004
Western Europe (FAO),,2018,5.3788
Western Europe (FAO),,2019,5.4682007
Western Europe (FAO),,2020,5.2696004
Western Europe (FAO),,2021,5.182
Western Europe (FAO),,2022,5.4830003
Western Europe (FAO),,2023,5.6328
Western Europe (FAO),,2024,5.3383
World,OWID_WRL,1961,1.8693001
World,OWID_WRL,1962,1.8958001
World,OWID_WRL,1963,2.0567
World,OWID_WRL,1964,2.1025002
World,OWID_WRL,1965,2.0353003
World,OWID_WRL,1966,2.0781002
World,OWID_WRL,1967,2.1749
World,OWID_WRL,1968,2.2328002
World,OWID_WRL,1969,2.2540002
World,OWID_WRL,1970,2.3808002
World,OWID_WRL,1971,2.3619
World,OWID_WRL,1972,2.3245
World,OWID_WRL,1973,2.4524
World,OWID_WRL,1974,2.4251003
World,OWID_WRL,1975,2.5186002
World,OWID_WRL,1976,2.4509
World,OWID_WRL,1977,2.5718002
World,OWID_WRL,1978,2.6843002
World,OWID_WRL,1979,2.6591003
World,OWID_WRL,1980,2.7482002
World,OWID_WRL,1981,2.8272002
World,OWID_WRL,1982,2.9804
World,OWID_WRL,1983,3.1367002
World,OWID_WRL,1984,3.2261002
World,OWID_WRL,1985,3.2570002
World,OWID_WRL,1986,3.2441003
World,OWID_WRL,1987,3.2651002
World,OWID_WRL,1988,3.3296003
World,OWID_WRL,1989,3.4541004
World,OWID_WRL,1990,3.5286002
World,OWID_WRL,1991,3.5321002
World,OWID_WRL,1992,3.5954
World,OWID_WRL,1993,3.6235
World,OWID_WRL,1994,3.6683002
World,OWID_WRL,1995,3.6553001
World,OWID_WRL,1996,3.7008002
World,OWID_WRL,1997,3.8119001
World,OWID_WRL,1998,3.7968001
World,OWID_WRL,1999,3.9067001
World,OWID_WRL,2000,3.8783002
World,OWID_WRL,2001,3.9512002
World,OWID_WRL,2002,3.8746002
World,OWID_WRL,2003,3.9453003
World,OWID_WRL,2004,4.0222
World,OWID_WRL,2005,4.0806003
World,OWID_WRL,2006,4.1253
World,OWID_WRL,2007,4.2114
World,OWID_WRL,2008,4.3127003
World,OWID_WRL,2009,4.3327003
World,OWID_WRL,2010,4.3091
World,OWID_WRL,2011,4.4523
World,OWID_WRL,2012,4.5251
World,OWID_WRL,2013,4.5129004
World,OWID_WRL,2014,4.5252004
World,OWID_WRL,2015,4.5556
World,OWID_WRL,2016,4.5532002
World,OWID_WRL,2017,4.585
World,OWID_WRL,2018,4.6538
World,OWID_WRL,2019,4.6874003
World,OWID_WRL,2020,4.6916003
World,OWID_WRL,2021,4.7445
World,OWID_WRL,2022,4.7181005
World,OWID_WRL,2023,4.7640004
World,OWID_WRL,2024,4.7573
Yugoslavia,OWID_YGS,1961,3.4875002
Yugoslavia,OWID_YGS,1962,4.1577005
Yugoslavia,OWID_YGS,1963,3.8322
Yugoslavia,OWID_YGS,1964,3.8863003
Yugoslavia,OWID_YGS,1965,4.1980004
Yugoslavia,OWID_YGS,1966,4.5276003
Yugoslavia,OWID_YGS,1967,4.6437006
Yugoslavia,OWID_YGS,1968,3.5600002
Yugoslavia,OWID_YGS,1969,4.0307
Yugoslavia,OWID_YGS,1970,4.1403
Yugoslavia,OWID_YGS,1971,4.5872006
Yugoslavia,OWID_YGS,1972,4.3509
Yugoslavia,OWID_YGS,1973,4.5552006
Yugoslavia,OWID_YGS,1974,4.4028
Yugoslavia,OWID_YGS,1975,4.578
Yugoslavia,OWID_YGS,1976,2.7909
Yugoslavia,OWID_YGS,1977,4.3812003
Yugoslavia,OWID_YGS,1978,4.1317005
Yugoslavia,OWID_YGS,1979,4.1134
Yugoslavia,OWID_YGS,1980,4.9267006
Yugoslavia,OWID_YGS,1981,4.7782006
Yugoslavia,OWID_YGS,1982,4.8154
Yugoslavia,OWID_YGS,1983,4.3687005
Yugoslavia,OWID_YGS,1984,3.9977002
Yugoslavia,OWID_YGS,1985,3.9977002
Yugoslavia,OWID_YGS,1986,5.1073003
Yugoslavia,OWID_YGS,1987,5.0749
Yugoslavia,OWID_YGS,1988,4.1116004
Yugoslavia,OWID_YGS,1989,4.537
Yugoslavia,OWID_YGS,1990,3.1065001
Yugoslavia,OWID_YGS,1991,4.3144
Zambia,ZMB,1968,0.393
Zambia,ZMB,1969,0.41210002
Zambia,ZMB,1970,0.4079
Zambia,ZMB,1971,0.5529001
Zambia,ZMB,1972,0.7465
Zambia,ZMB,1973,0.5622
Zambia,ZMB,1974,0.7139
Zambia,ZMB,1975,1.0308001
Zambia,ZMB,1976,1.0792
Zambia,ZMB,1977,0.84550005
Zambia,ZMB,1978,0.76970005
Zambia,ZMB,1979,0.59740007
Zambia,ZMB,1980,0.43390003
Zambia,ZMB,1981,0.49850002
Zambia,ZMB,1982,0.89050007
Zambia,ZMB,1983,1.3731
Zambia,ZMB,1984,1.0608001
Zambia,ZMB,1985,1.0497
Zambia,ZMB,1986,1.0772
Zambia,ZMB,1987,0.9486
Zambia,ZMB,1988,0.91580003
Zambia,ZMB,1989,0.91590005
Zambia,ZMB,1990,0.9664001
Zambia,ZMB,1991,1.0857
Zambia,ZMB,1992,0.57640004
Zambia,ZMB,1993,1.0138
Zambia,ZMB,1994,0.8859001
Zambia,ZMB,1995,1.2426001
Zambia,ZMB,1996,1.3447
Zambia,ZMB,1997,1.0049001
Zambia,ZMB,1998,0.7059001
Zambia,ZMB,1999,0.91190004
Zambia,ZMB,2000,1.1333001
Zambia,ZMB,2001,1.2562
Zambia,ZMB,2002,1.2562
Zambia,ZMB,2003,1.4416001
Zambia,ZMB,2004,1.7749001
Zambia,ZMB,2005,1.2864001
Zambia,ZMB,2006,0.97260004
Zambia,ZMB,2007,1.5126001
Zambia,ZMB,2008,1.3833001
Zambia,ZMB,2009,1.639
Zambia,ZMB,2010,1.6778002
Zambia,ZMB,2011,1.7974001
Zambia,ZMB,2012,1.7255001
Zambia,ZMB,2013,1.4151001
Zambia,ZMB,2014,1.4949001
Zambia,ZMB,2015,1.4248002
Zambia,ZMB,2016,1.2077
Zambia,ZMB,2017,1.2992
Zambia,ZMB,2018,1.4214001
Zambia,ZMB,2019,1.2038001
Zambia,ZMB,2020,1.3989
Zambia,ZMB,2021,1.4893001
Zambia,ZMB,2022,1.5735
Zambia,ZMB,2023,1.2685001
Zambia,ZMB,2024,1.0606
Zimbabwe,ZWE,1961,1
Zimbabwe,ZWE,1962,1
Zimbabwe,ZWE,1963,1.2700001
Zimbabwe,ZWE,1964,1.3000001
Zimbabwe,ZWE,1965,1.3000001
Zimbabwe,ZWE,1966,1.3000001
Zimbabwe,ZWE,1967,1.3953001
Zimbabwe,ZWE,1968,1.5217
Zimbabwe,ZWE,1969,1.6
Zimbabwe,ZWE,1970,1.7834
Zimbabwe,ZWE,1971,1.1538001
Zimbabwe,ZWE,1972,0.95000005
Zimbabwe,ZWE,1973,0.66670007
Zimbabwe,ZWE,1974,0.6
Zimbabwe,ZWE,1975,0.5012
Zimbabwe,ZWE,1976,0.46390003
Zimbabwe,ZWE,1977,0.47160003
Zimbabwe,ZWE,1978,0.5771
Zimbabwe,ZWE,1979,0.5833
Zimbabwe,ZWE,1980,0.5833
Zimbabwe,ZWE,1981,0.59740007
Zimbabwe,ZWE,1982,0.2608
Zimbabwe,ZWE,1983,0.328
Zimbabwe,ZWE,1984,1.4380001
Zimbabwe,ZWE,1985,1.4300001
Zimbabwe,ZWE,1986,2.91
Zimbabwe,ZWE,1987,2.8744001
Zimbabwe,ZWE,1988,2.6000001
Zimbabwe,ZWE,1989,2.6847
Zimbabwe,ZWE,1990,2.3400002
Zimbabwe,ZWE,1991,2.25
Zimbabwe,ZWE,1992,2.2222002
Zimbabwe,ZWE,1993,2.5
Zimbabwe,ZWE,1994,2.2549
Zimbabwe,ZWE,1995,2.1768003
Zimbabwe,ZWE,1996,2.0946002
Zimbabwe,ZWE,1997,2.0076
Zimbabwe,ZWE,1998,2
Zimbabwe,ZWE,1999,1.8173001
Zimbabwe,ZWE,2000,1.7151
Zimbabwe,ZWE,2001,1.6099001
Zimbabwe,ZWE,2002,1.5019001
Zimbabwe,ZWE,2003,1.3920001
Zimbabwe,ZWE,2004,1.2815001
Zimbabwe,ZWE,2005,1.1698002
Zimbabwe,ZWE,2006,1.0591
Zimbabwe,ZWE,2007,0.95040005
Zimbabwe,ZWE,2008,0.8446
Zimbabwe,ZWE,2009,0.7422001
Zimbabwe,ZWE,2010,0.6438
Zimbabwe,ZWE,2011,0.5497
Zimbabwe,ZWE,2012,0.37910002
Zimbabwe,ZWE,2013,0.39990002
Zimbabwe,ZWE,2014,0.34260002
Zimbabwe,ZWE,2015,0.30650002
Zimbabwe,ZWE,2016,0.3428
Zimbabwe,ZWE,2017,0.3745
Zimbabwe,ZWE,2018,0.40250003
Zimbabwe,ZWE,2019,0.44840002
Zimbabwe,ZWE,2020,0.6141
Zimbabwe,ZWE,2021,0.83900005
Zimbabwe,ZWE,2022,0.49310002
Zimbabwe,ZWE,2023,0.49310002
Zimbabwe,ZWE,2024,0.32870004